5/1/2007,-7.88,0.1646944444444444
5/2/2007,-7.339322581,0.1646944444444444
5/3/2007,-6.798645161,0.1646944444444444
5/4/2007,-6.257967742,0.1646944444444444
5/5/2007,-5.717290323,0.1646944444444444
5/6/2007,-5.176612903,0.1646944444444444
5/7/2007,-4.635935484,0.1646944444444444
5/8/2007,-4.095258065,0.1646944444444444
5/9/2007,-3.554580645,0.1646944444444444
5/10/2007,-3.013903226,0.1646944444444444
5/11/2007,-2.473225806,0.1646944444444444
5/12/2007,-1.932548387,0.1646944444444444
5/13/2007,-1.391870968,0.1646944444444444
5/14/2007,-0.851193548,0.1646944444444444
5/15/2007,-0.310516129,0.1646944444444444
5/16/2007,0.23016129032258004,0.1646944444444444
5/17/2007,0.7708387096774194,0.1646944444444444
5/18/2007,1.3115161290322588,0.1646944444444444
5/19/2007,1.8521935483870964,0.1646944444444444
5/20/2007,2.3928709677419358,0.1646944444444444
5/21/2007,2.9335483870967733,0.1646944444444444
5/22/2007,3.4742258064516127,0.1646944444444444
5/23/2007,4.014903225806452,0.1646944444444444
5/24/2007,4.555580645,0.1646944444444444
5/25/2007,5.096258064516129,0.1646944444444444
5/26/2007,5.636935483870968,0.1646944444444444
5/27/2007,6.177612903225806,0.1646944444444444
5/28/2007,6.718290322580645,0.1646944444444444
5/29/2007,7.258967741935485,0.1646944444444444
5/30/2007,7.799645161290322,0.1646944444444444
5/31/2007,8.340322581,0.1646944444444444
6/1/2007,8.881,0.1646944444444444
6/2/2007,8.988666666666667,0.1646944444444444
6/3/2007,9.096333333333334,0.1646944444444444
6/4/2007,9.204,0.1646944444444444
6/5/2007,9.311666666666667,0.1646944444444444
6/6/2007,9.419333333333334,0.1646944444444444
6/7/2007,9.527000000000001,0.1646944444444444
6/8/2007,9.634666666666668,0.1646944444444444
6/9/2007,9.742333333333333,0.1646944444444444
6/10/2007,9.85,0.1646944444444444
6/11/2007,9.957666666666666,0.1646944444444444
6/12/2007,10.065333333333333,0.1646944444444444
6/13/2007,10.173,0.1646944444444444
6/14/2007,10.280666666666667,0.1646944444444444
6/15/2007,10.388333333333334,0.1646944444444444
6/16/2007,10.496,0.1646944444444444
6/17/2007,10.603666666666667,0.1646944444444444
6/18/2007,10.711333333333334,0.1646944444444444
6/19/2007,10.819,0.1646944444444444
6/20/2007,10.926666666666668,0.1646944444444444
6/21/2007,11.034333333333333,0.1646944444444444
6/22/2007,11.142,0.1646944444444444
6/23/2007,11.249666666666666,0.1646944444444444
6/24/2007,11.357333333333333,0.1646944444444444
6/25/2007,11.465,0.1646944444444444
6/26/2007,11.572666666666667,0.1646944444444444
6/27/2007,11.680333333333333,0.1646944444444444
6/28/2007,11.788,0.1646944444444444
6/29/2007,11.895666666666667,0.1646944444444444
6/30/2007,12.003333333333334,0.1646944444444444
7/1/2007,12.111,0.1646944444444444
7/2/2007,12.02241935483871,0.1646944444444444
7/3/2007,11.93383870967742,0.1646944444444444
7/4/2007,11.84525806451613,0.1646944444444444
7/5/2007,11.756677419354839,0.1646944444444444
7/6/2007,11.668096774193549,0.1646944444444444
7/7/2007,11.579516129032259,0.1646944444444444
7/8/2007,11.490935483870969,0.1646944444444444
7/9/2007,11.402354838709678,0.1646944444444444
7/10/2007,11.313774193548387,0.1646944444444444
7/11/2007,11.225193548387097,0.1646944444444444
7/12/2007,11.136612903225807,0.1646944444444444
7/13/2007,11.048032258064516,0.1646944444444444
7/14/2007,10.959451612903226,0.1646944444444444
7/15/2007,10.870870967741936,0.1646944444444444
7/16/2007,10.782290322580646,0.1646944444444444
7/17/2007,10.693709677419355,0.1646944444444444
7/18/2007,10.605129032258064,0.1646944444444444
7/19/2007,10.516548387096774,0.1646944444444444
7/20/2007,10.427967741935484,0.1646944444444444
7/21/2007,10.339387096774194,0.1646944444444444
7/22/2007,10.250806451612902,0.1646944444444444
7/23/2007,10.162225806451612,0.1646944444444444
7/24/2007,10.073645161290322,0.1646944444444444
7/25/2007,9.985064516129032,0.1646944444444444
7/26/2007,9.896483870967742,0.1646944444444444
7/27/2007,9.807903225806452,0.1646944444444444
7/28/2007,9.719322580645162,0.1646944444444444
7/29/2007,9.630741935483872,0.1646944444444444
7/30/2007,9.54216129,0.1646944444444444
7/31/2007,9.453580645,0.1646944444444444
8/1/2007,9.365,0.1646944444444444
8/2/2007,9.140193548387098,0.1646944444444444
8/3/2007,8.915387096774193,0.1646944444444444
8/4/2007,8.690580645,0.1646944444444444
8/5/2007,8.465774193548388,0.1646944444444444
8/6/2007,8.240967741935485,0.1646944444444444
8/7/2007,8.01616129,0.1646944444444444
8/8/2007,7.791354838709678,0.1646944444444444
8/9/2007,7.566548387096774,0.1646944444444444
8/10/2007,7.341741935483871,0.1646944444444444
8/11/2007,7.116935483870968,0.1646944444444444
8/12/2007,6.892129032258064,0.1646944444444444
8/13/2007,6.667322580645161,0.1646944444444444
8/14/2007,6.442516129032258,0.1646944444444444
8/15/2007,6.2177096774193545,0.1646944444444444
8/16/2007,5.992903225806451,0.1646944444444444
8/17/2007,5.768096774193548,0.1646944444444444
8/18/2007,5.543290322580646,0.1646944444444444
8/19/2007,5.318483870967742,0.1646944444444444
8/20/2007,5.093677419354838,0.1646944444444444
8/21/2007,4.868870967741936,0.1646944444444444
8/22/2007,4.644064516129032,0.1646944444444444
8/23/2007,4.419258064516129,0.1646944444444444
8/24/2007,4.194451612903226,0.1646944444444444
8/25/2007,3.9696451612903223,0.1646944444444444
8/26/2007,3.7448387096774187,0.1646944444444444
8/27/2007,3.520032258064516,0.1646944444444444
8/28/2007,3.2952258064516124,0.1646944444444444
8/29/2007,3.070419354838709,0.1646944444444444
8/30/2007,2.845612903225806,0.1646944444444444
8/31/2007,2.6208064516129026,0.1646944444444444
9/1/2007,2.396,0.1646944444444444
9/2/2007,1.9206666666666665,0.1646944444444444
9/3/2007,1.4453333333333331,0.1646944444444444
9/4/2007,0.9699999999999998,0.1646944444444444
9/5/2007,0.49466666666666637,0.1646944444444444
9/6/2007,0.019333333,0.1646944444444444
9/7/2007,-0.456,0.1646944444444444
9/8/2007,-0.931333333,0.1646944444444444
9/9/2007,-1.406666667,0.1646944444444444
9/10/2007,-1.882,0.1646944444444444
9/11/2007,-2.357333333,0.1646944444444444
9/12/2007,-2.832666667,0.1646944444444444
9/13/2007,-3.308,0.1646944444444444
9/14/2007,-3.783333333,0.1646944444444444
9/15/2007,-4.258666667,0.1646944444444444
9/16/2007,-4.734,0.1646944444444444
9/17/2007,-5.209333333,0.1646944444444444
9/18/2007,-5.684666667,0.1646944444444444
9/19/2007,-6.16,0.1646944444444444
9/20/2007,-6.635333333,0.1646944444444444
9/21/2007,-7.110666667,0.1646944444444444
9/22/2007,-7.586,0.1646944444444444
9/23/2007,-8.061333333,0.1646944444444444
9/24/2007,-8.536666667,0.1646944444444444
9/25/2007,-9.012,0.1646944444444444
9/26/2007,-9.487333333,0.1646944444444444
9/27/2007,-9.962666667,0.1646944444444444
9/28/2007,-10.438,0.1646944444444444
9/29/2007,-10.91333333,0.1646944444444444
9/30/2007,-11.38866667,0.1646944444444444
10/1/2007,-11.864,0.1646944444444444
10/2/2007,-11.95209677,0.1646944444444444
10/3/2007,-12.04019355,0.1646944444444444
10/4/2007,-12.12829032,0.1646944444444444
10/5/2007,-12.2163871,0.1646944444444444
10/6/2007,-12.30448387,0.1646944444444444
10/7/2007,-12.39258065,0.1646944444444444
10/8/2007,-12.48067742,0.1646944444444444
10/9/2007,-12.56877419,0.1646944444444444
10/10/2007,-12.65687097,0.1646944444444444
10/11/2007,-12.74496774,0.1646944444444444
10/12/2007,-12.83306452,0.1646944444444444
10/13/2007,-12.92116129,0.1646944444444444
10/14/2007,-13.00925806,0.1646944444444444
10/15/2007,-13.09735484,0.1646944444444444
10/16/2007,-13.18545161,0.1646944444444444
10/17/2007,-13.27354839,0.1646944444444444
10/18/2007,-13.36164516,0.1646944444444444
10/19/2007,-13.44974194,0.1646944444444444
10/20/2007,-13.53783871,0.1646944444444444
10/21/2007,-13.62593548,0.1646944444444444
10/22/2007,-13.71403226,0.1646944444444444
10/23/2007,-13.80212903,0.1646944444444444
10/24/2007,-13.89022581,0.1646944444444444
10/25/2007,-13.97832258,0.1646944444444444
10/26/2007,-14.06641935,0.1646944444444444
10/27/2007,-14.15451613,0.1646944444444444
10/28/2007,-14.2426129,0.1646944444444444
10/29/2007,-14.33070968,0.1646944444444444
10/30/2007,-14.41880645,0.1646944444444444
10/31/2007,-14.50690323,0.1646944444444444
11/1/2007,-14.595,0.1646944444444444
11/2/2007,-14.8314,0.1646944444444444
11/3/2007,-15.0678,0.1646944444444444
11/4/2007,-15.3042,0.1646944444444444
11/5/2007,-15.5406,0.1646944444444444
11/6/2007,-15.777,0.1646944444444444
11/7/2007,-16.0134,0.1646944444444444
11/8/2007,-16.2498,0.1646944444444444
11/9/2007,-16.4862,0.1646944444444444
11/10/2007,-16.7226,0.1646944444444444
11/11/2007,-16.959,0.1646944444444444
11/12/2007,-17.1954,0.1646944444444444
11/13/2007,-17.4318,0.1646944444444444
11/14/2007,-17.6682,0.1646944444444444
11/15/2007,-17.9046,0.1646944444444444
11/16/2007,-18.141,0.1646944444444444
11/17/2007,-18.3774,0.1646944444444444
11/18/2007,-18.6138,0.1646944444444444
11/19/2007,-18.8502,0.1646944444444444
11/20/2007,-19.0866,0.1646944444444444
11/21/2007,-19.323,0.1646944444444444
11/22/2007,-19.5594,0.1646944444444444
11/23/2007,-19.7958,0.1646944444444444
11/24/2007,-20.0322,0.1646944444444444
11/25/2007,-20.2686,0.1646944444444444
11/26/2007,-20.505,0.1646944444444444
11/27/2007,-20.7414,0.1646944444444444
11/28/2007,-20.9778,0.1646944444444444
11/29/2007,-21.2142,0.1646944444444444
11/30/2007,-21.4506,0.1646944444444444
12/1/2007,-21.687,0.1646944444444444
12/2/2007,-21.88983871,0.1646944444444444
12/3/2007,-22.09267742,0.1646944444444444
12/4/2007,-22.29551613,0.1646944444444444
12/5/2007,-22.49835484,0.1646944444444444
12/6/2007,-22.70119355,0.1646944444444444
12/7/2007,-22.90403226,0.1646944444444444
12/8/2007,-23.10687097,0.1646944444444444
12/9/2007,-23.30970968,0.1646944444444444
12/10/2007,-23.51254839,0.1646944444444444
12/11/2007,-23.7153871,0.1646944444444444
12/12/2007,-23.91822581,0.1646944444444444
12/13/2007,-24.12106452,0.1646944444444444
12/14/2007,-24.32390323,0.1646944444444444
12/15/2007,-24.52674194,0.1646944444444444
12/16/2007,-24.72958065,0.1646944444444444
12/17/2007,-24.93241935,0.1646944444444444
12/18/2007,-25.13525806,0.1646944444444444
12/19/2007,-25.33809677,0.1646944444444444
12/20/2007,-25.54093548,0.1646944444444444
12/21/2007,-25.74377419,0.1646944444444444
12/22/2007,-25.9466129,0.1646944444444444
12/23/2007,-26.14945161,0.1646944444444444
12/24/2007,-26.35229032,0.1646944444444444
12/25/2007,-26.55512903,0.1646944444444444
12/26/2007,-26.75796774,0.1646944444444444
12/27/2007,-26.96080645,0.1646944444444444
12/28/2007,-27.16364516,0.1646944444444444
12/29/2007,-27.36648387,0.1646944444444444
12/30/2007,-27.56932258,0.1646944444444444
12/31/2007,-27.77216129,0.1646944444444444
1/1/2008,-27.975,0.1646944444444444
1/2/2008,-27.94058065,0.1646944444444444
1/3/2008,-27.90616129,0.1646944444444444
1/4/2008,-27.87174194,0.1646944444444444
1/5/2008,-27.83732258,0.1646944444444444
1/6/2008,-27.80290323,0.1646944444444444
1/7/2008,-27.76848387,0.1646944444444444
1/8/2008,-27.73406452,0.1646944444444444
1/9/2008,-27.69964516,0.1646944444444444
1/10/2008,-27.66522581,0.1646944444444444
1/11/2008,-27.63080645,0.1646944444444444
1/12/2008,-27.5963871,0.1646944444444444
1/13/2008,-27.56196774,0.1646944444444444
1/14/2008,-27.52754839,0.1646944444444444
1/15/2008,-27.49312903,0.1646944444444444
1/16/2008,-27.45870968,0.1646944444444444
1/17/2008,-27.42429032,0.1646944444444444
1/18/2008,-27.38987097,0.1646944444444444
1/19/2008,-27.35545161,0.1646944444444444
1/20/2008,-27.32103226,0.1646944444444444
1/21/2008,-27.2866129,0.1646944444444444
1/22/2008,-27.25219355,0.1646944444444444
1/23/2008,-27.21777419,0.1646944444444444
1/24/2008,-27.18335484,0.1646944444444444
1/25/2008,-27.14893548,0.1646944444444444
1/26/2008,-27.11451613,0.1646944444444444
1/27/2008,-27.08009677,0.1646944444444444
1/28/2008,-27.04567742,0.1646944444444444
1/29/2008,-27.01125806,0.1646944444444444
1/30/2008,-26.97683871,0.1646944444444444
1/31/2008,-26.94241935,0.1646944444444444
2/1/2008,-26.908,0.1646944444444444
2/2/2008,-26.98955172,0.1646944444444444
2/3/2008,-27.07110345,0.1646944444444444
2/4/2008,-27.15265517,0.1646944444444444
2/5/2008,-27.2342069,0.1646944444444444
2/6/2008,-27.31575862,0.1646944444444444
2/7/2008,-27.39731034,0.1646944444444444
2/8/2008,-27.47886207,0.1646944444444444
2/9/2008,-27.56041379,0.1646944444444444
2/10/2008,-27.64196552,0.1646944444444444
2/11/2008,-27.72351724,0.1646944444444444
2/12/2008,-27.80506897,0.1646944444444444
2/13/2008,-27.88662069,0.1646944444444444
2/14/2008,-27.96817241,0.1646944444444444
2/15/2008,-28.04972414,0.1646944444444444
2/16/2008,-28.13127586,0.1646944444444444
2/17/2008,-28.21282759,0.1646944444444444
2/18/2008,-28.29437931,0.1646944444444444
2/19/2008,-28.37593103,0.1646944444444444
2/20/2008,-28.45748276,0.1646944444444444
2/21/2008,-28.53903448,0.1646944444444444
2/22/2008,-28.62058621,0.1646944444444444
2/23/2008,-28.70213793,0.1646944444444444
2/24/2008,-28.78368966,0.1646944444444444
2/25/2008,-28.86524138,0.1646944444444444
2/26/2008,-28.9467931,0.1646944444444444
2/27/2008,-29.02834483,0.1646944444444444
2/28/2008,-29.10989655,0.1646944444444444
2/29/2008,-29.19144828,0.1646944444444444
3/1/2008,-29.273,0.1646944444444444
3/2/2008,-28.69674194,0.1646944444444444
3/3/2008,-28.12048387,0.1646944444444444
3/4/2008,-27.54422581,0.1646944444444444
3/5/2008,-26.96796774,0.1646944444444444
3/6/2008,-26.39170968,0.1646944444444444
3/7/2008,-25.81545161,0.1646944444444444
3/8/2008,-25.23919355,0.1646944444444444
3/9/2008,-24.66293548,0.1646944444444444
3/10/2008,-24.08667742,0.1646944444444444
3/11/2008,-23.51041935,0.1646944444444444
3/12/2008,-22.93416129,0.1646944444444444
3/13/2008,-22.35790323,0.1646944444444444
3/14/2008,-21.78164516,0.1646944444444444
3/15/2008,-21.2053871,0.1646944444444444
3/16/2008,-20.62912903,0.1646944444444444
3/17/2008,-20.05287097,0.1646944444444444
3/18/2008,-19.4766129,0.1646944444444444
3/19/2008,-18.90035484,0.1646944444444444
3/20/2008,-18.32409677,0.1646944444444444
3/21/2008,-17.74783871,0.1646944444444444
3/22/2008,-17.17158065,0.1646944444444444
3/23/2008,-16.59532258,0.1646944444444444
3/24/2008,-16.01906452,0.1646944444444444
3/25/2008,-15.44280645,0.1646944444444444
3/26/2008,-14.86654839,0.1646944444444444
3/27/2008,-14.29029032,0.1646944444444444
3/28/2008,-13.71403226,0.1646944444444444
3/29/2008,-13.13777419,0.1646944444444444
3/30/2008,-12.56151613,0.1646944444444444
3/31/2008,-11.98525806,0.1646944444444444
4/1/2008,-11.409,0.1646944444444444
4/2/2008,-11.14043333,0.1646944444444444
4/3/2008,-10.87186667,0.1646944444444444
4/4/2008,-10.6033,0.1646944444444444
4/5/2008,-10.33473333,0.1646944444444444
4/6/2008,-10.06616667,0.1646944444444444
4/7/2008,-9.7976,0.1646944444444444
4/8/2008,-9.529033333,0.1646944444444444
4/9/2008,-9.260466667,0.1646944444444444
4/10/2008,-8.9919,0.1646944444444444
4/11/2008,-8.723333333,0.1646944444444444
4/12/2008,-8.454766667,0.1646944444444444
4/13/2008,-8.1862,0.1646944444444444
4/14/2008,-7.917633333,0.1646944444444444
4/15/2008,-7.649066667,0.1646944444444444
4/16/2008,-7.3805,0.1646944444444444
4/17/2008,-7.111933333,0.1646944444444444
4/18/2008,-6.843366667,0.1646944444444444
4/19/2008,-6.5748,0.1646944444444444
4/20/2008,-6.306233333,0.1646944444444444
4/21/2008,-6.037666667,0.1646944444444444
4/22/2008,-5.7691,0.1646944444444444
4/23/2008,-5.500533333,0.1646944444444444
4/24/2008,-5.231966667,0.1646944444444444
4/25/2008,-4.9634,0.1646944444444444
4/26/2008,-4.694833333,0.1646944444444444
4/27/2008,-4.426266667,0.1646944444444444
4/28/2008,-4.1577,0.1646944444444444
4/29/2008,-3.889133333,0.1646944444444444
4/30/2008,-3.620566667,0.1646944444444444
5/1/2008,-3.352,0.1646944444444444
5/2/2008,-2.954322581,0.1646944444444444
5/3/2008,-2.556645161,0.1646944444444444
5/4/2008,-2.158967742,0.1646944444444444
5/5/2008,-1.761290323,0.1646944444444444
5/6/2008,-1.363612903,0.1646944444444444
5/7/2008,-0.965935484,0.1646944444444444
5/8/2008,-0.568258065,0.1646944444444444
5/9/2008,-0.170580645,0.1646944444444444
5/10/2008,0.2270967741935488,0.1646944444444444
5/11/2008,0.6247741935483875,0.1646944444444444
5/12/2008,1.0224516129032266,0.1646944444444444
5/13/2008,1.4201290322580653,0.1646944444444444
5/14/2008,1.817806451612904,0.1646944444444444
5/15/2008,2.2154838709677427,0.1646944444444444
5/16/2008,2.6131612903225814,0.1646944444444444
5/17/2008,3.01083871,0.1646944444444444
5/18/2008,3.4085161290322588,0.1646944444444444
5/19/2008,3.8061935483870974,0.1646944444444444
5/20/2008,4.203870967741937,0.1646944444444444
5/21/2008,4.601548387096775,0.1646944444444444
5/22/2008,4.999225806451614,0.1646944444444444
5/23/2008,5.396903225806453,0.1646944444444444
5/24/2008,5.794580645161291,0.1646944444444444
5/25/2008,6.192258065,0.1646944444444444
5/26/2008,6.589935483870969,0.1646944444444444
5/27/2008,6.987612903225807,0.1646944444444444
5/28/2008,7.385290322580646,0.1646944444444444
5/29/2008,7.782967741935485,0.1646944444444444
5/30/2008,8.180645161290323,0.1646944444444444
5/31/2008,8.578322580645162,0.1646944444444444
6/1/2008,8.976,0.1646944444444444
6/2/2008,9.035300000000001,0.1646944444444444
6/3/2008,9.094600000000002,0.1646944444444444
6/4/2008,9.1539,0.1646944444444444
6/5/2008,9.2132,0.1646944444444444
6/6/2008,9.2725,0.1646944444444444
6/7/2008,9.331800000000001,0.1646944444444444
6/8/2008,9.391100000000002,0.1646944444444444
6/9/2008,9.4504,0.1646944444444444
6/10/2008,9.5097,0.1646944444444444
6/11/2008,9.569,0.1646944444444444
6/12/2008,9.628300000000001,0.1646944444444444
6/13/2008,9.687600000000002,0.1646944444444444
6/14/2008,9.7469,0.1646944444444444
6/15/2008,9.8062,0.1646944444444444
6/16/2008,9.8655,0.1646944444444444
6/17/2008,9.924800000000001,0.1646944444444444
6/18/2008,9.984100000000002,0.1646944444444444
6/19/2008,10.0434,0.1646944444444444
6/20/2008,10.1027,0.1646944444444444
6/21/2008,10.162,0.1646944444444444
6/22/2008,10.221300000000001,0.1646944444444444
6/23/2008,10.280600000000002,0.1646944444444444
6/24/2008,10.3399,0.1646944444444444
6/25/2008,10.3992,0.1646944444444444
6/26/2008,10.4585,0.1646944444444444
6/27/2008,10.517800000000001,0.1646944444444444
6/28/2008,10.577100000000002,0.1646944444444444
6/29/2008,10.6364,0.1646944444444444
6/30/2008,10.6957,0.1646944444444444
7/1/2008,10.755,0.1646944444444444
7/2/2008,10.608387096774194,0.1646944444444444
7/3/2008,10.461774193548388,0.1646944444444444
7/4/2008,10.315161290322582,0.1646944444444444
7/5/2008,10.168548387096775,0.1646944444444444
7/6/2008,10.021935483870969,0.1646944444444444
7/7/2008,9.875322580645161,0.1646944444444444
7/8/2008,9.728709677419356,0.1646944444444444
7/9/2008,9.582096774193548,0.1646944444444444
7/10/2008,9.435483870967742,0.1646944444444444
7/11/2008,9.288870967741936,0.1646944444444444
7/12/2008,9.142258065,0.1646944444444444
7/13/2008,8.995645161290323,0.1646944444444444
7/14/2008,8.849032258064517,0.1646944444444444
7/15/2008,8.702419355,0.1646944444444444
7/16/2008,8.555806451612904,0.1646944444444444
7/17/2008,8.409193548387098,0.1646944444444444
7/18/2008,8.262580645161291,0.1646944444444444
7/19/2008,8.115967741935485,0.1646944444444444
7/20/2008,7.969354838709678,0.1646944444444444
7/21/2008,7.822741935483871,0.1646944444444444
7/22/2008,7.676129032258064,0.1646944444444444
7/23/2008,7.529516129032258,0.1646944444444444
7/24/2008,7.3829032258064515,0.1646944444444444
7/25/2008,7.236290322580645,0.1646944444444444
7/26/2008,7.089677419354839,0.1646944444444444
7/27/2008,6.9430645161290325,0.1646944444444444
7/28/2008,6.796451612903226,0.1646944444444444
7/29/2008,6.64983871,0.1646944444444444
7/30/2008,6.503225806451613,0.1646944444444444
7/31/2008,6.356612903225806,0.1646944444444444
8/1/2008,6.21,0.1646944444444444
8/2/2008,6.131645161290322,0.1646944444444444
8/3/2008,6.053290322580645,0.1646944444444444
8/4/2008,5.974935483870968,0.1646944444444444
8/5/2008,5.896580645,0.1646944444444444
8/6/2008,5.818225806451613,0.1646944444444444
8/7/2008,5.739870967741935,0.1646944444444444
8/8/2008,5.661516129032258,0.1646944444444444
8/9/2008,5.583161290322581,0.1646944444444444
8/10/2008,5.504806451612903,0.1646944444444444
8/11/2008,5.426451612903226,0.1646944444444444
8/12/2008,5.348096774193548,0.1646944444444444
8/13/2008,5.2697419354838715,0.1646944444444444
8/14/2008,5.191387096774194,0.1646944444444444
8/15/2008,5.113032258064516,0.1646944444444444
8/16/2008,5.034677419354839,0.1646944444444444
8/17/2008,4.956322580645161,0.1646944444444444
8/18/2008,4.877967741935484,0.1646944444444444
8/19/2008,4.799612903225807,0.1646944444444444
8/20/2008,4.721258064516129,0.1646944444444444
8/21/2008,4.642903225806451,0.1646944444444444
8/22/2008,4.5645483870967745,0.1646944444444444
8/23/2008,4.486193548387097,0.1646944444444444
8/24/2008,4.407838709677419,0.1646944444444444
8/25/2008,4.329483870967742,0.1646944444444444
8/26/2008,4.251129032258065,0.1646944444444444
8/27/2008,4.1727741935483875,0.1646944444444444
8/28/2008,4.094419355,0.1646944444444444
8/29/2008,4.016064516129033,0.1646944444444444
8/30/2008,3.937709677419355,0.1646944444444444
8/31/2008,3.8593548387096774,0.1646944444444444
9/1/2008,3.781,0.1646944444444444
9/2/2008,3.612366666666667,0.1646944444444444
9/3/2008,3.4437333333333333,0.1646944444444444
9/4/2008,3.2751,0.1646944444444444
9/5/2008,3.106466666666667,0.1646944444444444
9/6/2008,2.9378333333333337,0.1646944444444444
9/7/2008,2.7692,0.1646944444444444
9/8/2008,2.600566666666667,0.1646944444444444
9/9/2008,2.4319333333333333,0.1646944444444444
9/10/2008,2.2633,0.1646944444444444
9/11/2008,2.094666666666667,0.1646944444444444
9/12/2008,1.9260333333333335,0.1646944444444444
9/13/2008,1.7574,0.1646944444444444
9/14/2008,1.5887666666666669,0.1646944444444444
9/15/2008,1.4201333333333337,0.1646944444444444
9/16/2008,1.2515,0.1646944444444444
9/17/2008,1.0828666666666669,0.1646944444444444
9/18/2008,0.9142333333333337,0.1646944444444444
9/19/2008,0.7456,0.1646944444444444
9/20/2008,0.5769666666666668,0.1646944444444444
9/21/2008,0.40833333333333366,0.1646944444444444
9/22/2008,0.23970000000000002,0.1646944444444444
9/23/2008,0.071066667,0.1646944444444444
9/24/2008,-0.097566667,0.1646944444444444
9/25/2008,-0.2662,0.1646944444444444
9/26/2008,-0.434833333,0.1646944444444444
9/27/2008,-0.603466667,0.1646944444444444
9/28/2008,-0.7721,0.1646944444444444
9/29/2008,-0.940733333,0.1646944444444444
9/30/2008,-1.109366667,0.1646944444444444
10/1/2008,-1.278,0.1646944444444444
10/2/2008,-1.538709677,0.1646944444444444
10/3/2008,-1.799419355,0.1646944444444444
10/4/2008,-2.060129032,0.1646944444444444
10/5/2008,-2.32083871,0.1646944444444444
10/6/2008,-2.581548387,0.1646944444444444
10/7/2008,-2.842258065,0.1646944444444444
10/8/2008,-3.102967742,0.1646944444444444
10/9/2008,-3.363677419,0.1646944444444444
10/10/2008,-3.624387097,0.1646944444444444
10/11/2008,-3.885096774,0.1646944444444444
10/12/2008,-4.145806452,0.1646944444444444
10/13/2008,-4.406516129,0.1646944444444444
10/14/2008,-4.667225806,0.1646944444444444
10/15/2008,-4.927935484,0.1646944444444444
10/16/2008,-5.188645161,0.1646944444444444
10/17/2008,-5.449354839,0.1646944444444444
10/18/2008,-5.710064516,0.1646944444444444
10/19/2008,-5.970774194,0.1646944444444444
10/20/2008,-6.231483871,0.1646944444444444
10/21/2008,-6.492193548,0.1646944444444444
10/22/2008,-6.752903226,0.1646944444444444
10/23/2008,-7.013612903,0.1646944444444444
10/24/2008,-7.274322581,0.1646944444444444
10/25/2008,-7.535032258,0.1646944444444444
10/26/2008,-7.795741935,0.1646944444444444
10/27/2008,-8.056451613,0.1646944444444444
10/28/2008,-8.31716129,0.1646944444444444
10/29/2008,-8.577870968,0.1646944444444444
10/30/2008,-8.838580645,0.1646944444444444
10/31/2008,-9.099290323,0.1646944444444444
11/1/2008,-9.36,0.1646944444444444
11/2/2008,-9.5592,0.1646944444444444
11/3/2008,-9.7584,0.1646944444444444
11/4/2008,-9.9576,0.1646944444444444
11/5/2008,-10.1568,0.1646944444444444
11/6/2008,-10.356,0.1646944444444444
11/7/2008,-10.5552,0.1646944444444444
11/8/2008,-10.7544,0.1646944444444444
11/9/2008,-10.9536,0.1646944444444444
11/10/2008,-11.1528,0.1646944444444444
11/11/2008,-11.352,0.1646944444444444
11/12/2008,-11.5512,0.1646944444444444
11/13/2008,-11.7504,0.1646944444444444
11/14/2008,-11.9496,0.1646944444444444
11/15/2008,-12.1488,0.1646944444444444
11/16/2008,-12.348,0.1646944444444444
11/17/2008,-12.5472,0.1646944444444444
11/18/2008,-12.7464,0.1646944444444444
11/19/2008,-12.9456,0.1646944444444444
11/20/2008,-13.1448,0.1646944444444444
11/21/2008,-13.344,0.1646944444444444
11/22/2008,-13.5432,0.1646944444444444
11/23/2008,-13.7424,0.1646944444444444
11/24/2008,-13.9416,0.1646944444444444
11/25/2008,-14.1408,0.1646944444444444
11/26/2008,-14.34,0.1646944444444444
11/27/2008,-14.5392,0.1646944444444444
11/28/2008,-14.7384,0.1646944444444444
11/29/2008,-14.9376,0.1646944444444444
11/30/2008,-15.1368,0.1646944444444444
12/1/2008,-15.336,0.1646944444444444
12/2/2008,-15.45109677,0.1646944444444444
12/3/2008,-15.56619355,0.1646944444444444
12/4/2008,-15.68129032,0.1646944444444444
12/5/2008,-15.7963871,0.1646944444444444
12/6/2008,-15.91148387,0.1646944444444444
12/7/2008,-16.02658065,0.1646944444444444
12/8/2008,-16.14167742,0.1646944444444444
12/9/2008,-16.25677419,0.1646944444444444
12/10/2008,-16.37187097,0.1646944444444444
12/11/2008,-16.48696774,0.1646944444444444
12/12/2008,-16.60206452,0.1646944444444444
12/13/2008,-16.71716129,0.1646944444444444
12/14/2008,-16.83225806,0.1646944444444444
12/15/2008,-16.94735484,0.1646944444444444
12/16/2008,-17.06245161,0.1646944444444444
12/17/2008,-17.17754839,0.1646944444444444
12/18/2008,-17.29264516,0.1646944444444444
12/19/2008,-17.40774194,0.1646944444444444
12/20/2008,-17.52283871,0.1646944444444444
12/21/2008,-17.63793548,0.1646944444444444
12/22/2008,-17.75303226,0.1646944444444444
12/23/2008,-17.86812903,0.1646944444444444
12/24/2008,-17.98322581,0.1646944444444444
12/25/2008,-18.09832258,0.1646944444444444
12/26/2008,-18.21341935,0.1646944444444444
12/27/2008,-18.32851613,0.1646944444444444
12/28/2008,-18.4436129,0.1646944444444444
12/29/2008,-18.55870968,0.1646944444444444
12/30/2008,-18.67380645,0.1646944444444444
12/31/2008,-18.78890323,0.1646944444444444
1/1/2009,-18.904,0.1646944444444444
1/2/2009,-19.02306452,0.1646944444444444
1/3/2009,-19.14212903,0.1646944444444444
1/4/2009,-19.26119355,0.1646944444444444
1/5/2009,-19.38025806,0.1646944444444444
1/6/2009,-19.49932258,0.1646944444444444
1/7/2009,-19.6183871,0.1646944444444444
1/8/2009,-19.73745161,0.1646944444444444
1/9/2009,-19.85651613,0.1646944444444444
1/10/2009,-19.97558065,0.1646944444444444
1/11/2009,-20.09464516,0.1646944444444444
1/12/2009,-20.21370968,0.1646944444444444
1/13/2009,-20.33277419,0.1646944444444444
1/14/2009,-20.45183871,0.1646944444444444
1/15/2009,-20.57090323,0.1646944444444444
1/16/2009,-20.68996774,0.1646944444444444
1/17/2009,-20.80903226,0.1646944444444444
1/18/2009,-20.92809677,0.1646944444444444
1/19/2009,-21.04716129,0.1646944444444444
1/20/2009,-21.16622581,0.1646944444444444
1/21/2009,-21.28529032,0.1646944444444444
1/22/2009,-21.40435484,0.1646944444444444
1/23/2009,-21.52341935,0.1646944444444444
1/24/2009,-21.64248387,0.1646944444444444
1/25/2009,-21.76154839,0.1646944444444444
1/26/2009,-21.8806129,0.1646944444444444
1/27/2009,-21.99967742,0.1646944444444444
1/28/2009,-22.11874194,0.1646944444444444
1/29/2009,-22.23780645,0.1646944444444444
1/30/2009,-22.35687097,0.1646944444444444
1/31/2009,-22.47593548,0.1646944444444444
2/1/2009,-22.595,0.1646944444444444
2/2/2009,-22.69767857,0.1646944444444444
2/3/2009,-22.80035714,0.1646944444444444
2/4/2009,-22.90303571,0.1646944444444444
2/5/2009,-23.00571429,0.1646944444444444
2/6/2009,-23.10839286,0.1646944444444444
2/7/2009,-23.21107143,0.1646944444444444
2/8/2009,-23.31375,0.1646944444444444
2/9/2009,-23.41642857,0.1646944444444444
2/10/2009,-23.51910714,0.1646944444444444
2/11/2009,-23.62178571,0.1646944444444444
2/12/2009,-23.72446429,0.1646944444444444
2/13/2009,-23.82714286,0.1646944444444444
2/14/2009,-23.92982143,0.1646944444444444
2/15/2009,-24.0325,0.1646944444444444
2/16/2009,-24.13517857,0.1646944444444444
2/17/2009,-24.23785714,0.1646944444444444
2/18/2009,-24.34053571,0.1646944444444444
2/19/2009,-24.44321429,0.1646944444444444
2/20/2009,-24.54589286,0.1646944444444444
2/21/2009,-24.64857143,0.1646944444444444
2/22/2009,-24.75125,0.1646944444444444
2/23/2009,-24.85392857,0.1646944444444444
2/24/2009,-24.95660714,0.1646944444444444
2/25/2009,-25.05928571,0.1646944444444444
2/26/2009,-25.16196429,0.1646944444444444
2/27/2009,-25.26464286,0.1646944444444444
2/28/2009,-25.36732143,0.1646944444444444
3/1/2009,-25.47,0.1646944444444444
3/2/2009,-25.35803226,0.1646944444444444
3/3/2009,-25.24606452,0.1646944444444444
3/4/2009,-25.13409677,0.1646944444444444
3/5/2009,-25.02212903,0.1646944444444444
3/6/2009,-24.91016129,0.1646944444444444
3/7/2009,-24.79819355,0.1646944444444444
3/8/2009,-24.68622581,0.1646944444444444
3/9/2009,-24.57425806,0.1646944444444444
3/10/2009,-24.46229032,0.1646944444444444
3/11/2009,-24.35032258,0.1646944444444444
3/12/2009,-24.23835484,0.1646944444444444
3/13/2009,-24.1263871,0.1646944444444444
3/14/2009,-24.01441935,0.1646944444444444
3/15/2009,-23.90245161,0.1646944444444444
3/16/2009,-23.79048387,0.1646944444444444
3/17/2009,-23.67851613,0.1646944444444444
3/18/2009,-23.56654839,0.1646944444444444
3/19/2009,-23.45458065,0.1646944444444444
3/20/2009,-23.3426129,0.1646944444444444
3/21/2009,-23.23064516,0.1646944444444444
3/22/2009,-23.11867742,0.1646944444444444
3/23/2009,-23.00670968,0.1646944444444444
3/24/2009,-22.89474194,0.1646944444444444
3/25/2009,-22.78277419,0.1646944444444444
3/26/2009,-22.67080645,0.1646944444444444
3/27/2009,-22.55883871,0.1646944444444444
3/28/2009,-22.44687097,0.1646944444444444
3/29/2009,-22.33490323,0.1646944444444444
3/30/2009,-22.22293548,0.1646944444444444
3/31/2009,-22.11096774,0.1646944444444444
4/1/2009,-21.999,0.1646944444444444
4/2/2009,-21.7295,0.1646944444444444
4/3/2009,-21.46,0.1646944444444444
4/4/2009,-21.1905,0.1646944444444444
4/5/2009,-20.921,0.1646944444444444
4/6/2009,-20.6515,0.1646944444444444
4/7/2009,-20.382,0.1646944444444444
4/8/2009,-20.1125,0.1646944444444444
4/9/2009,-19.843,0.1646944444444444
4/10/2009,-19.5735,0.1646944444444444
4/11/2009,-19.304,0.1646944444444444
4/12/2009,-19.0345,0.1646944444444444
4/13/2009,-18.765,0.1646944444444444
4/14/2009,-18.4955,0.1646944444444444
4/15/2009,-18.226,0.1646944444444444
4/16/2009,-17.9565,0.1646944444444444
4/17/2009,-17.687,0.1646944444444444
4/18/2009,-17.4175,0.1646944444444444
4/19/2009,-17.148,0.1646944444444444
4/20/2009,-16.8785,0.1646944444444444
4/21/2009,-16.609,0.1646944444444444
4/22/2009,-16.3395,0.1646944444444444
4/23/2009,-16.07,0.1646944444444444
4/24/2009,-15.8005,0.1646944444444444
4/25/2009,-15.531,0.1646944444444444
4/26/2009,-15.2615,0.1646944444444444
4/27/2009,-14.992,0.1646944444444444
4/28/2009,-14.7225,0.1646944444444444
4/29/2009,-14.453,0.1646944444444444
4/30/2009,-14.1835,0.1646944444444444
5/1/2009,-13.914,0.1646944444444444
5/2/2009,-13.27045161,0.1646944444444444
5/3/2009,-12.62690323,0.1646944444444444
5/4/2009,-11.98335484,0.1646944444444444
5/5/2009,-11.33980645,0.1646944444444444
5/6/2009,-10.69625806,0.1646944444444444
5/7/2009,-10.05270968,0.1646944444444444
5/8/2009,-9.40916129,0.1646944444444444
5/9/2009,-8.765612903,0.1646944444444444
5/10/2009,-8.122064516,0.1646944444444444
5/11/2009,-7.478516129,0.1646944444444444
5/12/2009,-6.834967742,0.1646944444444444
5/13/2009,-6.191419355,0.1646944444444444
5/14/2009,-5.547870968,0.1646944444444444
5/15/2009,-4.904322581,0.1646944444444444
5/16/2009,-4.260774194,0.1646944444444444
5/17/2009,-3.617225806,0.1646944444444444
5/18/2009,-2.973677419,0.1646944444444444
5/19/2009,-2.330129032,0.1646944444444444
5/20/2009,-1.686580645,0.1646944444444444
5/21/2009,-1.043032258,0.1646944444444444
5/22/2009,-0.399483871,0.1646944444444444
5/23/2009,0.24406451612903268,0.1646944444444444
5/24/2009,0.887612903,0.1646944444444444
5/25/2009,1.531161290322581,0.1646944444444444
5/26/2009,2.174709677419356,0.1646944444444444
5/27/2009,2.8182580645161313,0.1646944444444444
5/28/2009,3.461806451612903,0.1646944444444444
5/29/2009,4.105354838709678,0.1646944444444444
5/30/2009,4.748903225806453,0.1646944444444444
5/31/2009,5.3924516129032245,0.1646944444444444
6/1/2009,6.036,0.1646944444444444
6/2/2009,6.182566666666666,0.1646944444444444
6/3/2009,6.329133333333333,0.1646944444444444
6/4/2009,6.4757,0.1646944444444444
6/5/2009,6.6222666666666665,0.1646944444444444
6/6/2009,6.768833333333333,0.1646944444444444
6/7/2009,6.9154,0.1646944444444444
6/8/2009,7.061966666666667,0.1646944444444444
6/9/2009,7.2085333333333335,0.1646944444444444
6/10/2009,7.3551,0.1646944444444444
6/11/2009,7.501666666666667,0.1646944444444444
6/12/2009,7.648233333333333,0.1646944444444444
6/13/2009,7.7947999999999995,0.1646944444444444
6/14/2009,7.941366666666666,0.1646944444444444
6/15/2009,8.087933333333332,0.1646944444444444
6/16/2009,8.2345,0.1646944444444444
6/17/2009,8.381066666666666,0.1646944444444444
6/18/2009,8.527633333333334,0.1646944444444444
6/19/2009,8.674199999999999,0.1646944444444444
6/20/2009,8.820766666666668,0.1646944444444444
6/21/2009,8.967333333333332,0.1646944444444444
6/22/2009,9.1139,0.1646944444444444
6/23/2009,9.260466666666666,0.1646944444444444
6/24/2009,9.407033333333333,0.1646944444444444
6/25/2009,9.5536,0.1646944444444444
6/26/2009,9.700166666666666,0.1646944444444444
6/27/2009,9.846733333333333,0.1646944444444444
6/28/2009,9.9933,0.1646944444444444
6/29/2009,10.139866666666666,0.1646944444444444
6/30/2009,10.286433333333333,0.1646944444444444
7/1/2009,10.433,0.1646944444444444
7/2/2009,10.310516129032258,0.1646944444444444
7/3/2009,10.188032258064515,0.1646944444444444
7/4/2009,10.065548387096774,0.1646944444444444
7/5/2009,9.943064516129033,0.1646944444444444
7/6/2009,9.820580645,0.1646944444444444
7/7/2009,9.698096774193548,0.1646944444444444
7/8/2009,9.575612903225807,0.1646944444444444
7/9/2009,9.453129032258065,0.1646944444444444
7/10/2009,9.330645161290322,0.1646944444444444
7/11/2009,9.20816129,0.1646944444444444
7/12/2009,9.085677419,0.1646944444444444
7/13/2009,8.963193548387096,0.1646944444444444
7/14/2009,8.840709677419355,0.1646944444444444
7/15/2009,8.718225806451613,0.1646944444444444
7/16/2009,8.595741935,0.1646944444444444
7/17/2009,8.473258064516129,0.1646944444444444
7/18/2009,8.350774193548387,0.1646944444444444
7/19/2009,8.228290322580644,0.1646944444444444
7/20/2009,8.105806451612903,0.1646944444444444
7/21/2009,7.9833225806451615,0.1646944444444444
7/22/2009,7.860838709677419,0.1646944444444444
7/23/2009,7.738354838709677,0.1646944444444444
7/24/2009,7.615870967741936,0.1646944444444444
7/25/2009,7.493387096774194,0.1646944444444444
7/26/2009,7.370903225806452,0.1646944444444444
7/27/2009,7.248419355,0.1646944444444444
7/28/2009,7.125935483870968,0.1646944444444444
7/29/2009,7.003451612903226,0.1646944444444444
7/30/2009,6.880967741935484,0.1646944444444444
7/31/2009,6.758483870967742,0.1646944444444444
8/1/2009,6.636,0.1646944444444444
8/2/2009,6.444774193548387,0.1646944444444444
8/3/2009,6.2535483870967745,0.1646944444444444
8/4/2009,6.062322580645161,0.1646944444444444
8/5/2009,5.871096774193548,0.1646944444444444
8/6/2009,5.679870967741936,0.1646944444444444
8/7/2009,5.488645161290322,0.1646944444444444
8/8/2009,5.297419354838709,0.1646944444444444
8/9/2009,5.106193548387097,0.1646944444444444
8/10/2009,4.9149677419354845,0.1646944444444444
8/11/2009,4.723741935483871,0.1646944444444444
8/12/2009,4.532516129032258,0.1646944444444444
8/13/2009,4.341290322580646,0.1646944444444444
8/14/2009,4.150064516129032,0.1646944444444444
8/15/2009,3.958838709677419,0.1646944444444444
8/16/2009,3.7676129032258063,0.1646944444444444
8/17/2009,3.5763870967741935,0.1646944444444444
8/18/2009,3.3851612903225807,0.1646944444444444
8/19/2009,3.193935483870968,0.1646944444444444
8/20/2009,3.0027096774193547,0.1646944444444444
8/21/2009,2.811483870967742,0.1646944444444444
8/22/2009,2.620258064516129,0.1646944444444444
8/23/2009,2.429032258064516,0.1646944444444444
8/24/2009,2.2378064516129035,0.1646944444444444
8/25/2009,2.0465806451612902,0.1646944444444444
8/26/2009,1.855354838709677,0.1646944444444444
8/27/2009,1.6641290322580646,0.1646944444444444
8/28/2009,1.4729032258064514,0.1646944444444444
8/29/2009,1.2816774193548381,0.1646944444444444
8/30/2009,1.0904516129032258,0.1646944444444444
8/31/2009,0.8992258064516125,0.1646944444444444
9/1/2009,0.708,0.1646944444444444
9/2/2009,0.45013333333333333,0.1646944444444444
9/3/2009,0.1922666666666667,0.1646944444444444
9/4/2009,-0.0656,0.1646944444444444
9/5/2009,-0.323466667,0.1646944444444444
9/6/2009,-0.581333333,0.1646944444444444
9/7/2009,-0.8392,0.1646944444444444
9/8/2009,-1.097066667,0.1646944444444444
9/9/2009,-1.354933333,0.1646944444444444
9/10/2009,-1.6128,0.1646944444444444
9/11/2009,-1.870666667,0.1646944444444444
9/12/2009,-2.128533333,0.1646944444444444
9/13/2009,-2.3864,0.1646944444444444
9/14/2009,-2.644266667,0.1646944444444444
9/15/2009,-2.902133333,0.1646944444444444
9/16/2009,-3.16,0.1646944444444444
9/17/2009,-3.417866667,0.1646944444444444
9/18/2009,-3.675733333,0.1646944444444444
9/19/2009,-3.9336,0.1646944444444444
9/20/2009,-4.191466667,0.1646944444444444
9/21/2009,-4.449333333,0.1646944444444444
9/22/2009,-4.7072,0.1646944444444444
9/23/2009,-4.965066667,0.1646944444444444
9/24/2009,-5.222933333,0.1646944444444444
9/25/2009,-5.4808,0.1646944444444444
9/26/2009,-5.738666667,0.1646944444444444
9/27/2009,-5.996533333,0.1646944444444444
9/28/2009,-6.2544,0.1646944444444444
9/29/2009,-6.512266667,0.1646944444444444
9/30/2009,-6.770133333,0.1646944444444444
10/1/2009,-7.028,0.1646944444444444
10/2/2009,-7.559258065,0.1646944444444444
10/3/2009,-8.090516129,0.1646944444444444
10/4/2009,-8.621774194,0.1646944444444444
10/5/2009,-9.153032258,0.1646944444444444
10/6/2009,-9.684290323,0.1646944444444444
10/7/2009,-10.21554839,0.1646944444444444
10/8/2009,-10.74680645,0.1646944444444444
10/9/2009,-11.27806452,0.1646944444444444
10/10/2009,-11.80932258,0.1646944444444444
10/11/2009,-12.34058065,0.1646944444444444
10/12/2009,-12.87183871,0.1646944444444444
10/13/2009,-13.40309677,0.1646944444444444
10/14/2009,-13.93435484,0.1646944444444444
10/15/2009,-14.4656129,0.1646944444444444
10/16/2009,-14.99687097,0.1646944444444444
10/17/2009,-15.52812903,0.1646944444444444
10/18/2009,-16.0593871,0.1646944444444444
10/19/2009,-16.59064516,0.1646944444444444
10/20/2009,-17.12190323,0.1646944444444444
10/21/2009,-17.65316129,0.1646944444444444
10/22/2009,-18.18441935,0.1646944444444444
10/23/2009,-18.71567742,0.1646944444444444
10/24/2009,-19.24693548,0.1646944444444444
10/25/2009,-19.77819355,0.1646944444444444
10/26/2009,-20.30945161,0.1646944444444444
10/27/2009,-20.84070968,0.1646944444444444
10/28/2009,-21.37196774,0.1646944444444444
10/29/2009,-21.90322581,0.1646944444444444
10/30/2009,-22.43448387,0.1646944444444444
10/31/2009,-22.96574194,0.1646944444444444
11/1/2009,-23.497,0.1646944444444444
11/2/2009,-23.4185,0.1646944444444444
11/3/2009,-23.34,0.1646944444444444
11/4/2009,-23.2615,0.1646944444444444
11/5/2009,-23.183,0.1646944444444444
11/6/2009,-23.1045,0.1646944444444444
11/7/2009,-23.026,0.1646944444444444
11/8/2009,-22.9475,0.1646944444444444
11/9/2009,-22.869,0.1646944444444444
11/10/2009,-22.7905,0.1646944444444444
11/11/2009,-22.712,0.1646944444444444
11/12/2009,-22.6335,0.1646944444444444
11/13/2009,-22.555,0.1646944444444444
11/14/2009,-22.4765,0.1646944444444444
11/15/2009,-22.398,0.1646944444444444
11/16/2009,-22.3195,0.1646944444444444
11/17/2009,-22.241,0.1646944444444444
11/18/2009,-22.1625,0.1646944444444444
11/19/2009,-22.084,0.1646944444444444
11/20/2009,-22.0055,0.1646944444444444
11/21/2009,-21.927,0.1646944444444444
11/22/2009,-21.8485,0.1646944444444444
11/23/2009,-21.77,0.1646944444444444
11/24/2009,-21.6915,0.1646944444444444
11/25/2009,-21.613,0.1646944444444444
11/26/2009,-21.5345,0.1646944444444444
11/27/2009,-21.456,0.1646944444444444
11/28/2009,-21.3775,0.1646944444444444
11/29/2009,-21.299,0.1646944444444444
11/30/2009,-21.2205,0.1646944444444444
12/1/2009,-21.142,0.1646944444444444
12/2/2009,-21.37048387,0.1646944444444444
12/3/2009,-21.59896774,0.1646944444444444
12/4/2009,-21.82745161,0.1646944444444444
12/5/2009,-22.05593548,0.1646944444444444
12/6/2009,-22.28441935,0.1646944444444444
12/7/2009,-22.51290323,0.1646944444444444
12/8/2009,-22.7413871,0.1646944444444444
12/9/2009,-22.96987097,0.1646944444444444
12/10/2009,-23.19835484,0.1646944444444444
12/11/2009,-23.42683871,0.1646944444444444
12/12/2009,-23.65532258,0.1646944444444444
12/13/2009,-23.88380645,0.1646944444444444
12/14/2009,-24.11229032,0.1646944444444444
12/15/2009,-24.34077419,0.1646944444444444
12/16/2009,-24.56925806,0.1646944444444444
12/17/2009,-24.79774194,0.1646944444444444
12/18/2009,-25.02622581,0.1646944444444444
12/19/2009,-25.25470968,0.1646944444444444
12/20/2009,-25.48319355,0.1646944444444444
12/21/2009,-25.71167742,0.1646944444444444
12/22/2009,-25.94016129,0.1646944444444444
12/23/2009,-26.16864516,0.1646944444444444
12/24/2009,-26.39712903,0.1646944444444444
12/25/2009,-26.6256129,0.1646944444444444
12/26/2009,-26.85409677,0.1646944444444444
12/27/2009,-27.08258065,0.1646944444444444
12/28/2009,-27.31106452,0.1646944444444444
12/29/2009,-27.53954839,0.1646944444444444
12/30/2009,-27.76803226,0.1646944444444444
12/31/2009,-27.99651613,0.1646944444444444
1/1/2010,-28.225,0.1646944444444444
1/2/2010,-28.158,0.1646944444444444
1/3/2010,-28.091,0.1646944444444444
1/4/2010,-28.024,0.1646944444444444
1/5/2010,-27.957,0.1646944444444444
1/6/2010,-27.89,0.1646944444444444
1/7/2010,-27.823,0.1646944444444444
1/8/2010,-27.756,0.1646944444444444
1/9/2010,-27.689,0.1646944444444444
1/10/2010,-27.622,0.1646944444444444
1/11/2010,-27.555,0.1646944444444444
1/12/2010,-27.488,0.1646944444444444
1/13/2010,-27.421,0.1646944444444444
1/14/2010,-27.354,0.1646944444444444
1/15/2010,-27.287,0.1646944444444444
1/16/2010,-27.22,0.1646944444444444
1/17/2010,-27.153,0.1646944444444444
1/18/2010,-27.086,0.1646944444444444
1/19/2010,-27.019,0.1646944444444444
1/20/2010,-26.952,0.1646944444444444
1/21/2010,-26.885,0.1646944444444444
1/22/2010,-26.818,0.1646944444444444
1/23/2010,-26.751,0.1646944444444444
1/24/2010,-26.684,0.1646944444444444
1/25/2010,-26.617,0.1646944444444444
1/26/2010,-26.55,0.1646944444444444
1/27/2010,-26.483,0.1646944444444444
1/28/2010,-26.416,0.1646944444444444
1/29/2010,-26.349,0.1646944444444444
1/30/2010,-26.282,0.1646944444444444
1/31/2010,-26.215,0.1646944444444444
2/1/2010,-26.148,0.1646944444444444
2/2/2010,-26.15760714,0.1646944444444444
2/3/2010,-26.16721429,0.1646944444444444
2/4/2010,-26.17682143,0.1646944444444444
2/5/2010,-26.18642857,0.1646944444444444
2/6/2010,-26.19603571,0.1646944444444444
2/7/2010,-26.20564286,0.1646944444444444
2/8/2010,-26.21525,0.1646944444444444
2/9/2010,-26.22485714,0.1646944444444444
2/10/2010,-26.23446429,0.1646944444444444
2/11/2010,-26.24407143,0.1646944444444444
2/12/2010,-26.25367857,0.1646944444444444
2/13/2010,-26.26328571,0.1646944444444444
2/14/2010,-26.27289286,0.1646944444444444
2/15/2010,-26.2825,0.1646944444444444
2/16/2010,-26.29210714,0.1646944444444444
2/17/2010,-26.30171429,0.1646944444444444
2/18/2010,-26.31132143,0.1646944444444444
2/19/2010,-26.32092857,0.1646944444444444
2/20/2010,-26.33053571,0.1646944444444444
2/21/2010,-26.34014286,0.1646944444444444
2/22/2010,-26.34975,0.1646944444444444
2/23/2010,-26.35935714,0.1646944444444444
2/24/2010,-26.36896429,0.1646944444444444
2/25/2010,-26.37857143,0.1646944444444444
2/26/2010,-26.38817857,0.1646944444444444
2/27/2010,-26.39778571,0.1646944444444444
2/28/2010,-26.40739286,0.1646944444444444
3/1/2010,-26.417,0.1646944444444444
3/2/2010,-25.93603226,0.1646944444444444
3/3/2010,-25.45506452,0.1646944444444444
3/4/2010,-24.97409677,0.1646944444444444
3/5/2010,-24.49312903,0.1646944444444444
3/6/2010,-24.01216129,0.1646944444444444
3/7/2010,-23.53119355,0.1646944444444444
3/8/2010,-23.05022581,0.1646944444444444
3/9/2010,-22.56925806,0.1646944444444444
3/10/2010,-22.08829032,0.1646944444444444
3/11/2010,-21.60732258,0.1646944444444444
3/12/2010,-21.12635484,0.1646944444444444
3/13/2010,-20.6453871,0.1646944444444444
3/14/2010,-20.16441935,0.1646944444444444
3/15/2010,-19.68345161,0.1646944444444444
3/16/2010,-19.20248387,0.1646944444444444
3/17/2010,-18.72151613,0.1646944444444444
3/18/2010,-18.24054839,0.1646944444444444
3/19/2010,-17.75958065,0.1646944444444444
3/20/2010,-17.2786129,0.1646944444444444
3/21/2010,-16.79764516,0.1646944444444444
3/22/2010,-16.31667742,0.1646944444444444
3/23/2010,-15.83570968,0.1646944444444444
3/24/2010,-15.35474194,0.1646944444444444
3/25/2010,-14.87377419,0.1646944444444444
3/26/2010,-14.39280645,0.1646944444444444
3/27/2010,-13.91183871,0.1646944444444444
3/28/2010,-13.43087097,0.1646944444444444
3/29/2010,-12.94990323,0.1646944444444444
3/30/2010,-12.46893548,0.1646944444444444
3/31/2010,-11.98796774,0.1646944444444444
4/1/2010,-11.507,0.1646944444444444
4/2/2010,-11.28743333,0.1646944444444444
4/3/2010,-11.06786667,0.1646944444444444
4/4/2010,-10.8483,0.1646944444444444
4/5/2010,-10.62873333,0.1646944444444444
4/6/2010,-10.40916667,0.1646944444444444
4/7/2010,-10.1896,0.1646944444444444
4/8/2010,-9.970033333,0.1646944444444444
4/9/2010,-9.750466667,0.1646944444444444
4/10/2010,-9.5309,0.1646944444444444
4/11/2010,-9.311333333,0.1646944444444444
4/12/2010,-9.091766667,0.1646944444444444
4/13/2010,-8.8722,0.1646944444444444
4/14/2010,-8.652633333,0.1646944444444444
4/15/2010,-8.433066667,0.1646944444444444
4/16/2010,-8.2135,0.1646944444444444
4/17/2010,-7.993933333,0.1646944444444444
4/18/2010,-7.774366667,0.1646944444444444
4/19/2010,-7.5548,0.1646944444444444
4/20/2010,-7.335233333,0.1646944444444444
4/21/2010,-7.115666667,0.1646944444444444
4/22/2010,-6.8961,0.1646944444444444
4/23/2010,-6.676533333,0.1646944444444444
4/24/2010,-6.456966667,0.1646944444444444
4/25/2010,-6.2374,0.1646944444444444
4/26/2010,-6.017833333,0.1646944444444444
4/27/2010,-5.798266667,0.1646944444444444
4/28/2010,-5.5787,0.1646944444444444
4/29/2010,-5.359133333,0.1646944444444444
4/30/2010,-5.139566667,0.1646944444444444
5/1/2010,-4.92,0.1646944444444444
5/2/2010,-4.570483871,0.1646944444444444
5/3/2010,-4.220967742,0.1646944444444444
5/4/2010,-3.871451613,0.1646944444444444
5/5/2010,-3.521935484,0.1646944444444444
5/6/2010,-3.172419355,0.1646944444444444
5/7/2010,-2.822903226,0.1646944444444444
5/8/2010,-2.473387097,0.1646944444444444
5/9/2010,-2.123870968,0.1646944444444444
5/10/2010,-1.774354839,0.1646944444444444
5/11/2010,-1.42483871,0.1646944444444444
5/12/2010,-1.075322581,0.1646944444444444
5/13/2010,-0.725806452,0.1646944444444444
5/14/2010,-0.376290323,0.1646944444444444
5/15/2010,-0.026774194,0.1646944444444444
5/16/2010,0.3227419354838714,0.1646944444444444
5/17/2010,0.6722580645161296,0.1646944444444444
5/18/2010,1.0217741935483877,0.1646944444444444
5/19/2010,1.3712903225806459,0.1646944444444444
5/20/2010,1.720806451612904,0.1646944444444444
5/21/2010,2.070322580645162,0.1646944444444444
5/22/2010,2.4198387096774203,0.1646944444444444
5/23/2010,2.7693548387096785,0.1646944444444444
5/24/2010,3.1188709677419357,0.1646944444444444
5/25/2010,3.468387096774194,0.1646944444444444
5/26/2010,3.817903225806452,0.1646944444444444
5/27/2010,4.167419355,0.1646944444444444
5/28/2010,4.516935483870968,0.1646944444444444
5/29/2010,4.8664516129032265,0.1646944444444444
5/30/2010,5.215967741935485,0.1646944444444444
5/31/2010,5.565483870967743,0.1646944444444444
6/1/2010,5.915,0.1646944444444444
6/2/2010,6.0728333333333335,0.1646944444444444
6/3/2010,6.230666666666667,0.1646944444444444
6/4/2010,6.3885000000000005,0.1646944444444444
6/5/2010,6.546333333333333,0.1646944444444444
6/6/2010,6.704166666666667,0.1646944444444444
6/7/2010,6.862,0.1646944444444444
6/8/2010,7.019833333333334,0.1646944444444444
6/9/2010,7.177666666666667,0.1646944444444444
6/10/2010,7.3355,0.1646944444444444
6/11/2010,7.493333333333334,0.1646944444444444
6/12/2010,7.651166666666667,0.1646944444444444
6/13/2010,7.809,0.1646944444444444
6/14/2010,7.966833333333334,0.1646944444444444
6/15/2010,8.124666666666666,0.1646944444444444
6/16/2010,8.2825,0.1646944444444444
6/17/2010,8.440333333333333,0.1646944444444444
6/18/2010,8.598166666666668,0.1646944444444444
6/19/2010,8.756,0.1646944444444444
6/20/2010,8.913833333333333,0.1646944444444444
6/21/2010,9.071666666666667,0.1646944444444444
6/22/2010,9.2295,0.1646944444444444
6/23/2010,9.387333333333334,0.1646944444444444
6/24/2010,9.545166666666667,0.1646944444444444
6/25/2010,9.703,0.1646944444444444
6/26/2010,9.860833333333334,0.1646944444444444
6/27/2010,10.018666666666668,0.1646944444444444
6/28/2010,10.1765,0.1646944444444444
6/29/2010,10.334333333333333,0.1646944444444444
6/30/2010,10.492166666666666,0.1646944444444444
7/1/2010,10.65,0.1646944444444444
7/2/2010,10.603225806451613,0.1646944444444444
7/3/2010,10.556451612903226,0.1646944444444444
7/4/2010,10.509677419354839,0.1646944444444444
7/5/2010,10.462903225806452,0.1646944444444444
7/6/2010,10.416129032258064,0.1646944444444444
7/7/2010,10.369354838709677,0.1646944444444444
7/8/2010,10.32258064516129,0.1646944444444444
7/9/2010,10.275806451612903,0.1646944444444444
7/10/2010,10.229032258064516,0.1646944444444444
7/11/2010,10.182258064516128,0.1646944444444444
7/12/2010,10.135483870967741,0.1646944444444444
7/13/2010,10.088709677419354,0.1646944444444444
7/14/2010,10.041935483870967,0.1646944444444444
7/15/2010,9.99516129,0.1646944444444444
7/16/2010,9.948387096774194,0.1646944444444444
7/17/2010,9.901612903225807,0.1646944444444444
7/18/2010,9.85483871,0.1646944444444444
7/19/2010,9.808064516129033,0.1646944444444444
7/20/2010,9.761290322580646,0.1646944444444444
7/21/2010,9.714516129032258,0.1646944444444444
7/22/2010,9.667741935483871,0.1646944444444444
7/23/2010,9.620967741935484,0.1646944444444444
7/24/2010,9.574193548387097,0.1646944444444444
7/25/2010,9.527419355,0.1646944444444444
7/26/2010,9.480645161290322,0.1646944444444444
7/27/2010,9.433870967741935,0.1646944444444444
7/28/2010,9.387096774193548,0.1646944444444444
7/29/2010,9.340322581,0.1646944444444444
7/30/2010,9.293548387096774,0.1646944444444444
7/31/2010,9.246774193548386,0.1646944444444444
8/1/2010,9.2,0.1646944444444444
8/2/2010,9.041741935,0.1646944444444444
8/3/2010,8.883483871,0.1646944444444444
8/4/2010,8.725225806451611,0.1646944444444444
8/5/2010,8.566967741935484,0.1646944444444444
8/6/2010,8.408709677419354,0.1646944444444444
8/7/2010,8.250451612903225,0.1646944444444444
8/8/2010,8.092193548387096,0.1646944444444444
8/9/2010,7.933935483870967,0.1646944444444444
8/10/2010,7.775677419354838,0.1646944444444444
8/11/2010,7.6174193548387095,0.1646944444444444
8/12/2010,7.45916129,0.1646944444444444
8/13/2010,7.300903225806451,0.1646944444444444
8/14/2010,7.1426451612903215,0.1646944444444444
8/15/2010,6.984387096774193,0.1646944444444444
8/16/2010,6.826129032258064,0.1646944444444444
8/17/2010,6.667870967741935,0.1646944444444444
8/18/2010,6.509612903225806,0.1646944444444444
8/19/2010,6.3513548387096765,0.1646944444444444
8/20/2010,6.193096774193547,0.1646944444444444
8/21/2010,6.034838709677419,0.1646944444444444
8/22/2010,5.876580645161289,0.1646944444444444
8/23/2010,5.718322580645161,0.1646944444444444
8/24/2010,5.560064516129032,0.1646944444444444
8/25/2010,5.401806451612902,0.1646944444444444
8/26/2010,5.243548387096773,0.1646944444444444
8/27/2010,5.0852903225806445,0.1646944444444444
8/28/2010,4.927032258064515,0.1646944444444444
8/29/2010,4.768774193548387,0.1646944444444444
8/30/2010,4.610516129032257,0.1646944444444444
8/31/2010,4.452258064516128,0.1646944444444444
9/1/2010,4.294,0.1646944444444444
9/2/2010,4.052833333333333,0.1646944444444444
9/3/2010,3.8116666666666665,0.1646944444444444
9/4/2010,3.5704999999999996,0.1646944444444444
9/5/2010,3.329333333333333,0.1646944444444444
9/6/2010,3.0881666666666665,0.1646944444444444
9/7/2010,2.8469999999999995,0.1646944444444444
9/8/2010,2.605833333333333,0.1646944444444444
9/9/2010,2.3646666666666665,0.1646944444444444
9/10/2010,2.1235,0.1646944444444444
9/11/2010,1.8823333333333334,0.1646944444444444
9/12/2010,1.6411666666666664,0.1646944444444444
9/13/2010,1.4,0.1646944444444444
9/14/2010,1.1588333333333334,0.1646944444444444
9/15/2010,0.9176666666666664,0.1646944444444444
9/16/2010,0.6764999999999999,0.1646944444444444
9/17/2010,0.43533333333333335,0.1646944444444444
9/18/2010,0.19416666666666682,0.1646944444444444
9/19/2010,-0.047,0.1646944444444444
9/20/2010,-0.288166667,0.1646944444444444
9/21/2010,-0.529333333,0.1646944444444444
9/22/2010,-0.7705,0.1646944444444444
9/23/2010,-1.011666667,0.1646944444444444
9/24/2010,-1.252833333,0.1646944444444444
9/25/2010,-1.494,0.1646944444444444
9/26/2010,-1.735166667,0.1646944444444444
9/27/2010,-1.976333333,0.1646944444444444
9/28/2010,-2.2175,0.1646944444444444
9/29/2010,-2.458666667,0.1646944444444444
9/30/2010,-2.699833333,0.1646944444444444
10/1/2010,-2.941,0.1646944444444444
10/2/2010,-2.99683871,0.1646944444444444
10/3/2010,-3.052677419,0.1646944444444444
10/4/2010,-3.108516129,0.1646944444444444
10/5/2010,-3.164354839,0.1646944444444444
10/6/2010,-3.220193548,0.1646944444444444
10/7/2010,-3.276032258,0.1646944444444444
10/8/2010,-3.331870968,0.1646944444444444
10/9/2010,-3.387709677,0.1646944444444444
10/10/2010,-3.443548387,0.1646944444444444
10/11/2010,-3.499387097,0.1646944444444444
10/12/2010,-3.555225806,0.1646944444444444
10/13/2010,-3.611064516,0.1646944444444444
10/14/2010,-3.666903226,0.1646944444444444
10/15/2010,-3.722741935,0.1646944444444444
10/16/2010,-3.778580645,0.1646944444444444
10/17/2010,-3.834419355,0.1646944444444444
10/18/2010,-3.890258065,0.1646944444444444
10/19/2010,-3.946096774,0.1646944444444444
10/20/2010,-4.001935484,0.1646944444444444
10/21/2010,-4.057774194,0.1646944444444444
10/22/2010,-4.113612903,0.1646944444444444
10/23/2010,-4.169451613,0.1646944444444444
10/24/2010,-4.225290323,0.1646944444444444
10/25/2010,-4.281129032,0.1646944444444444
10/26/2010,-4.336967742,0.1646944444444444
10/27/2010,-4.392806452,0.1646944444444444
10/28/2010,-4.448645161,0.1646944444444444
10/29/2010,-4.504483871,0.1646944444444444
10/30/2010,-4.560322581,0.1646944444444444
10/31/2010,-4.61616129,0.1646944444444444
11/1/2010,-4.672,0.1646944444444444
11/2/2010,-4.977333333,0.1646944444444444
11/3/2010,-5.282666667,0.1646944444444444
11/4/2010,-5.588,0.1646944444444444
11/5/2010,-5.893333333,0.1646944444444444
11/6/2010,-6.198666667,0.1646944444444444
11/7/2010,-6.504,0.1646944444444444
11/8/2010,-6.809333333,0.1646944444444444
11/9/2010,-7.114666667,0.1646944444444444
11/10/2010,-7.42,0.1646944444444444
11/11/2010,-7.725333333,0.1646944444444444
11/12/2010,-8.030666667,0.1646944444444444
11/13/2010,-8.336,0.1646944444444444
11/14/2010,-8.641333333,0.1646944444444444
11/15/2010,-8.946666667,0.1646944444444444
11/16/2010,-9.252,0.1646944444444444
11/17/2010,-9.557333333,0.1646944444444444
11/18/2010,-9.862666667,0.1646944444444444
11/19/2010,-10.168,0.1646944444444444
11/20/2010,-10.47333333,0.1646944444444444
11/21/2010,-10.77866667,0.1646944444444444
11/22/2010,-11.084,0.1646944444444444
11/23/2010,-11.38933333,0.1646944444444444
11/24/2010,-11.69466667,0.1646944444444444
11/25/2010,-12,0.1646944444444444
11/26/2010,-12.30533333,0.1646944444444444
11/27/2010,-12.61066667,0.1646944444444444
11/28/2010,-12.916,0.1646944444444444
11/29/2010,-13.22133333,0.1646944444444444
11/30/2010,-13.52666667,0.1646944444444444
12/1/2010,-13.832,0.1646944444444444
12/2/2010,-13.79412903,0.1646944444444444
12/3/2010,-13.75625806,0.1646944444444444
12/4/2010,-13.7183871,0.1646944444444444
12/5/2010,-13.68051613,0.1646944444444444
12/6/2010,-13.64264516,0.1646944444444444
12/7/2010,-13.60477419,0.1646944444444444
12/8/2010,-13.56690323,0.1646944444444444
12/9/2010,-13.52903226,0.1646944444444444
12/10/2010,-13.49116129,0.1646944444444444
12/11/2010,-13.45329032,0.1646944444444444
12/12/2010,-13.41541935,0.1646944444444444
12/13/2010,-13.37754839,0.1646944444444444
12/14/2010,-13.33967742,0.1646944444444444
12/15/2010,-13.30180645,0.1646944444444444
12/16/2010,-13.26393548,0.1646944444444444
12/17/2010,-13.22606452,0.1646944444444444
12/18/2010,-13.18819355,0.1646944444444444
12/19/2010,-13.15032258,0.1646944444444444
12/20/2010,-13.11245161,0.1646944444444444
12/21/2010,-13.07458065,0.1646944444444444
12/22/2010,-13.03670968,0.1646944444444444
12/23/2010,-12.99883871,0.1646944444444444
12/24/2010,-12.96096774,0.1646944444444444
12/25/2010,-12.92309677,0.1646944444444444
12/26/2010,-12.88522581,0.1646944444444444
12/27/2010,-12.84735484,0.1646944444444444
12/28/2010,-12.80948387,0.1646944444444444
12/29/2010,-12.7716129,0.1646944444444444
12/30/2010,-12.73374194,0.1646944444444444
12/31/2010,-12.69587097,0.1646944444444444
1/1/2011,-12.658,0.1646944444444444
1/2/2011,-12.5646129,0.1646944444444444
1/3/2011,-12.47122581,0.1646944444444444
1/4/2011,-12.37783871,0.1646944444444444
1/5/2011,-12.28445161,0.1646944444444444
1/6/2011,-12.19106452,0.1646944444444444
1/7/2011,-12.09767742,0.1646944444444444
1/8/2011,-12.00429032,0.1646944444444444
1/9/2011,-11.91090323,0.1646944444444444
1/10/2011,-11.81751613,0.1646944444444444
1/11/2011,-11.72412903,0.1646944444444444
1/12/2011,-11.63074194,0.1646944444444444
1/13/2011,-11.53735484,0.1646944444444444
1/14/2011,-11.44396774,0.1646944444444444
1/15/2011,-11.35058065,0.1646944444444444
1/16/2011,-11.25719355,0.1646944444444444
1/17/2011,-11.16380645,0.1646944444444444
1/18/2011,-11.07041935,0.1646944444444444
1/19/2011,-10.97703226,0.1646944444444444
1/20/2011,-10.88364516,0.1646944444444444
1/21/2011,-10.79025806,0.1646944444444444
1/22/2011,-10.69687097,0.1646944444444444
1/23/2011,-10.60348387,0.1646944444444444
1/24/2011,-10.51009677,0.1646944444444444
1/25/2011,-10.41670968,0.1646944444444444
1/26/2011,-10.32332258,0.1646944444444444
1/27/2011,-10.22993548,0.1646944444444444
1/28/2011,-10.13654839,0.1646944444444444
1/29/2011,-10.04316129,0.1646944444444444
1/30/2011,-9.949774194,0.1646944444444444
1/31/2011,-9.856387097,0.1646944444444444
2/1/2011,-9.763,0.1646944444444444
2/2/2011,-9.764607143,0.1646944444444444
2/3/2011,-9.766214286,0.1646944444444444
2/4/2011,-9.767821429,0.1646944444444444
2/5/2011,-9.769428571,0.1646944444444444
2/6/2011,-9.771035714,0.1646944444444444
2/7/2011,-9.772642857,0.1646944444444444
2/8/2011,-9.77425,0.1646944444444444
2/9/2011,-9.775857143,0.1646944444444444
2/10/2011,-9.777464286,0.1646944444444444
2/11/2011,-9.779071429,0.1646944444444444
2/12/2011,-9.780678571,0.1646944444444444
2/13/2011,-9.782285714,0.1646944444444444
2/14/2011,-9.783892857,0.1646944444444444
2/15/2011,-9.7855,0.1646944444444444
2/16/2011,-9.787107143,0.1646944444444444
2/17/2011,-9.788714286,0.1646944444444444
2/18/2011,-9.790321429,0.1646944444444444
2/19/2011,-9.791928571,0.1646944444444444
2/20/2011,-9.793535714,0.1646944444444444
2/21/2011,-9.795142857,0.1646944444444444
2/22/2011,-9.79675,0.1646944444444444
2/23/2011,-9.798357143,0.1646944444444444
2/24/2011,-9.799964286,0.1646944444444444
2/25/2011,-9.801571429,0.1646944444444444
2/26/2011,-9.803178571,0.1646944444444444
2/27/2011,-9.804785714,0.1646944444444444
2/28/2011,-9.806392857,0.1646944444444444
3/1/2011,-9.808,0.1646944444444444
3/2/2011,-9.742967742,0.1646944444444444
3/3/2011,-9.677935484,0.1646944444444444
3/4/2011,-9.612903226,0.1646944444444444
3/5/2011,-9.547870968,0.1646944444444444
3/6/2011,-9.48283871,0.1646944444444444
3/7/2011,-9.417806452,0.1646944444444444
3/8/2011,-9.352774194,0.1646944444444444
3/9/2011,-9.287741935,0.1646944444444444
3/10/2011,-9.222709677,0.1646944444444444
3/11/2011,-9.157677419,0.1646944444444444
3/12/2011,-9.092645161,0.1646944444444444
3/13/2011,-9.027612903,0.1646944444444444
3/14/2011,-8.962580645,0.1646944444444444
3/15/2011,-8.897548387,0.1646944444444444
3/16/2011,-8.832516129,0.1646944444444444
3/17/2011,-8.767483871,0.1646944444444444
3/18/2011,-8.702451613,0.1646944444444444
3/19/2011,-8.637419355,0.1646944444444444
3/20/2011,-8.572387097,0.1646944444444444
3/21/2011,-8.507354839,0.1646944444444444
3/22/2011,-8.442322581,0.1646944444444444
3/23/2011,-8.377290323,0.1646944444444444
3/24/2011,-8.312258065,0.1646944444444444
3/25/2011,-8.247225806,0.1646944444444444
3/26/2011,-8.182193548,0.1646944444444444
3/27/2011,-8.11716129,0.1646944444444444
3/28/2011,-8.052129032,0.1646944444444444
3/29/2011,-7.987096774,0.1646944444444444
3/30/2011,-7.922064516,0.1646944444444444
3/31/2011,-7.857032258,0.1646944444444444
4/1/2011,-7.792,0.1646944444444444
4/2/2011,-7.4787,0.1646944444444444
4/3/2011,-7.1654,0.1646944444444444
4/4/2011,-6.8521,0.1646944444444444
4/5/2011,-6.5388,0.1646944444444444
4/6/2011,-6.2255,0.1646944444444444
4/7/2011,-5.9122,0.1646944444444444
4/8/2011,-5.5989,0.1646944444444444
4/9/2011,-5.2856,0.1646944444444444
4/10/2011,-4.9723,0.1646944444444444
4/11/2011,-4.659,0.1646944444444444
4/12/2011,-4.3457,0.1646944444444444
4/13/2011,-4.0324,0.1646944444444444
4/14/2011,-3.7191,0.1646944444444444
4/15/2011,-3.4058,0.1646944444444444
4/16/2011,-3.0925,0.1646944444444444
4/17/2011,-2.7792,0.1646944444444444
4/18/2011,-2.4659,0.1646944444444444
4/19/2011,-2.1526,0.1646944444444444
4/20/2011,-1.8393,0.1646944444444444
4/21/2011,-1.526,0.1646944444444444
4/22/2011,-1.2127,0.1646944444444444
4/23/2011,-0.8994,0.1646944444444444
4/24/2011,-0.5861,0.1646944444444444
4/25/2011,-0.2728,0.1646944444444444
4/26/2011,0.0405,0.1646944444444444
4/27/2011,0.35379999999999967,0.1646944444444444
4/28/2011,0.6670999999999996,0.1646944444444444
4/29/2011,0.9803999999999995,0.1646944444444444
4/30/2011,1.2936999999999994,0.1646944444444444
5/1/2011,1.607,0.1646944444444444
5/2/2011,0.3541612903225806,0.1646944444444444
5/3/2011,-0.898677419,0.1646944444444444
5/4/2011,-2.151516129,0.1646944444444444
5/5/2011,-3.404354839,0.1646944444444444
5/6/2011,-4.657193548,0.1646944444444444
5/7/2011,-5.910032258,0.1646944444444444
5/8/2011,-7.162870968,0.1646944444444444
5/9/2011,-8.415709677,0.1646944444444444
5/10/2011,-9.668548387,0.1646944444444444
5/11/2011,-10.9213871,0.1646944444444444
5/12/2011,-12.17422581,0.1646944444444444
5/13/2011,-13.42706452,0.1646944444444444
5/14/2011,-14.67990323,0.1646944444444444
5/15/2011,-15.93274194,0.1646944444444444
5/16/2011,-17.18558065,0.1646944444444444
5/17/2011,-18.43841935,0.1646944444444444
5/18/2011,-19.69125806,0.1646944444444444
5/19/2011,-20.94409677,0.1646944444444444
5/20/2011,-22.19693548,0.1646944444444444
5/21/2011,-23.44977419,0.1646944444444444
5/22/2011,-24.7026129,0.1646944444444444
5/23/2011,-25.95545161,0.1646944444444444
5/24/2011,-27.20829032,0.1646944444444444
5/25/2011,-28.46112903,0.1646944444444444
5/26/2011,-29.71396774,0.1646944444444444
5/27/2011,-30.96680645,0.1646944444444444
5/28/2011,-32.21964516,0.1646944444444444
5/29/2011,-33.47248387,0.1646944444444444
5/30/2011,-34.72532258,0.1646944444444444
5/31/2011,-35.97816129,0.1646944444444444
6/1/2011,-37.231,0.1646944444444444
6/2/2011,-35.64453333,0.1646944444444444
6/3/2011,-34.05806667,0.1646944444444444
6/4/2011,-32.4716,0.1646944444444444
6/5/2011,-30.88513333,0.1646944444444444
6/6/2011,-29.29866667,0.1646944444444444
6/7/2011,-27.7122,0.1646944444444444
6/8/2011,-26.12573333,0.1646944444444444
6/9/2011,-24.53926667,0.1646944444444444
6/10/2011,-22.9528,0.1646944444444444
6/11/2011,-21.36633333,0.1646944444444444
6/12/2011,-19.77986667,0.1646944444444444
6/13/2011,-18.1934,0.1646944444444444
6/14/2011,-16.60693333,0.1646944444444444
6/15/2011,-15.02046667,0.1646944444444444
6/16/2011,-13.434,0.1646944444444444
6/17/2011,-11.84753333,0.1646944444444444
6/18/2011,-10.26106667,0.1646944444444444
6/19/2011,-8.6746,0.1646944444444444
6/20/2011,-7.088133333,0.1646944444444444
6/21/2011,-5.501666667,0.1646944444444444
6/22/2011,-3.9152,0.1646944444444444
6/23/2011,-2.328733333,0.1646944444444444
6/24/2011,-0.742266667,0.1646944444444444
6/25/2011,0.8442000000000007,0.1646944444444444
6/26/2011,2.430666666666667,0.1646944444444444
6/27/2011,4.017133333333334,0.1646944444444444
6/28/2011,5.6036,0.1646944444444444
6/29/2011,7.190066666666667,0.1646944444444444
6/30/2011,8.776533333333333,0.1646944444444444
7/1/2011,10.363,0.1646944444444444
7/2/2011,10.310225806451612,0.1646944444444444
7/3/2011,10.257451612903225,0.1646944444444444
7/4/2011,10.204677419354839,0.1646944444444444
7/5/2011,10.151903225806452,0.1646944444444444
7/6/2011,10.099129032258064,0.1646944444444444
7/7/2011,10.046354838709677,0.1646944444444444
7/8/2011,9.993580645,0.1646944444444444
7/9/2011,9.940806451612904,0.1646944444444444
7/10/2011,9.888032258064516,0.1646944444444444
7/11/2011,9.835258064516129,0.1646944444444444
7/12/2011,9.782483870967742,0.1646944444444444
7/13/2011,9.729709677419354,0.1646944444444444
7/14/2011,9.676935483870968,0.1646944444444444
7/15/2011,9.624161290322581,0.1646944444444444
7/16/2011,9.571387096774194,0.1646944444444444
7/17/2011,9.518612903225806,0.1646944444444444
7/18/2011,9.465838709677419,0.1646944444444444
7/19/2011,9.413064516129033,0.1646944444444444
7/20/2011,9.360290322580646,0.1646944444444444
7/21/2011,9.307516129032258,0.1646944444444444
7/22/2011,9.254741935483871,0.1646944444444444
7/23/2011,9.201967741935484,0.1646944444444444
7/24/2011,9.149193548387096,0.1646944444444444
7/25/2011,9.096419355,0.1646944444444444
7/26/2011,9.043645161290323,0.1646944444444444
7/27/2011,8.990870967741936,0.1646944444444444
7/28/2011,8.938096774193548,0.1646944444444444
7/29/2011,8.885322580645163,0.1646944444444444
7/30/2011,8.832548387096775,0.1646944444444444
7/31/2011,8.779774193548388,0.1646944444444444
8/1/2011,8.727,0.1646944444444444
8/2/2011,8.520193548387097,0.1646944444444444
8/3/2011,8.313387096774195,0.1646944444444444
8/4/2011,8.106580645,0.1646944444444444
8/5/2011,7.899774193548387,0.1646944444444444
8/6/2011,7.692967741935484,0.1646944444444444
8/7/2011,7.486161290322581,0.1646944444444444
8/8/2011,7.279354838709677,0.1646944444444444
8/9/2011,7.0725483870967745,0.1646944444444444
8/10/2011,6.865741935483872,0.1646944444444444
8/11/2011,6.658935483870968,0.1646944444444444
8/12/2011,6.452129032258065,0.1646944444444444
8/13/2011,6.245322580645162,0.1646944444444444
8/14/2011,6.038516129032258,0.1646944444444444
8/15/2011,5.831709677419355,0.1646944444444444
8/16/2011,5.624903225806452,0.1646944444444444
8/17/2011,5.418096774193549,0.1646944444444444
8/18/2011,5.211290322580645,0.1646944444444444
8/19/2011,5.004483870967742,0.1646944444444444
8/20/2011,4.797677419354839,0.1646944444444444
8/21/2011,4.590870967741935,0.1646944444444444
8/22/2011,4.384064516129032,0.1646944444444444
8/23/2011,4.1772580645161295,0.1646944444444444
8/24/2011,3.9704516129032257,0.1646944444444444
8/25/2011,3.763645161290323,0.1646944444444444
8/26/2011,3.55683871,0.1646944444444444
8/27/2011,3.350032258064516,0.1646944444444444
8/28/2011,3.143225806451613,0.1646944444444444
8/29/2011,2.9364193548387103,0.1646944444444444
8/30/2011,2.7296129032258065,0.1646944444444444
8/31/2011,2.5228064516129036,0.1646944444444444
9/1/2011,2.316,0.1646944444444444
9/2/2011,2.0454999999999997,0.1646944444444444
9/3/2011,1.775,0.1646944444444444
9/4/2011,1.5044999999999997,0.1646944444444444
9/5/2011,1.2339999999999998,0.1646944444444444
9/6/2011,0.9634999999999998,0.1646944444444444
9/7/2011,0.6929999999999996,0.1646944444444444
9/8/2011,0.42249999999999965,0.1646944444444444
9/9/2011,0.1519999999999997,0.1646944444444444
9/10/2011,-0.1185,0.1646944444444444
9/11/2011,-0.389,0.1646944444444444
9/12/2011,-0.6595,0.1646944444444444
9/13/2011,-0.93,0.1646944444444444
9/14/2011,-1.2005,0.1646944444444444
9/15/2011,-1.471,0.1646944444444444
9/16/2011,-1.7415,0.1646944444444444
9/17/2011,-2.012,0.1646944444444444
9/18/2011,-2.2825,0.1646944444444444
9/19/2011,-2.553,0.1646944444444444
9/20/2011,-2.8235,0.1646944444444444
9/21/2011,-3.094,0.1646944444444444
9/22/2011,-3.3645,0.1646944444444444
9/23/2011,-3.635,0.1646944444444444
9/24/2011,-3.9055,0.1646944444444444
9/25/2011,-4.176,0.1646944444444444
9/26/2011,-4.4465,0.1646944444444444
9/27/2011,-4.717,0.1646944444444444
9/28/2011,-4.9875,0.1646944444444444
9/29/2011,-5.258,0.1646944444444444
9/30/2011,-5.5285,0.1646944444444444
10/1/2011,-5.799,0.1646944444444444
10/2/2011,-6.344096774,0.1646944444444444
10/3/2011,-6.889193548,0.1646944444444444
10/4/2011,-7.434290323,0.1646944444444444
10/5/2011,-7.979387097,0.1646944444444444
10/6/2011,-8.524483871,0.1646944444444444
10/7/2011,-9.069580645,0.1646944444444444
10/8/2011,-9.614677419,0.1646944444444444
10/9/2011,-10.15977419,0.1646944444444444
10/10/2011,-10.70487097,0.1646944444444444
10/11/2011,-11.24996774,0.1646944444444444
10/12/2011,-11.79506452,0.1646944444444444
10/13/2011,-12.34016129,0.1646944444444444
10/14/2011,-12.88525806,0.1646944444444444
10/15/2011,-13.43035484,0.1646944444444444
10/16/2011,-13.97545161,0.1646944444444444
10/17/2011,-14.52054839,0.1646944444444444
10/18/2011,-15.06564516,0.1646944444444444
10/19/2011,-15.61074194,0.1646944444444444
10/20/2011,-16.15583871,0.1646944444444444
10/21/2011,-16.70093548,0.1646944444444444
10/22/2011,-17.24603226,0.1646944444444444
10/23/2011,-17.79112903,0.1646944444444444
10/24/2011,-18.33622581,0.1646944444444444
10/25/2011,-18.88132258,0.1646944444444444
10/26/2011,-19.42641935,0.1646944444444444
10/27/2011,-19.97151613,0.1646944444444444
10/28/2011,-20.5166129,0.1646944444444444
10/29/2011,-21.06170968,0.1646944444444444
10/30/2011,-21.60680645,0.1646944444444444
10/31/2011,-22.15190323,0.1646944444444444
11/1/2011,-22.697,0.1646944444444444
11/2/2011,-22.8399,0.1646944444444444
11/3/2011,-22.9828,0.1646944444444444
11/4/2011,-23.1257,0.1646944444444444
11/5/2011,-23.2686,0.1646944444444444
11/6/2011,-23.4115,0.1646944444444444
11/7/2011,-23.5544,0.1646944444444444
11/8/2011,-23.6973,0.1646944444444444
11/9/2011,-23.8402,0.1646944444444444
11/10/2011,-23.9831,0.1646944444444444
11/11/2011,-24.126,0.1646944444444444
11/12/2011,-24.2689,0.1646944444444444
11/13/2011,-24.4118,0.1646944444444444
11/14/2011,-24.5547,0.1646944444444444
11/15/2011,-24.6976,0.1646944444444444
11/16/2011,-24.8405,0.1646944444444444
11/17/2011,-24.9834,0.1646944444444444
11/18/2011,-25.1263,0.1646944444444444
11/19/2011,-25.2692,0.1646944444444444
11/20/2011,-25.4121,0.1646944444444444
11/21/2011,-25.555,0.1646944444444444
11/22/2011,-25.6979,0.1646944444444444
11/23/2011,-25.8408,0.1646944444444444
11/24/2011,-25.9837,0.1646944444444444
11/25/2011,-26.1266,0.1646944444444444
11/26/2011,-26.2695,0.1646944444444444
11/27/2011,-26.4124,0.1646944444444444
11/28/2011,-26.5553,0.1646944444444444
11/29/2011,-26.6982,0.1646944444444444
11/30/2011,-26.8411,0.1646944444444444
12/1/2011,-26.984,0.1646944444444444
12/2/2011,-27.16132258,0.1646944444444444
12/3/2011,-27.33864516,0.1646944444444444
12/4/2011,-27.51596774,0.1646944444444444
12/5/2011,-27.69329032,0.1646944444444444
12/6/2011,-27.8706129,0.1646944444444444
12/7/2011,-28.04793548,0.1646944444444444
12/8/2011,-28.22525806,0.1646944444444444
12/9/2011,-28.40258065,0.1646944444444444
12/10/2011,-28.57990323,0.1646944444444444
12/11/2011,-28.75722581,0.1646944444444444
12/12/2011,-28.93454839,0.1646944444444444
12/13/2011,-29.11187097,0.1646944444444444
12/14/2011,-29.28919355,0.1646944444444444
12/15/2011,-29.46651613,0.1646944444444444
12/16/2011,-29.64383871,0.1646944444444444
12/17/2011,-29.82116129,0.1646944444444444
12/18/2011,-29.99848387,0.1646944444444444
12/19/2011,-30.17580645,0.1646944444444444
12/20/2011,-30.35312903,0.1646944444444444
12/21/2011,-30.53045161,0.1646944444444444
12/22/2011,-30.70777419,0.1646944444444444
12/23/2011,-30.88509677,0.1646944444444444
12/24/2011,-31.06241935,0.1646944444444444
12/25/2011,-31.23974194,0.1646944444444444
12/26/2011,-31.41706452,0.1646944444444444
12/27/2011,-31.5943871,0.1646944444444444
12/28/2011,-31.77170968,0.1646944444444444
12/29/2011,-31.94903226,0.1646944444444444
12/30/2011,-32.12635484,0.1646944444444444
12/31/2011,-32.30367742,0.1646944444444444
1/1/2012,-32.481,0.1646944444444444
1/2/2012,-32.26016129,0.1646944444444444
1/3/2012,-32.03932258,0.1646944444444444
1/4/2012,-31.81848387,0.1646944444444444
1/5/2012,-31.59764516,0.1646944444444444
1/6/2012,-31.37680645,0.1646944444444444
1/7/2012,-31.15596774,0.1646944444444444
1/8/2012,-30.93512903,0.1646944444444444
1/9/2012,-30.71429032,0.1646944444444444
1/10/2012,-30.49345161,0.1646944444444444
1/11/2012,-30.2726129,0.1646944444444444
1/12/2012,-30.05177419,0.1646944444444444
1/13/2012,-29.83093548,0.1646944444444444
1/14/2012,-29.61009677,0.1646944444444444
1/15/2012,-29.38925806,0.1646944444444444
1/16/2012,-29.16841935,0.1646944444444444
1/17/2012,-28.94758065,0.1646944444444444
1/18/2012,-28.72674194,0.1646944444444444
1/19/2012,-28.50590323,0.1646944444444444
1/20/2012,-28.28506452,0.1646944444444444
1/21/2012,-28.06422581,0.1646944444444444
1/22/2012,-27.8433871,0.1646944444444444
1/23/2012,-27.62254839,0.1646944444444444
1/24/2012,-27.40170968,0.1646944444444444
1/25/2012,-27.18087097,0.1646944444444444
1/26/2012,-26.96003226,0.1646944444444444
1/27/2012,-26.73919355,0.1646944444444444
1/28/2012,-26.51835484,0.1646944444444444
1/29/2012,-26.29751613,0.1646944444444444
1/30/2012,-26.07667742,0.1646944444444444
1/31/2012,-25.85583871,0.1646944444444444
2/1/2012,-25.635,0.1646944444444444
2/2/2012,-25.95596552,0.1646944444444444
2/3/2012,-26.27693103,0.1646944444444444
2/4/2012,-26.59789655,0.1646944444444444
2/5/2012,-26.91886207,0.1646944444444444
2/6/2012,-27.23982759,0.1646944444444444
2/7/2012,-27.5607931,0.1646944444444444
2/8/2012,-27.88175862,0.1646944444444444
2/9/2012,-28.20272414,0.1646944444444444
2/10/2012,-28.52368966,0.1646944444444444
2/11/2012,-28.84465517,0.1646944444444444
2/12/2012,-29.16562069,0.1646944444444444
2/13/2012,-29.48658621,0.1646944444444444
2/14/2012,-29.80755172,0.1646944444444444
2/15/2012,-30.12851724,0.1646944444444444
2/16/2012,-30.44948276,0.1646944444444444
2/17/2012,-30.77044828,0.1646944444444444
2/18/2012,-31.09141379,0.1646944444444444
2/19/2012,-31.41237931,0.1646944444444444
2/20/2012,-31.73334483,0.1646944444444444
2/21/2012,-32.05431034,0.1646944444444444
2/22/2012,-32.37527586,0.1646944444444444
2/23/2012,-32.69624138,0.1646944444444444
2/24/2012,-33.0172069,0.1646944444444444
2/25/2012,-33.33817241,0.1646944444444444
2/26/2012,-33.65913793,0.1646944444444444
2/27/2012,-33.98010345,0.1646944444444444
2/28/2012,-34.30106897,0.1646944444444444
2/29/2012,-34.62203448,0.1646944444444444
3/1/2012,-34.943,0.1646944444444444
3/2/2012,-34.33535484,0.1646944444444444
3/3/2012,-33.72770968,0.1646944444444444
3/4/2012,-33.12006452,0.1646944444444444
3/5/2012,-32.51241935,0.1646944444444444
3/6/2012,-31.90477419,0.1646944444444444
3/7/2012,-31.29712903,0.1646944444444444
3/8/2012,-30.68948387,0.1646944444444444
3/9/2012,-30.08183871,0.1646944444444444
3/10/2012,-29.47419355,0.1646944444444444
3/11/2012,-28.86654839,0.1646944444444444
3/12/2012,-28.25890323,0.1646944444444444
3/13/2012,-27.65125806,0.1646944444444444
3/14/2012,-27.0436129,0.1646944444444444
3/15/2012,-26.43596774,0.1646944444444444
3/16/2012,-25.82832258,0.1646944444444444
3/17/2012,-25.22067742,0.1646944444444444
3/18/2012,-24.61303226,0.1646944444444444
3/19/2012,-24.0053871,0.1646944444444444
3/20/2012,-23.39774194,0.1646944444444444
3/21/2012,-22.79009677,0.1646944444444444
3/22/2012,-22.18245161,0.1646944444444444
3/23/2012,-21.57480645,0.1646944444444444
3/24/2012,-20.96716129,0.1646944444444444
3/25/2012,-20.35951613,0.1646944444444444
3/26/2012,-19.75187097,0.1646944444444444
3/27/2012,-19.14422581,0.1646944444444444
3/28/2012,-18.53658065,0.1646944444444444
3/29/2012,-17.92893548,0.1646944444444444
3/30/2012,-17.32129032,0.1646944444444444
3/31/2012,-16.71364516,0.1646944444444444
4/1/2012,-16.106,0.1646944444444444
4/2/2012,-15.74286667,0.1646944444444444
4/3/2012,-15.37973333,0.1646944444444444
4/4/2012,-15.0166,0.1646944444444444
4/5/2012,-14.65346667,0.1646944444444444
4/6/2012,-14.29033333,0.1646944444444444
4/7/2012,-13.9272,0.1646944444444444
4/8/2012,-13.56406667,0.1646944444444444
4/9/2012,-13.20093333,0.1646944444444444
4/10/2012,-12.8378,0.1646944444444444
4/11/2012,-12.47466667,0.1646944444444444
4/12/2012,-12.11153333,0.1646944444444444
4/13/2012,-11.7484,0.1646944444444444
4/14/2012,-11.38526667,0.1646944444444444
4/15/2012,-11.02213333,0.1646944444444444
4/16/2012,-10.659,0.1646944444444444
4/17/2012,-10.29586667,0.1646944444444444
4/18/2012,-9.932733333,0.1646944444444444
4/19/2012,-9.5696,0.1646944444444444
4/20/2012,-9.206466667,0.1646944444444444
4/21/2012,-8.843333333,0.1646944444444444
4/22/2012,-8.4802,0.1646944444444444
4/23/2012,-8.117066667,0.1646944444444444
4/24/2012,-7.753933333,0.1646944444444444
4/25/2012,-7.3908,0.1646944444444444
4/26/2012,-7.027666667,0.1646944444444444
4/27/2012,-6.664533333,0.1646944444444444
4/28/2012,-6.3014,0.1646944444444444
4/29/2012,-5.938266667,0.1646944444444444
4/30/2012,-5.575133333,0.1646944444444444
5/1/2012,-5.212,0.1646944444444444
5/2/2012,-4.833096774,0.1646944444444444
5/3/2012,-4.454193548,0.1646944444444444
5/4/2012,-4.075290323,0.1646944444444444
5/5/2012,-3.696387097,0.1646944444444444
5/6/2012,-3.317483871,0.1646944444444444
5/7/2012,-2.938580645,0.1646944444444444
5/8/2012,-2.559677419,0.1646944444444444
5/9/2012,-2.180774194,0.1646944444444444
5/10/2012,-1.801870968,0.1646944444444444
5/11/2012,-1.422967742,0.1646944444444444
5/12/2012,-1.044064516,0.1646944444444444
5/13/2012,-0.66516129,0.1646944444444444
5/14/2012,-0.286258065,0.1646944444444444
5/15/2012,0.092645161,0.1646944444444444
5/16/2012,0.4715483870967736,0.1646944444444444
5/17/2012,0.8504516129032256,0.1646944444444444
5/18/2012,1.2293548387096775,0.1646944444444444
5/19/2012,1.6082580645161286,0.1646944444444444
5/20/2012,1.9871612903225806,0.1646944444444444
5/21/2012,2.3660645161290317,0.1646944444444444
5/22/2012,2.7449677419354837,0.1646944444444444
5/23/2012,3.1238709677419347,0.1646944444444444
5/24/2012,3.5027741935483867,0.1646944444444444
5/25/2012,3.8816774193548387,0.1646944444444444
5/26/2012,4.260580645161291,0.1646944444444444
5/27/2012,4.639483870967741,0.1646944444444444
5/28/2012,5.018387096774193,0.1646944444444444
5/29/2012,5.397290322580645,0.1646944444444444
5/30/2012,5.776193548387097,0.1646944444444444
5/31/2012,6.155096774193547,0.1646944444444444
6/1/2012,6.534,0.1646944444444444
6/2/2012,6.705133333333333,0.1646944444444444
6/3/2012,6.876266666666666,0.1646944444444444
6/4/2012,7.0474,0.1646944444444444
6/5/2012,7.218533333333333,0.1646944444444444
6/6/2012,7.389666666666667,0.1646944444444444
6/7/2012,7.5607999999999995,0.1646944444444444
6/8/2012,7.731933333333333,0.1646944444444444
6/9/2012,7.903066666666666,0.1646944444444444
6/10/2012,8.0742,0.1646944444444444
6/11/2012,8.245333333333333,0.1646944444444444
6/12/2012,8.416466666666667,0.1646944444444444
6/13/2012,8.587599999999998,0.1646944444444444
6/14/2012,8.758733333333332,0.1646944444444444
6/15/2012,8.929866666666666,0.1646944444444444
6/16/2012,9.100999999999999,0.1646944444444444
6/17/2012,9.272133333333333,0.1646944444444444
6/18/2012,9.443266666666666,0.1646944444444444
6/19/2012,9.6144,0.1646944444444444
6/20/2012,9.785533333333333,0.1646944444444444
6/21/2012,9.956666666666667,0.1646944444444444
6/22/2012,10.127799999999999,0.1646944444444444
6/23/2012,10.298933333333332,0.1646944444444444
6/24/2012,10.470066666666666,0.1646944444444444
6/25/2012,10.641199999999998,0.1646944444444444
6/26/2012,10.812333333333331,0.1646944444444444
6/27/2012,10.983466666666665,0.1646944444444444
6/28/2012,11.154599999999999,0.1646944444444444
6/29/2012,11.325733333333332,0.1646944444444444
6/30/2012,11.496866666666666,0.1646944444444444
7/1/2012,11.668,0.1646944444444444
7/2/2012,11.611935483870967,0.1646944444444444
7/3/2012,11.555870967741935,0.1646944444444444
7/4/2012,11.499806451612903,0.1646944444444444
7/5/2012,11.443741935483871,0.1646944444444444
7/6/2012,11.387677419354837,0.1646944444444444
7/7/2012,11.331612903225805,0.1646944444444444
7/8/2012,11.275548387096773,0.1646944444444444
7/9/2012,11.219483870967741,0.1646944444444444
7/10/2012,11.163419354838709,0.1646944444444444
7/11/2012,11.107354838709677,0.1646944444444444
7/12/2012,11.051290322580645,0.1646944444444444
7/13/2012,10.995225806451613,0.1646944444444444
7/14/2012,10.93916129032258,0.1646944444444444
7/15/2012,10.883096774193548,0.1646944444444444
7/16/2012,10.827032258064516,0.1646944444444444
7/17/2012,10.770967741935483,0.1646944444444444
7/18/2012,10.71490322580645,0.1646944444444444
7/19/2012,10.658838709677418,0.1646944444444444
7/20/2012,10.602774193548386,0.1646944444444444
7/21/2012,10.546709677419354,0.1646944444444444
7/22/2012,10.490645161290322,0.1646944444444444
7/23/2012,10.43458064516129,0.1646944444444444
7/24/2012,10.378516129032258,0.1646944444444444
7/25/2012,10.322451612903226,0.1646944444444444
7/26/2012,10.266387096774192,0.1646944444444444
7/27/2012,10.210322580645162,0.1646944444444444
7/28/2012,10.154258064516128,0.1646944444444444
7/29/2012,10.098193548387096,0.1646944444444444
7/30/2012,10.042129032258064,0.1646944444444444
7/31/2012,9.986064516129032,0.1646944444444444
8/1/2012,9.93,0.1646944444444444
8/2/2012,9.711064516129031,0.1646944444444444
8/3/2012,9.492129032258065,0.1646944444444444
8/4/2012,9.273193548387097,0.1646944444444444
8/5/2012,9.054258064516128,0.1646944444444444
8/6/2012,8.835322580645162,0.1646944444444444
8/7/2012,8.616387096774194,0.1646944444444444
8/8/2012,8.397451612903225,0.1646944444444444
8/9/2012,8.178516129032257,0.1646944444444444
8/10/2012,7.9595806451612905,0.1646944444444444
8/11/2012,7.740645161290322,0.1646944444444444
8/12/2012,7.521709677419355,0.1646944444444444
8/13/2012,7.302774193548387,0.1646944444444444
8/14/2012,7.083838709677419,0.1646944444444444
8/15/2012,6.864903225806452,0.1646944444444444
8/16/2012,6.645967741935484,0.1646944444444444
8/17/2012,6.427032258064516,0.1646944444444444
8/18/2012,6.208096774193548,0.1646944444444444
8/19/2012,5.98916129,0.1646944444444444
8/20/2012,5.770225806451613,0.1646944444444444
8/21/2012,5.551290322580645,0.1646944444444444
8/22/2012,5.332354838709677,0.1646944444444444
8/23/2012,5.113419355,0.1646944444444444
8/24/2012,4.894483870967742,0.1646944444444444
8/25/2012,4.675548387096774,0.1646944444444444
8/26/2012,4.456612903225807,0.1646944444444444
8/27/2012,4.2376774193548385,0.1646944444444444
8/28/2012,4.018741935483871,0.1646944444444444
8/29/2012,3.7998064516129038,0.1646944444444444
8/30/2012,3.5808709677419355,0.1646944444444444
8/31/2012,3.361935483870968,0.1646944444444444
9/1/2012,3.143,0.1646944444444444
9/2/2012,2.8715333333333333,0.1646944444444444
9/3/2012,2.6000666666666663,0.1646944444444444
9/4/2012,2.3286,0.1646944444444444
9/5/2012,2.057133333333333,0.1646944444444444
9/6/2012,1.7856666666666663,0.1646944444444444
9/7/2012,1.5141999999999998,0.1646944444444444
9/8/2012,1.242733333333333,0.1646944444444444
9/9/2012,0.9712666666666663,0.1646944444444444
9/10/2012,0.6997999999999998,0.1646944444444444
9/11/2012,0.4283333333333328,0.1646944444444444
9/12/2012,0.15686666666666627,0.1646944444444444
9/13/2012,-0.1146,0.1646944444444444
9/14/2012,-0.386066667,0.1646944444444444
9/15/2012,-0.657533333,0.1646944444444444
9/16/2012,-0.929,0.1646944444444444
9/17/2012,-1.200466667,0.1646944444444444
9/18/2012,-1.471933333,0.1646944444444444
9/19/2012,-1.7434,0.1646944444444444
9/20/2012,-2.014866667,0.1646944444444444
9/21/2012,-2.286333333,0.1646944444444444
9/22/2012,-2.5578,0.1646944444444444
9/23/2012,-2.829266667,0.1646944444444444
9/24/2012,-3.100733333,0.1646944444444444
9/25/2012,-3.3722,0.1646944444444444
9/26/2012,-3.643666667,0.1646944444444444
9/27/2012,-3.915133333,0.1646944444444444
9/28/2012,-4.1866,0.1646944444444444
9/29/2012,-4.458066667,0.1646944444444444
9/30/2012,-4.729533333,0.1646944444444444
10/1/2012,-5.001,0.1646944444444444
10/2/2012,-5.454451613,0.1646944444444444
10/3/2012,-5.907903226,0.1646944444444444
10/4/2012,-6.361354839,0.1646944444444444
10/5/2012,-6.814806452,0.1646944444444444
10/6/2012,-7.268258065,0.1646944444444444
10/7/2012,-7.721709677,0.1646944444444444
10/8/2012,-8.17516129,0.1646944444444444
10/9/2012,-8.628612903,0.1646944444444444
10/10/2012,-9.082064516,0.1646944444444444
10/11/2012,-9.535516129,0.1646944444444444
10/12/2012,-9.988967742,0.1646944444444444
10/13/2012,-10.44241935,0.1646944444444444
10/14/2012,-10.89587097,0.1646944444444444
10/15/2012,-11.34932258,0.1646944444444444
10/16/2012,-11.80277419,0.1646944444444444
10/17/2012,-12.25622581,0.1646944444444444
10/18/2012,-12.70967742,0.1646944444444444
10/19/2012,-13.16312903,0.1646944444444444
10/20/2012,-13.61658065,0.1646944444444444
10/21/2012,-14.07003226,0.1646944444444444
10/22/2012,-14.52348387,0.1646944444444444
10/23/2012,-14.97693548,0.1646944444444444
10/24/2012,-15.4303871,0.1646944444444444
10/25/2012,-15.88383871,0.1646944444444444
10/26/2012,-16.33729032,0.1646944444444444
10/27/2012,-16.79074194,0.1646944444444444
10/28/2012,-17.24419355,0.1646944444444444
10/29/2012,-17.69764516,0.1646944444444444
10/30/2012,-18.15109677,0.1646944444444444
10/31/2012,-18.60454839,0.1646944444444444
11/1/2012,-19.058,0.1646944444444444
11/2/2012,-19.3468,0.1646944444444444
11/3/2012,-19.6356,0.1646944444444444
11/4/2012,-19.9244,0.1646944444444444
11/5/2012,-20.2132,0.1646944444444444
11/6/2012,-20.502,0.1646944444444444
11/7/2012,-20.7908,0.1646944444444444
11/8/2012,-21.0796,0.1646944444444444
11/9/2012,-21.3684,0.1646944444444444
11/10/2012,-21.6572,0.1646944444444444
11/11/2012,-21.946,0.1646944444444444
11/12/2012,-22.2348,0.1646944444444444
11/13/2012,-22.5236,0.1646944444444444
11/14/2012,-22.8124,0.1646944444444444
11/15/2012,-23.1012,0.1646944444444444
11/16/2012,-23.39,0.1646944444444444
11/17/2012,-23.6788,0.1646944444444444
11/18/2012,-23.9676,0.1646944444444444
11/19/2012,-24.2564,0.1646944444444444
11/20/2012,-24.5452,0.1646944444444444
11/21/2012,-24.834,0.1646944444444444
11/22/2012,-25.1228,0.1646944444444444
11/23/2012,-25.4116,0.1646944444444444
11/24/2012,-25.7004,0.1646944444444444
11/25/2012,-25.9892,0.1646944444444444
11/26/2012,-26.278,0.1646944444444444
11/27/2012,-26.5668,0.1646944444444444
11/28/2012,-26.8556,0.1646944444444444
11/29/2012,-27.1444,0.1646944444444444
11/30/2012,-27.4332,0.1646944444444444
12/1/2012,-27.722,0.1646944444444444
12/2/2012,-27.7193871,0.1646944444444444
12/3/2012,-27.71677419,0.1646944444444444
12/4/2012,-27.71416129,0.1646944444444444
12/5/2012,-27.71154839,0.1646944444444444
12/6/2012,-27.70893548,0.1646944444444444
12/7/2012,-27.70632258,0.1646944444444444
12/8/2012,-27.70370968,0.1646944444444444
12/9/2012,-27.70109677,0.1646944444444444
12/10/2012,-27.69848387,0.1646944444444444
12/11/2012,-27.69587097,0.1646944444444444
12/12/2012,-27.69325806,0.1646944444444444
12/13/2012,-27.69064516,0.1646944444444444
12/14/2012,-27.68803226,0.1646944444444444
12/15/2012,-27.68541935,0.1646944444444444
12/16/2012,-27.68280645,0.1646944444444444
12/17/2012,-27.68019355,0.1646944444444444
12/18/2012,-27.67758065,0.1646944444444444
12/19/2012,-27.67496774,0.1646944444444444
12/20/2012,-27.67235484,0.1646944444444444
12/21/2012,-27.66974194,0.1646944444444444
12/22/2012,-27.66712903,0.1646944444444444
12/23/2012,-27.66451613,0.1646944444444444
12/24/2012,-27.66190323,0.1646944444444444
12/25/2012,-27.65929032,0.1646944444444444
12/26/2012,-27.65667742,0.1646944444444444
12/27/2012,-27.65406452,0.1646944444444444
12/28/2012,-27.65145161,0.1646944444444444
12/29/2012,-27.64883871,0.1646944444444444
12/30/2012,-27.64622581,0.1646944444444444
12/31/2012,-27.6436129,0.1646944444444444
1/1/2013,-27.641,0.1646944444444444
1/2/2013,-27.79448387,0.1646944444444444
1/3/2013,-27.94796774,0.1646944444444444
1/4/2013,-28.10145161,0.1646944444444444
1/5/2013,-28.25493548,0.1646944444444444
1/6/2013,-28.40841935,0.1646944444444444
1/7/2013,-28.56190323,0.1646944444444444
1/8/2013,-28.7153871,0.1646944444444444
1/9/2013,-28.86887097,0.1646944444444444
1/10/2013,-29.02235484,0.1646944444444444
1/11/2013,-29.17583871,0.1646944444444444
1/12/2013,-29.32932258,0.1646944444444444
1/13/2013,-29.48280645,0.1646944444444444
1/14/2013,-29.63629032,0.1646944444444444
1/15/2013,-29.78977419,0.1646944444444444
1/16/2013,-29.94325806,0.1646944444444444
1/17/2013,-30.09674194,0.1646944444444444
1/18/2013,-30.25022581,0.1646944444444444
1/19/2013,-30.40370968,0.1646944444444444
1/20/2013,-30.55719355,0.1646944444444444
1/21/2013,-30.71067742,0.1646944444444444
1/22/2013,-30.86416129,0.1646944444444444
1/23/2013,-31.01764516,0.1646944444444444
1/24/2013,-31.17112903,0.1646944444444444
1/25/2013,-31.3246129,0.1646944444444444
1/26/2013,-31.47809677,0.1646944444444444
1/27/2013,-31.63158065,0.1646944444444444
1/28/2013,-31.78506452,0.1646944444444444
1/29/2013,-31.93854839,0.1646944444444444
1/30/2013,-32.09203226,0.1646944444444444
1/31/2013,-32.24551613,0.1646944444444444
2/1/2013,-32.399,0.1646944444444444
