Date/Depth,0,0.01
2009-06-25 00:00:00,0.55,-999
2009-06-26 00:00:00,0.55,-999
2009-06-27 00:00:00,1.4,-999
2009-06-28 00:00:00,2.03,-999
2009-06-29 00:00:00,2.19,-999
2009-06-30 00:00:00,2.49,-999
2009-07-01 00:00:00,2.6,-999
2009-07-02 00:00:00,2.65,-999
2009-07-03 00:00:00,2.31,-999
2009-07-04 00:00:00,2.71,-999
2009-07-05 00:00:00,3.69,-999
2009-07-06 00:00:00,3.92,-999
2009-07-07 00:00:00,3.34,-999
2009-07-08 00:00:00,2.34,-999
2009-07-09 00:00:00,2.11,-999
2009-07-10 00:00:00,3.63,-999
2009-07-11 00:00:00,4.43,-999
2009-07-12 00:00:00,6.72,-999
2009-07-13 00:00:00,6.92,-999
2009-07-14 00:00:00,5.38,-999
2009-07-15 00:00:00,3.86,-999
2009-07-16 00:00:00,4.65,-999
2009-07-17 00:00:00,3.77,-999
2009-07-18 00:00:00,3.66,-999
2009-07-19 00:00:00,3.16,-999
2009-07-20 00:00:00,3.2,-999
2009-07-21 00:00:00,2.6,-999
2009-07-22 00:00:00,2.72,-999
2009-07-23 00:00:00,2,-999
2009-07-24 00:00:00,2.95,-999
2009-07-25 00:00:00,4.92,-999
2009-07-26 00:00:00,5.29,-999
2009-07-27 00:00:00,4.39,-999
2009-07-28 00:00:00,5.57,-999
2009-07-29 00:00:00,5.26,-999
2009-07-30 00:00:00,6.31,-999
2009-07-31 00:00:00,5.3,-999
2009-08-01 00:00:00,6.26,-999
2009-08-02 00:00:00,7.8,-999
2009-08-03 00:00:00,8.6,-999
2009-08-04 00:00:00,8.46,-999
2009-08-05 00:00:00,6.89,-999
2009-08-06 00:00:00,4.92,-999
2009-08-07 00:00:00,4.2,-999
2009-08-08 00:00:00,4.13,-999
2009-08-09 00:00:00,2.77,-999
2009-08-10 00:00:00,2.16,-999
2009-08-11 00:00:00,3.17,-999
2009-08-12 00:00:00,3.19,-999
2009-08-13 00:00:00,3.6,-999
2009-08-14 00:00:00,3.74,-999
2009-08-15 00:00:00,4.4,-999
2009-08-16 00:00:00,3.54,-999
2009-08-17 00:00:00,3.56,-999
2009-08-18 00:00:00,3.04,-999
2009-08-19 00:00:00,3.4,-999
2009-08-20 00:00:00,4.41,-999
2009-08-21 00:00:00,5.35,-999
2009-08-22 00:00:00,6.21,-999
2009-08-23 00:00:00,5.02,-999
2009-08-24 00:00:00,4.41,-999
2009-08-25 00:00:00,3.31,-999
2009-08-26 00:00:00,2.91,-999
2009-08-27 00:00:00,3.06,-999
2009-08-28 00:00:00,2.68,-999
2009-08-29 00:00:00,2.47,-999
2009-08-30 00:00:00,2.4,-999
2009-08-31 00:00:00,1.34,-999
2009-09-01 00:00:00,3.81,-999
2009-09-02 00:00:00,4.83,-999
2009-09-03 00:00:00,4.64,-999
2009-09-04 00:00:00,4.06,-999
2009-09-05 00:00:00,4.98,-999
2009-09-06 00:00:00,3.19,-999
2009-09-07 00:00:00,2.27,-999
2009-09-08 00:00:00,1.77,-999
2009-09-09 00:00:00,1.62,-999
2009-09-10 00:00:00,2.44,-999
2009-09-11 00:00:00,2.18,-999
2009-09-12 00:00:00,1.9,-999
2009-09-13 00:00:00,2.11,-999
2009-09-14 00:00:00,1.73,-999
2009-09-15 00:00:00,2.16,-999
2009-09-16 00:00:00,1.82,-999
2009-09-17 00:00:00,1.55,-999
2009-09-18 00:00:00,1.08,-999
2009-09-19 00:00:00,0.48,-999
2009-09-20 00:00:00,0.13,-999
2009-09-21 00:00:00,0.02,-999
2009-09-22 00:00:00,-0.02,-999
2009-09-23 00:00:00,-0.02,-999
2009-09-24 00:00:00,-0.02,-999
2009-09-25 00:00:00,-0.02,-999
2009-09-26 00:00:00,-0.01,-999
2009-09-27 00:00:00,-0.01,-999
2009-09-28 00:00:00,-0.01,-999
2009-09-29 00:00:00,-0.01,-999
2009-09-30 00:00:00,-0.02,-999
2009-10-01 00:00:00,-0.06,-999
2009-10-02 00:00:00,-0.11,-999
2009-10-03 00:00:00,-0.15,-999
2009-10-04 00:00:00,-0.14,-999
2009-10-05 00:00:00,-0.08,-999
2009-10-06 00:00:00,-0.07,-999
2009-10-07 00:00:00,-0.14,-999
2009-10-08 00:00:00,-0.29,-999
2009-10-09 00:00:00,-0.3,-999
2009-10-10 00:00:00,-0.15,-999
2009-10-11 00:00:00,-0.13,-999
2009-10-12 00:00:00,-0.12,-999
2009-10-13 00:00:00,-0.08,-999
2009-10-14 00:00:00,-0.08,-999
2009-10-15 00:00:00,-0.07,-999
2009-10-16 00:00:00,-0.07,-999
2009-10-17 00:00:00,-0.05,-999
2009-10-18 00:00:00,-0.06,-999
2009-10-19 00:00:00,-0.1,-999
2009-10-20 00:00:00,-0.22,-999
2009-10-21 00:00:00,-0.45,-999
2009-10-22 00:00:00,-0.91,-999
2009-10-23 00:00:00,-0.83,-999
2009-10-24 00:00:00,-1.3,-999
2009-10-25 00:00:00,-0.61,-999
2009-10-26 00:00:00,-0.7,-999
2009-10-27 00:00:00,-0.72,-999
2009-10-28 00:00:00,-0.79,-999
2009-10-29 00:00:00,-0.71,-999
2009-10-30 00:00:00,-0.75,-999
2009-10-31 00:00:00,-0.75,-999
2009-11-01 00:00:00,-1.17,-999
2009-11-02 00:00:00,-2.08,-999
2009-11-03 00:00:00,-2.05,-999
2009-11-04 00:00:00,-2.79,-999
2009-11-05 00:00:00,-2.38,-999
2009-11-06 00:00:00,-1.73,-999
2009-11-07 00:00:00,-1.83,-999
2009-11-08 00:00:00,-2.38,-999
2009-11-09 00:00:00,-2.77,-999
2009-11-10 00:00:00,-3.32,-999
2009-11-11 00:00:00,-4.23,-999
2009-11-12 00:00:00,-4.5,-999
2009-11-13 00:00:00,-4.42,-999
2009-11-14 00:00:00,-6.29,-999
2009-11-15 00:00:00,-7.86,-999
2009-11-16 00:00:00,-7.79,-999
2009-11-17 00:00:00,-8.8,-999
2009-11-18 00:00:00,-9.29,-999
2009-11-19 00:00:00,-10.05,-999
2009-11-20 00:00:00,-10.48,-999
2009-11-21 00:00:00,-10.87,-999
2009-11-22 00:00:00,-11.94,-999
2009-11-23 00:00:00,-11.44,-999
2009-11-24 00:00:00,-11.09,-999
2009-11-25 00:00:00,-10.93,-999
2009-11-26 00:00:00,-10.89,-999
2009-11-27 00:00:00,-10.95,-999
2009-11-28 00:00:00,-10.69,-999
2009-11-29 00:00:00,-11.33,-999
2009-11-30 00:00:00,-11.05,-999
2009-12-01 00:00:00,-11.39,-999
2009-12-02 00:00:00,-10.99,-999
2009-12-03 00:00:00,-10.44,-999
2009-12-04 00:00:00,-11.5,-999
2009-12-05 00:00:00,-12.14,-999
2009-12-06 00:00:00,-10.54,-999
2009-12-07 00:00:00,-9.85,-999
2009-12-08 00:00:00,-9.18,-999
2009-12-09 00:00:00,-8.88,-999
2009-12-10 00:00:00,-8.78,-999
2009-12-11 00:00:00,-8.9,-999
2009-12-12 00:00:00,-9.11,-999
2009-12-13 00:00:00,-10.12,-999
2009-12-14 00:00:00,-11.51,-999
2009-12-15 00:00:00,-12.31,-999
2009-12-16 00:00:00,-13.09,-999
2009-12-17 00:00:00,-13.49,-999
2009-12-18 00:00:00,-13.74,-999
2009-12-19 00:00:00,-13.46,-999
2009-12-20 00:00:00,-13.54,-999
2009-12-21 00:00:00,-13.28,-999
2009-12-22 00:00:00,-12.98,-999
2009-12-23 00:00:00,-13.03,-999
2009-12-24 00:00:00,-13.01,-999
2009-12-25 00:00:00,-13.3,-999
2009-12-26 00:00:00,-13.94,-999
2009-12-27 00:00:00,-13.74,-999
2009-12-28 00:00:00,-13.27,-999
2009-12-29 00:00:00,-12.91,-999
2009-12-30 00:00:00,-13.22,-999
2009-12-31 00:00:00,-13.93,-999
2010-01-01 00:00:00,-14.69,-999
2010-01-02 00:00:00,-13.93,-999
2010-01-03 00:00:00,-13.79,-999
2010-01-04 00:00:00,-14.02,-999
2010-01-05 00:00:00,-14.28,-999
2010-01-06 00:00:00,-14.21,-999
2010-01-07 00:00:00,-14.06,-999
2010-01-08 00:00:00,-14.85,-999
2010-01-09 00:00:00,-16.67,-999
2010-01-10 00:00:00,-18.1,-999
2010-01-11 00:00:00,-18.18,-999
2010-01-12 00:00:00,-18.04,-999
2010-01-13 00:00:00,-17.09,-999
2010-01-14 00:00:00,-17.1,-999
2010-01-15 00:00:00,-17.98,-999
2010-01-16 00:00:00,-18.08,-999
2010-01-17 00:00:00,-18.73,-999
2010-01-18 00:00:00,-19.34,-999
2010-01-19 00:00:00,-20.23,-999
2010-01-20 00:00:00,-20.25,-999
2010-01-21 00:00:00,-19.78,-999
2010-01-22 00:00:00,-19.44,-999
2010-01-23 00:00:00,-19.58,-999
2010-01-24 00:00:00,-19.27,-999
2010-01-25 00:00:00,-19.11,-999
2010-01-26 00:00:00,-17.85,-999
2010-01-27 00:00:00,-17.3,-999
2010-01-28 00:00:00,-17.91,-999
2010-01-29 00:00:00,-17.5,-999
2010-01-30 00:00:00,-16.93,-999
2010-01-31 00:00:00,-16.69,-999
2010-02-01 00:00:00,-16.65,-999
2010-02-02 00:00:00,-17.4,-999
2010-02-03 00:00:00,-17.15,-999
2010-02-04 00:00:00,-18.45,-999
2010-02-05 00:00:00,-18.54,-999
2010-02-06 00:00:00,-19.01,-999
2010-02-07 00:00:00,-18.62,-999
2010-02-08 00:00:00,-18.39,-999
2010-02-09 00:00:00,-18.49,-999
2010-02-10 00:00:00,-17.97,-999
2010-02-11 00:00:00,-16.96,-999
2010-02-12 00:00:00,-16.24,-999
2010-02-13 00:00:00,-15.96,-999
2010-02-14 00:00:00,-15.67,-999
2010-02-15 00:00:00,-15.28,-999
2010-02-16 00:00:00,-15.01,-999
2010-02-17 00:00:00,-15.12,-999
2010-02-18 00:00:00,-15.19,-999
2010-02-19 00:00:00,-14.81,-999
2010-02-20 00:00:00,-14.69,-999
2010-02-21 00:00:00,-14.71,-999
2010-02-22 00:00:00,-15,-999
2010-02-23 00:00:00,-15.51,-999
2010-02-24 00:00:00,-16.36,-999
2010-02-25 00:00:00,-17.99,-999
2010-02-26 00:00:00,-18.9,-999
2010-02-27 00:00:00,-19.53,-999
2010-02-28 00:00:00,-20.17,-999
2010-03-01 00:00:00,-19.78,-999
2010-03-02 00:00:00,-18.9,-999
2010-03-03 00:00:00,-18.16,-999
2010-03-04 00:00:00,-17.45,-999
2010-03-05 00:00:00,-16.92,-999
2010-03-06 00:00:00,-16.49,-999
2010-03-07 00:00:00,-16.43,-999
2010-03-08 00:00:00,-17.12,-999
2010-03-09 00:00:00,-17.94,-999
2010-03-10 00:00:00,-17.36,-999
2010-03-11 00:00:00,-17.79,-999
2010-03-12 00:00:00,-18.37,-999
2010-03-13 00:00:00,-18.69,-999
2010-03-14 00:00:00,-19.42,-999
2010-03-15 00:00:00,-19.39,-999
2010-03-16 00:00:00,-20.08,-999
2010-03-17 00:00:00,-19.64,-999
2010-03-18 00:00:00,-18.72,-999
2010-03-19 00:00:00,-18.02,-999
2010-03-20 00:00:00,-18.09,-999
2010-03-21 00:00:00,-18.2,-999
2010-03-22 00:00:00,-18.21,-999
2010-03-23 00:00:00,-18.4,-999
2010-03-24 00:00:00,-18.07,-999
2010-03-25 00:00:00,-17.6,-999
2010-03-26 00:00:00,-17.46,-999
2010-03-27 00:00:00,-18.4,-999
2010-03-28 00:00:00,-18.7,-999
2010-03-29 00:00:00,-18.21,-999
2010-03-30 00:00:00,-17.6,-999
2010-03-31 00:00:00,-17.16,-999
2010-04-01 00:00:00,-16.69,-999
2010-04-02 00:00:00,-16.07,-999
2010-04-03 00:00:00,-15.46,-999
2010-04-04 00:00:00,-14.95,-999
2010-04-05 00:00:00,-14.89,-999
2010-04-06 00:00:00,-15,-999
2010-04-07 00:00:00,-14.66,-999
2010-04-08 00:00:00,-14.24,-999
2010-04-09 00:00:00,-14.23,-999
2010-04-10 00:00:00,-14.71,-999
2010-04-11 00:00:00,-14.41,-999
2010-04-12 00:00:00,-13.6,-999
2010-04-13 00:00:00,-13.21,-999
2010-04-14 00:00:00,-12.97,-999
2010-04-15 00:00:00,-12.79,-999
2010-04-16 00:00:00,-13.24,-999
2010-04-17 00:00:00,-13.3,-999
2010-04-18 00:00:00,-12.98,-999
2010-04-19 00:00:00,-12.37,-999
2010-04-20 00:00:00,-11.91,-999
2010-04-21 00:00:00,-11.46,-999
2010-04-22 00:00:00,-11.62,-999
2010-04-23 00:00:00,-11.26,-999
2010-04-24 00:00:00,-10.69,-999
2010-04-25 00:00:00,-10.35,-999
2010-04-26 00:00:00,-11.1,-999
2010-04-27 00:00:00,-10.71,-999
2010-04-28 00:00:00,-10,-999
2010-04-29 00:00:00,-9.5,-999
2010-04-30 00:00:00,-9.36,-999
2010-05-01 00:00:00,-9.53,-999
2010-05-02 00:00:00,-9.58,-999
2010-05-03 00:00:00,-9.6,-999
2010-05-04 00:00:00,-9.51,-999
2010-05-05 00:00:00,-9.37,-999
2010-05-06 00:00:00,-9.95,-999
2010-05-07 00:00:00,-10.24,-999
2010-05-08 00:00:00,-10.1,-999
2010-05-09 00:00:00,-10.11,-999
2010-05-10 00:00:00,-10.02,-999
2010-05-11 00:00:00,-9.93,-999
2010-05-12 00:00:00,-9.95,-999
2010-05-13 00:00:00,-9.62,-999
2010-05-14 00:00:00,-9.22,-999
2010-05-15 00:00:00,-8.69,-999
2010-05-16 00:00:00,-8.31,-999
2010-05-17 00:00:00,-8.22,-999
2010-05-18 00:00:00,-7.86,-999
2010-05-19 00:00:00,-7.41,-999
2010-05-20 00:00:00,-7.01,-999
2010-05-21 00:00:00,-6.67,-999
2010-05-22 00:00:00,-6.3,-999
2010-05-23 00:00:00,-6.2,-999
2010-05-24 00:00:00,-5.93,-999
2010-05-25 00:00:00,-5.53,-999
2010-05-26 00:00:00,-4.65,-999
2010-05-27 00:00:00,-3.43,-999
2010-05-28 00:00:00,-1.5,-999
2010-05-29 00:00:00,-0.86,-999
2010-05-30 00:00:00,-0.84,-999
2010-05-31 00:00:00,-0.51,-999
2010-06-01 00:00:00,-0.39,-999
2010-06-02 00:00:00,-0.32,-999
2010-06-03 00:00:00,-0.29,-999
2010-06-04 00:00:00,-0.32,-999
2010-06-05 00:00:00,-0.34,-999
2010-06-06 00:00:00,-0.25,-999
2010-06-07 00:00:00,-0.11,-999
2010-06-08 00:00:00,0.21,-999
2010-06-09 00:00:00,0.66,-999
2010-06-10 00:00:00,0.79,-999
2010-06-11 00:00:00,1.13,-999
2010-06-12 00:00:00,1.18,-999
2010-06-13 00:00:00,0.92,-999
2010-06-14 00:00:00,1.02,-999
2010-06-15 00:00:00,0.54,-999
2010-06-16 00:00:00,0.6,-999
2010-06-17 00:00:00,0.95,-999
2010-06-18 00:00:00,0.73,-999
2010-06-19 00:00:00,1.18,-999
2010-06-20 00:00:00,1.3,-999
2010-06-21 00:00:00,1.7,-999
2010-06-22 00:00:00,1.11,-999
2010-06-23 00:00:00,1.04,-999
2010-06-24 00:00:00,1.91,-999
2010-06-25 00:00:00,1.77,-999
2010-06-26 00:00:00,0.98,-999
2010-06-27 00:00:00,1.74,-999
2010-06-28 00:00:00,2.32,-999
2010-06-29 00:00:00,1.69,-999
2010-06-30 00:00:00,1.57,-999
2010-07-01 00:00:00,2.12,-999
2010-07-02 00:00:00,2.59,-999
2010-07-03 00:00:00,2.82,-999
2010-07-04 00:00:00,3.72,-999
2010-07-05 00:00:00,2.07,-999
2010-07-06 00:00:00,2.57,-999
2010-07-07 00:00:00,2.47,-999
2010-07-08 00:00:00,5.32,-999
2010-07-09 00:00:00,5.89,-999
2010-07-10 00:00:00,3.02,-999
2010-07-11 00:00:00,2.95,-999
2010-07-12 00:00:00,2.8,-999
2010-07-13 00:00:00,3.15,-999
2010-07-14 00:00:00,3.1,-999
2010-07-15 00:00:00,3.52,-999
2010-07-16 00:00:00,4.66,-999
2010-07-17 00:00:00,5.7,-999
2010-07-18 00:00:00,3.45,-999
2010-07-19 00:00:00,2.56,-999
2010-07-20 00:00:00,2.93,-999
2010-07-21 00:00:00,3.81,-999
2010-07-22 00:00:00,5.27,-999
2010-07-23 00:00:00,4.56,-999
2010-07-24 00:00:00,3.95,-999
2010-07-25 00:00:00,4.5,-999
2010-07-26 00:00:00,5.85,-999
2010-07-27 00:00:00,5.22,-999
2010-07-28 00:00:00,5.11,-999
2010-07-29 00:00:00,4.78,-999
2010-07-30 00:00:00,6.06,-999
2010-07-31 00:00:00,7.67,-999
2010-08-01 00:00:00,5.94,-999
2010-08-02 00:00:00,9.37,-999
2010-08-03 00:00:00,8.74,-999
2010-08-04 00:00:00,7.89,-999
2010-08-05 00:00:00,5.91,-999
2010-08-06 00:00:00,4.02,-999
2010-08-07 00:00:00,3.1,-999
2010-08-08 00:00:00,2.99,-999
2010-08-09 00:00:00,2.85,-999
2010-08-10 00:00:00,2.75,-999
2010-08-11 00:00:00,3.02,-999
2010-08-12 00:00:00,4.39,-999
2010-08-13 00:00:00,5.91,-999
2010-08-14 00:00:00,6.22,-999
2010-08-15 00:00:00,4.96,-999
2010-08-16 00:00:00,5.6,-999
2010-08-17 00:00:00,4.67,-999
2010-08-18 00:00:00,5.78,-999
2010-08-19 00:00:00,4.53,-999
2010-08-20 00:00:00,3.88,-999
2010-08-21 00:00:00,3.95,-999
2010-08-22 00:00:00,4.21,-999
2010-08-23 00:00:00,4.12,-999
2010-08-24 00:00:00,4.11,-999
2010-06-01 00:00:00,-0.39,-999
2010-06-02 00:00:00,-0.32,-999
2010-06-03 00:00:00,-0.29,-999
2010-06-04 00:00:00,-0.32,-999
2010-06-05 00:00:00,-0.34,-999
2010-06-06 00:00:00,-0.25,-999
2010-06-07 00:00:00,-0.11,-999
2010-06-08 00:00:00,0.21,-999
2010-06-09 00:00:00,0.66,-999
2010-06-10 00:00:00,0.79,-999
2010-06-11 00:00:00,1.13,-999
2010-06-12 00:00:00,1.18,-999
2010-06-13 00:00:00,0.92,-999
2010-06-14 00:00:00,1.02,-999
2010-06-15 00:00:00,0.54,-999
2010-06-16 00:00:00,0.6,-999
2010-06-17 00:00:00,0.95,-999
2010-06-18 00:00:00,0.73,-999
2010-06-19 00:00:00,1.18,-999
2010-06-20 00:00:00,1.3,-999
2010-06-21 00:00:00,1.7,-999
2010-06-22 00:00:00,1.11,-999
2010-06-23 00:00:00,1.04,-999
2010-06-24 00:00:00,1.91,-999
2010-06-25 00:00:00,1.77,-999
2010-06-26 00:00:00,0.98,-999
2010-06-27 00:00:00,1.74,-999
2010-06-28 00:00:00,2.32,-999
2010-06-29 00:00:00,1.69,-999
2010-06-30 00:00:00,1.57,-999
2010-07-01 00:00:00,2.12,-999
2010-07-02 00:00:00,2.59,-999
2010-07-03 00:00:00,2.82,-999
2010-07-04 00:00:00,3.72,-999
2010-07-05 00:00:00,2.07,-999
2010-07-06 00:00:00,2.57,-999
2010-07-07 00:00:00,2.47,-999
2010-07-08 00:00:00,5.32,-999
2010-07-09 00:00:00,5.89,-999
2010-07-10 00:00:00,3.02,-999
2010-07-11 00:00:00,2.95,-999
2010-07-12 00:00:00,2.8,-999
2010-07-13 00:00:00,3.15,-999
2010-07-14 00:00:00,3.1,-999
2010-07-15 00:00:00,3.52,-999
2010-07-16 00:00:00,4.66,-999
2010-07-17 00:00:00,5.7,-999
2010-07-18 00:00:00,3.45,-999
2010-07-19 00:00:00,2.56,-999
2010-07-20 00:00:00,2.93,-999
2010-07-21 00:00:00,3.81,-999
2010-07-22 00:00:00,5.27,-999
2010-07-23 00:00:00,4.56,-999
2010-07-24 00:00:00,3.95,-999
2010-07-25 00:00:00,4.5,-999
2010-07-26 00:00:00,5.85,-999
2010-07-27 00:00:00,5.22,-999
2010-07-28 00:00:00,5.11,-999
2010-07-29 00:00:00,4.78,-999
2010-07-30 00:00:00,6.06,-999
2010-07-31 00:00:00,7.67,-999
2010-08-01 00:00:00,5.94,-999
2010-08-02 00:00:00,9.37,-999
2010-08-03 00:00:00,8.74,-999
2010-08-04 00:00:00,7.89,-999
2010-08-05 00:00:00,5.91,-999
2010-08-06 00:00:00,4.02,-999
2010-08-07 00:00:00,3.1,-999
2010-08-08 00:00:00,2.99,-999
2010-08-09 00:00:00,2.85,-999
2010-08-10 00:00:00,2.75,-999
2010-08-11 00:00:00,3.02,-999
2010-08-12 00:00:00,4.39,-999
2010-08-13 00:00:00,5.91,-999
2010-08-14 00:00:00,6.22,-999
2010-08-15 00:00:00,4.96,-999
2010-08-16 00:00:00,5.6,-999
2010-08-17 00:00:00,4.67,-999
2010-08-18 00:00:00,5.78,-999
2010-08-19 00:00:00,4.53,-999
2010-08-20 00:00:00,3.88,-999
2010-08-21 00:00:00,3.95,-999
2010-08-22 00:00:00,4.21,-999
2010-08-23 00:00:00,4.12,-999
2010-08-24 00:00:00,4.11,-999
2010-08-25 00:00:00,4.06,-999
2010-08-26 00:00:00,3.84,-999
2010-08-27 00:00:00,3.96,-999
2010-08-28 00:00:00,3.88,-999
2010-08-29 00:00:00,3.35,-999
2010-08-30 00:00:00,3.35,-999
2010-08-31 00:00:00,2.9,-999
2010-09-01 00:00:00,2.79,-999
2010-09-02 00:00:00,3.45,-999
2010-09-03 00:00:00,3.25,-999
2010-09-04 00:00:00,2.68,-999
2010-09-05 00:00:00,2.63,-999
2010-09-06 00:00:00,2.61,-999
2010-09-07 00:00:00,2.36,-999
2010-09-08 00:00:00,4.49,-999
2010-09-09 00:00:00,3.93,-999
2010-09-10 00:00:00,3.27,-999
2010-09-11 00:00:00,2.67,-999
2010-09-12 00:00:00,4.05,-999
2010-09-13 00:00:00,3.87,-999
2010-09-14 00:00:00,2.36,-999
2010-09-15 00:00:00,2.15,-999
2010-09-16 00:00:00,2.67,-999
2010-09-17 00:00:00,2.71,-999
2010-09-18 00:00:00,2.15,-999
2010-09-19 00:00:00,1.36,-999
2010-09-20 00:00:00,1.42,-999
2010-09-21 00:00:00,0.66,-999
2010-09-22 00:00:00,0.13,-999
2010-09-23 00:00:00,-999,-999
2010-09-24 00:00:00,-0.04,-999
2010-09-25 00:00:00,-0.05,-999
2010-09-26 00:00:00,-0.05,-999
2010-09-27 00:00:00,-0.11,-999
2010-09-28 00:00:00,-0.24,-999
2010-09-29 00:00:00,-0.34,-999
2010-09-30 00:00:00,-0.25,-999
2010-10-01 00:00:00,-0.2,-999
2010-10-02 00:00:00,-0.2,-999
2010-10-03 00:00:00,-0.16,-999
2010-10-04 00:00:00,-0.15,-999
2010-10-05 00:00:00,-0.12,-999
2010-10-06 00:00:00,-0.11,-999
2010-10-07 00:00:00,-0.13,-999
2010-10-08 00:00:00,-0.18,-999
2010-10-09 00:00:00,-0.23,-999
2010-10-10 00:00:00,-0.21,-999
2010-10-11 00:00:00,-0.25,-999
2010-10-12 00:00:00,-0.28,-999
2010-10-13 00:00:00,-0.29,-999
2010-10-14 00:00:00,-0.33,-999
2010-10-15 00:00:00,-0.43,-999
2010-10-16 00:00:00,-0.48,-999
2010-10-17 00:00:00,-0.56,-999
2010-10-18 00:00:00,-0.69,-999
2010-10-19 00:00:00,-0.57,-999
2010-10-20 00:00:00,-0.45,-999
2010-10-21 00:00:00,-0.51,-999
2010-10-22 00:00:00,-0.48,-999
2010-10-23 00:00:00,-0.47,-999
2010-10-24 00:00:00,-0.5,-999
2010-10-25 00:00:00,-0.41,-999
2010-10-26 00:00:00,-0.46,-999
2010-10-27 00:00:00,-0.47,-999
2010-10-28 00:00:00,-0.72,-999
2010-10-29 00:00:00,-0.48,-999
2010-10-30 00:00:00,-0.38,-999
2010-10-31 00:00:00,-0.4,-999
2010-11-01 00:00:00,-0.39,-999
2010-11-02 00:00:00,-0.43,-999
2010-11-03 00:00:00,-0.57,-999
2010-11-04 00:00:00,-0.7,-999
2010-11-05 00:00:00,-0.52,-999
2010-11-06 00:00:00,-0.53,-999
2010-11-07 00:00:00,-0.54,-999
2010-11-08 00:00:00,-0.54,-999
2010-11-09 00:00:00,-0.68,-999
2010-11-10 00:00:00,-0.75,-999
2010-11-11 00:00:00,-0.68,-999
2010-11-12 00:00:00,-0.68,-999
2010-11-13 00:00:00,-0.73,-999
2010-11-14 00:00:00,-0.89,-999
2010-11-15 00:00:00,-1.08,-999
2010-11-16 00:00:00,-1.31,-999
2010-11-17 00:00:00,-1.24,-999
2010-11-18 00:00:00,-0.82,-999
2010-11-19 00:00:00,-1.03,-999
2010-11-20 00:00:00,-0.95,-999
2010-11-21 00:00:00,-1.21,-999
2010-11-22 00:00:00,-1.16,-999
2010-11-23 00:00:00,-0.86,-999
2010-11-24 00:00:00,-0.99,-999
2010-11-25 00:00:00,-1.32,-999
2010-11-26 00:00:00,-1.64,-999
2010-11-27 00:00:00,-1.87,-999
2010-11-28 00:00:00,-2.15,-999
2010-11-29 00:00:00,-2.57,-999
2010-11-30 00:00:00,-3.45,-999
2010-12-01 00:00:00,-4.06,-999
2010-12-02 00:00:00,-4.47,-999
2010-12-03 00:00:00,-5.35,-999
2010-12-04 00:00:00,-5.65,-999
2010-12-05 00:00:00,-6,-999
2010-12-06 00:00:00,-6.92,-999
2010-12-07 00:00:00,-7.95,-999
2010-12-08 00:00:00,-8.3,-999
2010-12-09 00:00:00,-8.38,-999
2010-12-10 00:00:00,-8.72,-999
2010-12-11 00:00:00,-9.5,-999
2010-12-12 00:00:00,-9.86,-999
2010-12-13 00:00:00,-9.25,-999
2010-12-14 00:00:00,-9.83,-999
2010-12-15 00:00:00,-9.79,-999
2010-12-16 00:00:00,-10.05,-999
2010-12-17 00:00:00,-10.81,-999
2010-12-18 00:00:00,-11.5,-999
2010-12-19 00:00:00,-11.5,-999
2010-12-20 00:00:00,-11.08,-999
2010-12-21 00:00:00,-10.19,-999
2010-12-22 00:00:00,-10.58,-999
2010-12-23 00:00:00,-11.91,-999
2010-12-24 00:00:00,-12.35,-999
2010-12-25 00:00:00,-12.77,-999
2010-12-26 00:00:00,-13.61,-999
2010-12-27 00:00:00,-14.38,-999
2010-12-28 00:00:00,-15.15,-999
2010-12-29 00:00:00,-15.55,-999
2010-12-30 00:00:00,-15.87,-999
2010-12-31 00:00:00,-15.78,-999
2011-01-01 00:00:00,-15.26,-999
2011-01-02 00:00:00,-14.7,-999
2011-01-03 00:00:00,-13.65,-999
2011-01-04 00:00:00,-13.31,-999
2011-01-05 00:00:00,-12.92,-999
2011-01-06 00:00:00,-12.4,-999
2011-01-07 00:00:00,-12.24,-999
2011-01-08 00:00:00,-12.46,-999
2011-01-09 00:00:00,-12.02,-999
2011-01-10 00:00:00,-10.67,-999
2011-01-11 00:00:00,-10.88,-999
2011-01-12 00:00:00,-11.76,-999
2011-01-13 00:00:00,-12.57,-999
2011-01-14 00:00:00,-12.94,-999
2011-01-15 00:00:00,-12.78,-999
2011-01-16 00:00:00,-12.84,-999
2011-01-17 00:00:00,-12.94,-999
2011-01-18 00:00:00,-13.64,-999
2011-01-19 00:00:00,-14.33,-999
2011-01-20 00:00:00,-15.36,-999
2011-01-21 00:00:00,-16.57,-999
2011-01-22 00:00:00,-17.3,-999
2011-01-23 00:00:00,-17.96,-999
2011-01-24 00:00:00,-18.63,-999
2011-01-25 00:00:00,-19.1,-999
2011-01-26 00:00:00,-19.15,-999
2011-01-27 00:00:00,-18.7,-999
2011-01-28 00:00:00,-18.3,-999
2011-01-29 00:00:00,-17.49,-999
2011-01-30 00:00:00,-16.59,-999
2011-01-31 00:00:00,-16.32,-999
2011-02-01 00:00:00,-16.29,-999
2011-02-02 00:00:00,-15.91,-999
2011-02-03 00:00:00,-15.29,-999
2011-02-04 00:00:00,-15.67,-999
2011-02-05 00:00:00,-15.94,-999
2011-02-06 00:00:00,-15.63,-999
2011-02-07 00:00:00,-16.64,-999
2011-02-08 00:00:00,-16.37,-999
2011-02-09 00:00:00,-15.48,-999
2011-02-10 00:00:00,-15.12,-999
2011-02-11 00:00:00,-16.23,-999
2011-02-12 00:00:00,-17.55,-999
2011-02-13 00:00:00,-999,-999
2011-02-14 00:00:00,-999,-999
2011-02-15 00:00:00,-999,-999
2011-02-16 00:00:00,-999,-999
2011-02-17 00:00:00,-999,-999
2011-02-18 00:00:00,-999,-999
2011-02-19 00:00:00,-999,-999
2011-02-20 00:00:00,-999,-999
2011-02-21 00:00:00,-999,-999
2011-02-22 00:00:00,-999,-999
2011-02-23 00:00:00,-999,-999
2011-02-24 00:00:00,-999,-999
2011-02-25 00:00:00,-999,-999
2011-02-26 00:00:00,-999,-999
2011-02-27 00:00:00,-999,-999
2011-02-28 00:00:00,-999,-999
2011-03-01 00:00:00,-999,-999
2011-03-02 00:00:00,-999,-999
2011-03-03 00:00:00,-999,-999
2011-03-04 00:00:00,-999,-999
2011-03-05 00:00:00,-999,-999
2011-03-06 00:00:00,-999,-999
2011-03-07 00:00:00,-999,-999
2011-03-08 00:00:00,-999,-999
2011-03-09 00:00:00,-999,-999
2011-03-10 00:00:00,-999,-999
2011-03-11 00:00:00,-999,-999
2011-03-12 00:00:00,-999,-999
2011-03-13 00:00:00,-999,-999
2011-03-14 00:00:00,-999,-999
2011-03-15 00:00:00,-999,-999
2011-03-16 00:00:00,-999,-999
2011-03-17 00:00:00,-999,-999
2011-03-18 00:00:00,-999,-999
2011-03-19 00:00:00,-999,-999
2011-03-20 00:00:00,-999,-999
2011-03-21 00:00:00,-999,-999
2011-03-22 00:00:00,-999,-999
2011-03-23 00:00:00,-999,-999
2011-03-24 00:00:00,-999,-999
2011-03-25 00:00:00,-999,-999
2011-03-26 00:00:00,-999,-999
2011-03-27 00:00:00,-999,-999
2011-03-28 00:00:00,-999,-999
2011-03-29 00:00:00,-999,-999
2011-03-30 00:00:00,-999,-999
2011-03-31 00:00:00,-999,-999
2011-04-01 00:00:00,-999,-999
2011-04-02 00:00:00,-999,-999
2011-04-03 00:00:00,-999,-999
2011-04-04 00:00:00,-999,-999
2011-04-05 00:00:00,-999,-999
2011-04-06 00:00:00,-999,-999
2011-04-07 00:00:00,-999,-999
2011-04-08 00:00:00,-999,-999
2011-04-09 00:00:00,-15.16,-999
2011-04-10 00:00:00,-999,-999
2011-04-11 00:00:00,-15.36,-999
2011-04-12 00:00:00,-15.37,-999
2011-04-13 00:00:00,-15.34,-999
2011-04-14 00:00:00,-15.26,-999
2011-04-15 00:00:00,-999,-999
2011-04-16 00:00:00,-15.15,-999
2011-04-17 00:00:00,-14.5,-999
2011-04-18 00:00:00,-999,-999
2011-04-19 00:00:00,-13.39,-999
2011-04-20 00:00:00,-999,-999
2011-04-21 00:00:00,-13.54,-999
2011-04-22 00:00:00,-13.75,-999
2011-04-23 00:00:00,-13.99,-999
2011-04-24 00:00:00,-14.14,-999
2011-04-25 00:00:00,-14.18,-999
2011-04-26 00:00:00,-14.18,-999
2011-04-27 00:00:00,-13.9,-999
2011-04-28 00:00:00,-13.79,-999
2011-04-29 00:00:00,-13.84,-999
2011-04-30 00:00:00,-13.74,-999
2011-05-01 00:00:00,-13.48,-999
2011-05-02 00:00:00,-13.38,-999
2011-05-03 00:00:00,-999,-999
2011-05-04 00:00:00,-999,-999
2011-05-05 00:00:00,-12.25,-999
2011-05-06 00:00:00,-12.37,-999
2011-05-07 00:00:00,-999,-999
2011-05-08 00:00:00,-11.73,-999
2011-05-09 00:00:00,-999,-999
2011-05-10 00:00:00,-11.07,-999
2011-05-11 00:00:00,-10.95,-999
2011-05-12 00:00:00,-10.93,-999
2011-05-13 00:00:00,-10.86,-999
2011-05-14 00:00:00,-10.59,-999
2011-05-15 00:00:00,-999,-999
2011-05-16 00:00:00,-999,-999
2011-05-17 00:00:00,-999,-999
2011-05-18 00:00:00,-999,-999
2011-05-19 00:00:00,-8.58,-999
2011-05-20 00:00:00,-999,-999
2011-05-21 00:00:00,-6.19,-999
2011-05-22 00:00:00,-999,-999
2011-05-23 00:00:00,-1.84,-999
2011-05-24 00:00:00,-0.88,-999
2011-05-25 00:00:00,-0.66,-999
2011-05-26 00:00:00,-999,-999
2011-05-27 00:00:00,-999,-999
2011-05-28 00:00:00,-999,-999
2011-05-29 00:00:00,-999,-999
2011-05-30 00:00:00,-999,-999
2011-05-31 00:00:00,-999,-999
2011-06-01 00:00:00,-999,-999
2011-06-02 00:00:00,-999,-999
2011-06-03 00:00:00,-999,-999
2011-06-04 00:00:00,-0.66,-999
2011-06-05 00:00:00,-0.34,-999
2011-06-06 00:00:00,-0.33,-999
2011-06-07 00:00:00,-0.36,-999
2011-06-08 00:00:00,-0.48,-999
2011-06-09 00:00:00,-0.64,-999
2011-06-10 00:00:00,-0.54,-999
2011-06-11 00:00:00,-0.37,-999
2011-06-12 00:00:00,-0.29,-999
2011-06-13 00:00:00,-0.19,-999
2011-06-14 00:00:00,-0.08,-999
2011-06-15 00:00:00,0.31,-999
2011-06-16 00:00:00,0.93,-999
2011-06-17 00:00:00,0.81,-999
2011-06-18 00:00:00,0.94,-999
2011-06-19 00:00:00,1.22,-999
2011-06-20 00:00:00,1,-999
2011-06-21 00:00:00,0.77,-999
2011-06-22 00:00:00,1.41,-999
2011-06-23 00:00:00,1.17,-999
2011-06-24 00:00:00,0.71,-999
2011-06-25 00:00:00,1.41,-999
2011-06-26 00:00:00,1.77,-999
2011-06-27 00:00:00,2.08,-999
2011-06-28 00:00:00,1.58,-999
2011-06-29 00:00:00,0.92,-999
2011-06-30 00:00:00,1.29,-999
2011-07-01 00:00:00,1.99,-999
2011-07-02 00:00:00,2.75,-999
2011-07-03 00:00:00,2.01,-999
2011-07-04 00:00:00,1.59,-999
2011-07-05 00:00:00,3.28,-999
2011-07-06 00:00:00,3.76,-999
2011-07-07 00:00:00,3.2,-999
2011-07-08 00:00:00,2.58,-999
2011-07-09 00:00:00,2.4,-999
2011-07-10 00:00:00,2.64,-999
2011-07-11 00:00:00,2.76,-999
2011-07-12 00:00:00,3.19,-999
2011-07-13 00:00:00,2.81,-999
2011-07-14 00:00:00,3.41,-999
2011-07-15 00:00:00,3.3,-999
2011-07-16 00:00:00,3.31,-999
2011-07-17 00:00:00,4.24,-999
2011-07-18 00:00:00,3.91,-999
2011-07-19 00:00:00,5.27,-999
2011-07-20 00:00:00,6.17,-999
2011-07-21 00:00:00,6.03,-999
2011-07-22 00:00:00,5.48,-999
2011-07-23 00:00:00,5.08,-999
2011-07-24 00:00:00,4.85,-999
2011-07-25 00:00:00,3.9,-999
2011-07-26 00:00:00,3.98,-999
2011-07-27 00:00:00,4.63,-999
2011-07-28 00:00:00,6.09,-999
2011-07-29 00:00:00,7.11,-999
2011-07-30 00:00:00,5.96,-999
2011-07-31 00:00:00,6.04,-999
2011-08-01 00:00:00,6.03,-999
2011-08-02 00:00:00,5.92,-999
2011-08-03 00:00:00,5.12,-999
2011-08-04 00:00:00,5.47,-999
2011-08-05 00:00:00,6.46,-999
2011-08-06 00:00:00,6.41,-999
2011-08-07 00:00:00,6.15,-999
2011-08-08 00:00:00,6.08,-999
2011-08-09 00:00:00,5.47,-999
2011-08-10 00:00:00,4.82,-999
2011-08-11 00:00:00,4.83,-999
2011-08-12 00:00:00,4.9,-999
2011-08-13 00:00:00,5.01,-999
2011-08-14 00:00:00,4.03,-999
2011-06-01 00:00:00,-999,-999
2011-06-02 00:00:00,-999,-999
2011-06-03 00:00:00,-999,-999
2011-06-04 00:00:00,-999,-0.65
2011-06-05 00:00:00,-999,-0.341
2011-06-06 00:00:00,-999,-0.328
2011-06-07 00:00:00,-999,-0.359
2011-06-08 00:00:00,-999,-0.49
2011-06-09 00:00:00,-999,-0.638
2011-06-10 00:00:00,-999,-0.533
2011-06-11 00:00:00,-999,-0.365
2011-06-12 00:00:00,-999,-0.289
2011-06-13 00:00:00,-999,-0.184
2011-06-14 00:00:00,-999,-0.0743
2011-06-15 00:00:00,-999,0.33
2011-06-16 00:00:00,-999,0.925
2011-06-17 00:00:00,-999,0.806
2011-06-18 00:00:00,-999,0.936
2011-06-19 00:00:00,-999,1.229
2011-06-20 00:00:00,-999,0.995
2011-06-21 00:00:00,-999,0.783
2011-06-22 00:00:00,-999,1.415
2011-06-23 00:00:00,-999,1.166
2011-06-24 00:00:00,-999,0.701
2011-06-25 00:00:00,-999,1.427
2011-06-26 00:00:00,-999,1.778
2011-06-27 00:00:00,-999,2.08
2011-06-28 00:00:00,-999,1.563
2011-06-29 00:00:00,-999,0.921
2011-06-30 00:00:00,-999,1.311
2011-07-01 00:00:00,-999,2.009
2011-07-02 00:00:00,-999,2.738
2011-07-03 00:00:00,-999,1.997
2011-07-04 00:00:00,-999,1.613
2011-07-05 00:00:00,-999,3.309
2011-07-06 00:00:00,-999,3.776
2011-07-07 00:00:00,-999,3.186
2011-07-08 00:00:00,-999,2.553
2011-07-09 00:00:00,-999,2.409
2011-07-10 00:00:00,-999,2.646
2011-07-11 00:00:00,-999,2.768
2011-07-12 00:00:00,-999,3.197
2011-07-13 00:00:00,-999,2.794
2011-07-14 00:00:00,-999,3.441
2011-07-15 00:00:00,-999,3.293
2011-07-16 00:00:00,-999,3.322
2011-07-17 00:00:00,-999,4.271
2011-07-18 00:00:00,-999,3.882
2011-07-19 00:00:00,-999,5.339
2011-07-20 00:00:00,-999,6.179
2011-07-21 00:00:00,-999,6.03
2011-07-22 00:00:00,-999,5.438
2011-07-23 00:00:00,-999,5.087
2011-07-24 00:00:00,-999,4.83
2011-07-25 00:00:00,-999,3.853
2011-07-26 00:00:00,-999,4.011
2011-07-27 00:00:00,-999,4.655
2011-07-28 00:00:00,-999,6.162
2011-07-29 00:00:00,-999,7.096
2011-07-30 00:00:00,-999,5.942
2011-07-31 00:00:00,-999,6.052
2011-08-01 00:00:00,-999,5.992
2011-08-02 00:00:00,-999,5.934
2011-08-03 00:00:00,-999,5.089
2011-08-04 00:00:00,-999,5.499
2011-08-05 00:00:00,-999,6.503
2011-08-06 00:00:00,-999,6.388
2011-08-07 00:00:00,-999,6.154
2011-08-08 00:00:00,-999,6.057
2011-08-09 00:00:00,-999,5.467
2011-08-10 00:00:00,-999,4.781
2011-08-11 00:00:00,-999,4.837
2011-08-12 00:00:00,-999,4.915
2011-08-13 00:00:00,-999,4.988
2011-08-14 00:00:00,-999,3.991
2011-08-15 00:00:00,-999,3.42
2011-08-16 00:00:00,-999,3.063
2011-08-17 00:00:00,-999,3.124
2011-08-18 00:00:00,-999,3.076
2011-08-19 00:00:00,-999,3.014
2011-08-20 00:00:00,-999,3.83
2011-08-21 00:00:00,-999,3.246
2011-08-22 00:00:00,-999,3.146
2011-08-23 00:00:00,-999,3.147
2011-08-24 00:00:00,-999,3.388
2011-08-25 00:00:00,-999,3.38
2011-08-26 00:00:00,-999,3.282
2011-08-27 00:00:00,-999,3.923
2011-08-28 00:00:00,-999,4.167
2011-08-29 00:00:00,-999,3.524
2011-08-30 00:00:00,-999,3.327
2011-08-31 00:00:00,-999,3.308
2011-09-01 00:00:00,-999,3.055
2011-09-02 00:00:00,-999,2.557
2011-09-03 00:00:00,-999,2.934
2011-09-04 00:00:00,-999,3.148
2011-09-05 00:00:00,-999,3.303
2011-09-06 00:00:00,-999,2.817
2011-09-07 00:00:00,-999,2.924
2011-09-08 00:00:00,-999,1.972
2011-09-09 00:00:00,-999,1.613
2011-09-10 00:00:00,-999,1.984
2011-09-11 00:00:00,-999,3.743
2011-09-12 00:00:00,-999,3.83
2011-09-13 00:00:00,-999,3.184
2011-09-14 00:00:00,-999,2.862
2011-09-15 00:00:00,-999,2.687
2011-09-16 00:00:00,-999,2.346
2011-09-17 00:00:00,-999,1.704
2011-09-18 00:00:00,-999,1.463
2011-09-19 00:00:00,-999,1.481
2011-09-20 00:00:00,-999,1.588
2011-09-21 00:00:00,-999,1.557
2011-09-22 00:00:00,-999,1.344
2011-09-23 00:00:00,-999,0.814
2011-09-24 00:00:00,-999,0.265
2011-09-25 00:00:00,-999,0.0554
2011-09-26 00:00:00,-999,0.00366
2011-09-27 00:00:00,-999,-0.0075
2011-09-28 00:00:00,-999,-0.00704
2011-09-29 00:00:00,-999,-0.00841
2011-09-30 00:00:00,-999,-0.0212
2011-10-01 00:00:00,-999,-0.0231
2011-10-02 00:00:00,-999,-0.0496
2011-10-03 00:00:00,-999,-0.0454
2011-10-04 00:00:00,-999,-0.0483
2011-10-05 00:00:00,-999,-0.0653
2011-10-06 00:00:00,-999,-0.0575
2011-10-07 00:00:00,-999,-0.0559
2011-10-08 00:00:00,-999,-0.049
2011-10-09 00:00:00,-999,-0.0614
2011-10-10 00:00:00,-999,-0.0559
2011-10-11 00:00:00,-999,-0.0801
2011-10-12 00:00:00,-999,-0.183
2011-10-13 00:00:00,-999,-0.383
2011-10-14 00:00:00,-999,-0.389
2011-10-15 00:00:00,-999,-0.308
2011-10-16 00:00:00,-999,-0.275
2011-10-17 00:00:00,-999,-0.234
2011-10-18 00:00:00,-999,-0.226
2011-10-19 00:00:00,-999,-0.269
2011-10-20 00:00:00,-999,-0.321
2011-10-21 00:00:00,-999,-0.727
2011-10-22 00:00:00,-999,-0.497
2011-10-23 00:00:00,-999,-0.475
2011-10-24 00:00:00,-999,-0.737
2011-10-25 00:00:00,-999,-0.842
2011-10-26 00:00:00,-999,-1.033
2011-10-27 00:00:00,-999,-1.121
2011-10-28 00:00:00,-999,-0.59
2011-10-29 00:00:00,-999,-0.612
2011-10-30 00:00:00,-999,-0.554
2011-10-31 00:00:00,-999,-0.767
2011-11-01 00:00:00,-999,-0.978
2011-11-02 00:00:00,-999,-0.674
2011-11-03 00:00:00,-999,-0.805
2011-11-04 00:00:00,-999,-0.747
2011-11-05 00:00:00,-999,-0.74
2011-11-06 00:00:00,-999,-0.926
2011-11-07 00:00:00,-999,-1.194
2011-11-08 00:00:00,-999,-1.014
2011-11-09 00:00:00,-999,-1.796
2011-11-10 00:00:00,-999,-2.329
2011-11-11 00:00:00,-999,-2.163
2011-11-12 00:00:00,-999,-2.468
2011-11-13 00:00:00,-999,-2.337
2011-11-14 00:00:00,-999,-3.059
2011-11-15 00:00:00,-999,-2.775
2011-11-16 00:00:00,-999,-2.427
2011-11-17 00:00:00,-999,-2.752
2011-11-18 00:00:00,-999,-3.087
2011-11-19 00:00:00,-999,-3.946
2011-11-20 00:00:00,-999,-4.325
2011-11-21 00:00:00,-999,-5.45
2011-11-22 00:00:00,-999,-6.42
2011-11-23 00:00:00,-999,-7.937
2011-11-24 00:00:00,-999,-8.746
2011-11-25 00:00:00,-999,-9.084
2011-11-26 00:00:00,-999,-10.08
2011-11-27 00:00:00,-999,-11
2011-11-28 00:00:00,-999,-11.07
2011-11-29 00:00:00,-999,-11.5
2011-11-30 00:00:00,-999,-11.83
2011-12-01 00:00:00,-999,-11.93
2011-12-02 00:00:00,-999,-11.59
2011-12-03 00:00:00,-999,-12.2
2011-12-04 00:00:00,-999,-11.95
2011-12-05 00:00:00,-999,-10.99
2011-12-06 00:00:00,-999,-11.47
2011-12-07 00:00:00,-999,-12.64
2011-12-08 00:00:00,-999,-11.81
2011-12-09 00:00:00,-999,-10.97
2011-12-10 00:00:00,-999,-10.38
2011-12-11 00:00:00,-999,-10.11
2011-12-12 00:00:00,-999,-10.5
2011-12-13 00:00:00,-999,-11.91
2011-12-14 00:00:00,-999,-13.43
2011-12-15 00:00:00,-999,-14.92
2011-12-16 00:00:00,-999,-14.94
2011-12-17 00:00:00,-999,-15.13
2011-12-18 00:00:00,-999,-15.02
2011-12-19 00:00:00,-999,-15.7
2011-12-20 00:00:00,-999,-16.53
2011-12-21 00:00:00,-999,-16.84
2011-12-22 00:00:00,-999,-17.73
2011-12-23 00:00:00,-999,-18.01
2011-12-24 00:00:00,-999,-18.59
2011-12-25 00:00:00,-999,-18.43
2011-12-26 00:00:00,-999,-18.54
2011-12-27 00:00:00,-999,-18.08
2011-12-28 00:00:00,-999,-17.65
2011-12-29 00:00:00,-999,-18.08
2011-12-30 00:00:00,-999,-18
2011-12-31 00:00:00,-999,-18.62
2012-01-01 00:00:00,-999,-19.42
2012-01-02 00:00:00,-999,-18.89
2012-01-03 00:00:00,-999,-18.2
2012-01-04 00:00:00,-999,-18.5
2012-01-05 00:00:00,-999,-17.98
2012-01-06 00:00:00,-999,-18.37
2012-01-07 00:00:00,-999,-18.51
2012-01-08 00:00:00,-999,-19.22
2012-01-09 00:00:00,-999,-19.42
2012-01-10 00:00:00,-999,-20.16
2012-01-11 00:00:00,-999,-19.27
2012-01-12 00:00:00,-999,-19.57
2012-01-13 00:00:00,-999,-20.3
2012-01-14 00:00:00,-999,-20.1
2012-01-15 00:00:00,-999,-20.73
2012-01-16 00:00:00,-999,-20.25
2012-01-17 00:00:00,-999,-20
2012-01-18 00:00:00,-999,-19.23
2012-01-19 00:00:00,-999,-18.23
2012-01-20 00:00:00,-999,-17.6
2012-01-21 00:00:00,-999,-17.24
2012-01-22 00:00:00,-999,-17.71
2012-01-23 00:00:00,-999,-18.66
2012-01-24 00:00:00,-999,-19.33
2012-01-25 00:00:00,-999,-19.76
2012-01-26 00:00:00,-999,-19.94
2012-01-27 00:00:00,-999,-20
2012-01-28 00:00:00,-999,-19.87
2012-01-29 00:00:00,-999,-19.61
2012-01-30 00:00:00,-999,-19.64
2012-01-31 00:00:00,-999,-20.35
2012-02-01 00:00:00,-999,-20.86
2012-02-02 00:00:00,-999,-20.85
2012-02-03 00:00:00,-999,-20.24
2012-02-04 00:00:00,-999,-19.96
2012-02-05 00:00:00,-999,-19.36
2012-02-06 00:00:00,-999,-18.48
2012-02-07 00:00:00,-999,-18.03
2012-02-08 00:00:00,-999,-17.88
2012-02-09 00:00:00,-999,-17.79
2012-02-10 00:00:00,-999,-17.36
2012-02-11 00:00:00,-999,-16.72
2012-02-12 00:00:00,-999,-16.4
2012-02-13 00:00:00,-999,-16.31
2012-02-14 00:00:00,-999,-16.15
2012-02-15 00:00:00,-999,-16.13
2012-02-16 00:00:00,-999,-16.14
2012-02-17 00:00:00,-999,-15.95
2012-02-18 00:00:00,-999,-15.99
2012-02-19 00:00:00,-999,-15.93
2012-02-20 00:00:00,-999,-15.91
2012-02-21 00:00:00,-999,-15.95
2012-02-22 00:00:00,-999,-15.88
2012-02-23 00:00:00,-999,-16.06
2012-02-24 00:00:00,-999,-16.34
2012-02-25 00:00:00,-999,-16.84
2012-02-26 00:00:00,-999,-17.4
2012-02-27 00:00:00,-999,-17.82
2012-02-28 00:00:00,-999,-18.34
2012-02-29 00:00:00,-999,-18.66
2012-03-01 00:00:00,-999,-18.96
2012-03-02 00:00:00,-999,-19.17
2012-03-03 00:00:00,-999,-19.33
2012-03-04 00:00:00,-999,-19.35
2012-03-05 00:00:00,-999,-19.32
2012-03-06 00:00:00,-999,-19.55
2012-03-07 00:00:00,-999,-19.37
2012-03-08 00:00:00,-999,-19.11
2012-03-09 00:00:00,-999,-19.41
2012-03-10 00:00:00,-999,-19.67
2012-03-12 00:00:00,-999,-18.83
2012-03-13 00:00:00,-999,-18.86
2012-03-14 00:00:00,-999,-19.31
2012-03-15 00:00:00,-999,-19.71
2012-03-16 00:00:00,-999,-20.09
2012-03-17 00:00:00,-999,-20.31
2012-03-18 00:00:00,-999,-20.31
2012-03-19 00:00:00,-999,-20.13
2012-03-20 00:00:00,-999,-20.06
2012-03-21 00:00:00,-999,-20.06
2012-03-22 00:00:00,-999,-20.06
2012-03-23 00:00:00,-999,-20.06
2012-03-24 00:00:00,-999,-19.76
2012-03-25 00:00:00,-999,-19.55
2012-03-26 00:00:00,-999,-19.46
2012-03-27 00:00:00,-999,-19.72
2012-03-28 00:00:00,-999,-19.96
2012-03-29 00:00:00,-999,-19.88
2012-03-30 00:00:00,-999,-19.81
2012-03-31 00:00:00,-999,-19.6
2012-04-01 00:00:00,-999,-19.14
2012-04-02 00:00:00,-999,-18.76
2012-04-03 00:00:00,-999,-18.46
2012-04-04 00:00:00,-999,-18.18
2012-04-05 00:00:00,-999,-18.02
2012-04-06 00:00:00,-999,-17.64
2012-04-07 00:00:00,-999,-17.27
2012-04-08 00:00:00,-999,-17.22
2012-04-09 00:00:00,-999,-17.13
2012-04-10 00:00:00,-999,-16.56
2012-04-11 00:00:00,-999,-15.98
2012-04-12 00:00:00,-999,-15.71
2012-04-13 00:00:00,-999,-15.63
2012-04-14 00:00:00,-999,-15.42
2012-04-15 00:00:00,-999,-15.13
2012-04-16 00:00:00,-999,-14.94
2012-04-17 00:00:00,-999,-14.55
2012-04-18 00:00:00,-999,-14.22
2012-04-19 00:00:00,-999,-13.94
2012-04-20 00:00:00,-999,-13.71
2012-04-21 00:00:00,-999,-13.66
2012-04-22 00:00:00,-999,-13.61
2012-04-23 00:00:00,-999,-13.52
2012-04-24 00:00:00,-999,-13.31
2012-04-25 00:00:00,-999,-13.19
2012-04-26 00:00:00,-999,-12.99
2012-04-27 00:00:00,-999,-12.83
2012-04-28 00:00:00,-999,-12.63
2012-04-29 00:00:00,-999,-12.39
2012-04-30 00:00:00,-999,-12.23
2012-05-01 00:00:00,-999,-12.3
2012-05-02 00:00:00,-999,-12.37
2012-05-03 00:00:00,-999,-12.4
2012-05-04 00:00:00,-999,-12.4
2012-05-05 00:00:00,-999,-12.31
2012-05-06 00:00:00,-999,-12.38
2012-05-07 00:00:00,-999,-12.28
2012-05-08 00:00:00,-999,-11.93
2012-05-09 00:00:00,-999,-11.63
2012-05-10 00:00:00,-999,-11.17
2012-05-11 00:00:00,-999,-10.64
2012-05-12 00:00:00,-999,-10.13
2012-05-13 00:00:00,-999,-9.791
2012-05-14 00:00:00,-999,-9.601
2012-05-15 00:00:00,-999,-9.436
2012-05-16 00:00:00,-999,-9.358
2012-05-17 00:00:00,-999,-8.937
2012-05-18 00:00:00,-999,-8.131
2012-05-19 00:00:00,-999,-7.398
2012-05-20 00:00:00,-999,-6.337
2012-05-21 00:00:00,-999,-4.558
2012-05-22 00:00:00,-999,-2.863
2012-05-23 00:00:00,-999,-2.213
2012-05-24 00:00:00,-999,-1.816
2012-05-25 00:00:00,-999,-1.625
2012-05-26 00:00:00,-999,-1.325
2012-05-27 00:00:00,-999,-1.474
2012-05-28 00:00:00,-999,-2.337
2012-05-29 00:00:00,-999,-2.4
2012-05-30 00:00:00,-999,-1.563
2012-05-31 00:00:00,-999,-0.719
2012-06-01 00:00:00,-999,-0.592
2012-06-02 00:00:00,-999,-0.4958
2012-06-03 00:00:00,-999,-0.4605
2012-06-04 00:00:00,-999,-0.3722
2012-06-05 00:00:00,-999,-0.3278
2012-06-06 00:00:00,-999,-0.3182
2012-06-07 00:00:00,-999,-0.2966
2012-06-08 00:00:00,-999,-0.2556
2012-06-09 00:00:00,-999,-0.2243
2012-06-10 00:00:00,-999,-0.1737
2012-06-11 00:00:00,-999,-0.1218
2012-06-12 00:00:00,-999,-0.1171
2012-06-13 00:00:00,-999,-0.1026
2012-06-14 00:00:00,-999,-0.0183
2012-06-15 00:00:00,-999,0.1785
2012-06-16 00:00:00,-999,0.4432
2012-06-17 00:00:00,-999,0.188
2012-06-18 00:00:00,-999,1.1784
2012-06-19 00:00:00,-999,2.4997
2012-06-20 00:00:00,-999,3.1457
2012-06-21 00:00:00,-999,3.7319
2012-06-22 00:00:00,-999,2.7951
2012-06-23 00:00:00,-999,3.064
2012-06-24 00:00:00,-999,1.875
2012-06-25 00:00:00,-999,1.7987
2012-06-26 00:00:00,-999,1.6995
2012-06-27 00:00:00,-999,2.0765
2012-06-28 00:00:00,-999,2.3434
2012-06-29 00:00:00,-999,2.6526
2012-06-30 00:00:00,-999,2.7575
2012-07-01 00:00:00,-999,2.812
2012-07-02 00:00:00,-999,2.9405
2012-07-03 00:00:00,-999,2.4172
2012-07-04 00:00:00,-999,3.1045
2012-07-05 00:00:00,-999,3.3992
2012-07-06 00:00:00,-999,2.8417
2012-07-07 00:00:00,-999,3.338
2012-07-08 00:00:00,-999,3.2299
2012-07-09 00:00:00,-999,4.6574
2012-07-10 00:00:00,-999,4.322
2012-07-11 00:00:00,-999,4.6178
2012-07-12 00:00:00,-999,5.0223
2012-07-13 00:00:00,-999,5.2526
2012-07-14 00:00:00,-999,4.9937
2012-07-15 00:00:00,-999,4.5388
2012-07-16 00:00:00,-999,5.684
2012-07-17 00:00:00,-999,4.4869
2012-07-18 00:00:00,-999,3.5945
2012-07-19 00:00:00,-999,4.6993
2012-07-20 00:00:00,-999,5.1109
2012-07-21 00:00:00,-999,3.0768
2012-07-22 00:00:00,-999,4.9008
2012-07-23 00:00:00,-999,6.7447
2012-07-24 00:00:00,-999,7.4734
2012-07-25 00:00:00,-999,7.475
2012-07-26 00:00:00,-999,7.0945
2012-07-27 00:00:00,-999,6.7971
2012-07-28 00:00:00,-999,7.1422
2012-07-29 00:00:00,-999,8.3132
2012-07-30 00:00:00,-999,7.779
2012-07-31 00:00:00,-999,6.5054
2012-08-01 00:00:00,-999,5.8465
2012-08-02 00:00:00,-999,5.5983
2012-08-03 00:00:00,-999,5.1203
2012-08-04 00:00:00,-999,6.1395
2012-08-05 00:00:00,-999,7.4954
2012-08-06 00:00:00,-999,6.0607
2012-08-07 00:00:00,-999,4.9934
2012-08-08 00:00:00,-999,5.2855
2012-08-09 00:00:00,-999,5.1961
2012-08-10 00:00:00,-999,4.8316
2012-08-11 00:00:00,-999,3.5895
2012-08-12 00:00:00,-999,4.0485
2012-08-13 00:00:00,-999,4.0217
2012-08-14 00:00:00,-999,4.9336
2012-08-15 00:00:00,-999,6.5598
2012-08-16 00:00:00,-999,7.6958
2012-08-17 00:00:00,-999,7.9587
2012-08-18 00:00:00,-999,8.2516
2012-08-19 00:00:00,-999,8.0095
2012-08-20 00:00:00,-999,8.2075
2012-08-21 00:00:00,-999,6.9163
2012-08-22 00:00:00,-999,6.023
2012-08-23 00:00:00,-999,6.5105
2012-08-24 00:00:00,-999,5.9925
2012-08-25 00:00:00,-999,6.0938
2012-08-26 00:00:00,-999,5.6575
2012-08-27 00:00:00,-999,4.5546
2012-08-28 00:00:00,-999,4.0227
2012-08-29 00:00:00,-999,4.4436
2012-08-30 00:00:00,-999,4.3702
2012-08-31 00:00:00,-999,3.7387
2012-09-01 00:00:00,-999,3.6839
2012-09-02 00:00:00,-999,3.655
2012-09-03 00:00:00,-999,3.5137
2012-09-04 00:00:00,-999,4.3169
2012-09-05 00:00:00,-999,4.6309
2012-09-06 00:00:00,-999,4.3083
2012-09-07 00:00:00,-999,2.6992
2012-09-08 00:00:00,-999,1.7019
2012-09-09 00:00:00,-999,1.6033
2012-09-10 00:00:00,-999,1.7002
2012-09-11 00:00:00,-999,1.5971
2012-09-12 00:00:00,-999,2.2978
2012-09-13 00:00:00,-999,1.9246
2012-09-14 00:00:00,-999,1.6542
2012-09-15 00:00:00,-999,1.1573
2012-09-16 00:00:00,-999,1.8256
2012-09-17 00:00:00,-999,3.226
2012-09-18 00:00:00,-999,2.9845
2012-09-19 00:00:00,-999,2.6342
2012-09-20 00:00:00,-999,3.3879
2012-09-21 00:00:00,-999,2.3797
2012-09-22 00:00:00,-999,2.399
2012-09-23 00:00:00,-999,2.474
2012-09-24 00:00:00,-999,2.5671
2012-09-25 00:00:00,-999,1.2727
2012-09-26 00:00:00,-999,0.867
2012-09-27 00:00:00,-999,0.8813
2012-09-28 00:00:00,-999,0.9802
2012-09-29 00:00:00,-999,0.6742
2012-09-30 00:00:00,-999,0.6136
2012-10-01 00:00:00,-999,0.2816
2012-10-02 00:00:00,-999,0.0816
2012-10-03 00:00:00,-999,0.2428
2012-10-04 00:00:00,-999,0.17
2012-10-05 00:00:00,-999,0.9435
2012-10-06 00:00:00,-999,0.3678
2012-10-07 00:00:00,-999,0.1908
2012-10-08 00:00:00,-999,0.0784
2012-10-09 00:00:00,-999,0.0249
2012-10-10 00:00:00,-999,0.0153
2012-10-11 00:00:00,-999,-0.0235
2012-10-12 00:00:00,-999,-0.017
2012-10-13 00:00:00,-999,-0.0075
2012-10-14 00:00:00,-999,-0.001
2012-10-15 00:00:00,-999,-0.0185
2012-10-16 00:00:00,-999,-0.0266
2012-10-17 00:00:00,-999,-0.0221
2012-10-18 00:00:00,-999,-0.0266
2012-10-19 00:00:00,-999,-0.0088
2012-10-20 00:00:00,-999,-0.016
2012-10-21 00:00:00,-999,-0.0657
2012-10-22 00:00:00,-999,-0.3044
2012-10-23 00:00:00,-999,-0.3866
2012-10-24 00:00:00,-999,-0.309
2012-10-25 00:00:00,-999,-0.3901
2012-10-26 00:00:00,-999,-0.1448
2012-10-27 00:00:00,-999,-0.1004
2012-10-28 00:00:00,-999,-0.0854
2012-10-29 00:00:00,-999,-0.088
2012-10-30 00:00:00,-999,-0.1115
2012-10-31 00:00:00,-999,-0.111
2012-11-01 00:00:00,-999,-0.1396
2012-11-02 00:00:00,-999,-0.1772
2012-11-03 00:00:00,-999,-0.1954
2012-11-04 00:00:00,-999,-0.2044
2012-11-05 00:00:00,-999,-0.4078
2012-11-06 00:00:00,-999,-0.6387
2012-11-07 00:00:00,-999,-0.538
2012-11-08 00:00:00,-999,-0.3995
2012-11-09 00:00:00,-999,-0.5035
2012-11-10 00:00:00,-999,-0.4403
2012-11-11 00:00:00,-999,-0.3415
2012-11-12 00:00:00,-999,-0.427
2012-11-13 00:00:00,-999,-0.4805
2012-11-14 00:00:00,-999,-0.6581
2012-11-15 00:00:00,-999,-0.7607
2012-11-16 00:00:00,-999,-0.754
2012-11-17 00:00:00,-999,-0.9893
2012-11-18 00:00:00,-999,-0.8136
2012-11-19 00:00:00,-999,-0.8771
2012-11-20 00:00:00,-999,-0.832
2012-11-21 00:00:00,-999,-0.8512
2012-11-22 00:00:00,-999,-0.9847
2012-11-23 00:00:00,-999,-1.0381
2012-11-24 00:00:00,-999,-1.3778
2012-11-25 00:00:00,-999,-1.3924
2012-11-26 00:00:00,-999,-1.1164
2012-11-27 00:00:00,-999,-1.5685
2012-11-28 00:00:00,-999,-2.3518
2012-11-29 00:00:00,-999,-2.0646
2012-11-30 00:00:00,-999,-1.8641
2012-12-01 00:00:00,-999,-1.756
2012-12-02 00:00:00,-999,-1.7451
2012-12-03 00:00:00,-999,-1.8985
2012-12-04 00:00:00,-999,-1.8626
2012-12-05 00:00:00,-999,-1.9935
2012-12-06 00:00:00,-999,-2.0297
2012-12-07 00:00:00,-999,-2.3265
2012-12-08 00:00:00,-999,-2.8868
2012-12-09 00:00:00,-999,-3.7155
2012-12-10 00:00:00,-999,-5.302
2012-12-11 00:00:00,-999,-6.6065
2012-12-12 00:00:00,-999,-7.4633
2012-12-13 00:00:00,-999,-8.4912
2012-12-14 00:00:00,-999,-9.6029
2012-12-15 00:00:00,-999,-10.37
2012-12-16 00:00:00,-999,-10.95
2012-12-17 00:00:00,-999,-11.3913
2012-12-18 00:00:00,-999,-11.0564
2013-03-12 00:00:00,-999,-16.1825
2013-03-13 00:00:00,-999,-16.9617
2013-03-14 00:00:00,-999,-17.12
2013-03-15 00:00:00,-999,-16.7086
2013-03-16 00:00:00,-999,-16.265
2013-03-17 00:00:00,-999,-15.9711
2013-03-18 00:00:00,-999,-16.4933
2013-03-19 00:00:00,-999,-16.95
2013-03-21 00:00:00,-999,-16.3529
2013-03-22 00:00:00,-999,-17.0878
2013-03-24 00:00:00,-999,-17.21
2013-03-25 00:00:00,-999,-17.2489
2013-03-26 00:00:00,-999,-16.63
2013-03-27 00:00:00,-999,-16.4442
2013-03-28 00:00:00,-999,-16.38
2013-03-29 00:00:00,-999,-16.6692
2013-03-30 00:00:00,-999,-16.6133
2013-03-31 00:00:00,-999,-16.2367
2013-04-01 00:00:00,-999,-15.7933
2013-04-02 00:00:00,-999,-15.6304
2013-04-03 00:00:00,-999,-15.9546
2013-04-04 00:00:00,-999,-16.1325
2013-04-05 00:00:00,-999,-16.285
2013-04-06 00:00:00,-999,-16.6729
2013-04-07 00:00:00,-999,-17.2662
2013-04-08 00:00:00,-999,-17.2117
2013-04-09 00:00:00,-999,-17.0342
2013-04-10 00:00:00,-999,-16.3321
2013-04-11 00:00:00,-999,-15.935
2013-04-12 00:00:00,-999,-15.9363
2013-04-13 00:00:00,-999,-15.99
2013-04-14 00:00:00,-999,-15.9404
2013-04-15 00:00:00,-999,-15.8275
2013-04-16 00:00:00,-999,-15.7371
2013-04-17 00:00:00,-999,-15.4587
2013-04-18 00:00:00,-999,-15.3013
2013-04-19 00:00:00,-999,-15.0775
2013-04-20 00:00:00,-999,-14.6175
2013-04-21 00:00:00,-999,-14.1017
2013-04-22 00:00:00,-999,-13.8296
2013-04-23 00:00:00,-999,-13.2513
2013-04-24 00:00:00,-999,-12.5
2013-04-25 00:00:00,-999,-12.7667
2013-04-26 00:00:00,-999,-12.8262
2013-04-27 00:00:00,-999,-12.8283
2013-04-28 00:00:00,-999,-12.6942
2013-04-29 00:00:00,-999,-12.4225
2013-04-30 00:00:00,-999,-12.3358
2013-05-01 00:00:00,-999,-12.5004
2013-05-02 00:00:00,-999,-12.7096
2013-05-03 00:00:00,-999,-12.7463
2013-05-04 00:00:00,-999,-12.6967
2013-05-05 00:00:00,-999,-12.6704
2013-05-06 00:00:00,-999,-12.6787
2013-05-07 00:00:00,-999,-12.3625
2013-05-08 00:00:00,-999,-11.9367
2013-05-09 00:00:00,-999,-11.4858
2013-05-10 00:00:00,-999,-11.1429
2013-05-11 00:00:00,-999,-10.8729
2013-05-12 00:00:00,-999,-10.2821
2013-05-13 00:00:00,-999,-10.0658
2013-05-14 00:00:00,-999,-10.3221
2013-05-15 00:00:00,-999,-10.6083
2013-05-16 00:00:00,-999,-10.5138
2013-05-17 00:00:00,-999,-9.8717
2013-05-18 00:00:00,-999,-9.8546
2013-05-19 00:00:00,-999,-10.125
2013-05-20 00:00:00,-999,-9.4571
2013-05-21 00:00:00,-999,-7.1739
2013-05-22 00:00:00,-999,-4.6034
2013-05-23 00:00:00,-999,-3.5295
2013-05-24 00:00:00,-999,-3.2749
2013-05-25 00:00:00,-999,-2.3499
2013-05-26 00:00:00,-999,-1.8104
2013-05-27 00:00:00,-999,-1.5683
2013-05-28 00:00:00,-999,-1.4178
2013-05-29 00:00:00,-999,-1.262
2013-05-30 00:00:00,-999,-1.1313
2013-05-31 00:00:00,-999,-1.0072
