Date/Depth,-2
2009-06-25 00:00:00,0.62
2009-06-26 00:00:00,0.64
2009-06-27 00:00:00,1.24
2009-06-28 00:00:00,0.39
2009-06-29 00:00:00,1.86
2009-06-30 00:00:00,2.93
2009-07-01 00:00:00,3.01
2009-07-02 00:00:00,2.08
2009-07-03 00:00:00,1.36
2009-07-04 00:00:00,2.08
2009-07-05 00:00:00,3.77
2009-07-06 00:00:00,5.16
2009-07-07 00:00:00,3.86
2009-07-08 00:00:00,2.62
2009-07-09 00:00:00,3.29
2009-07-10 00:00:00,6.6
2009-07-11 00:00:00,8.61
2009-07-12 00:00:00,11.11
2009-07-13 00:00:00,11.4
2009-07-14 00:00:00,6.77
2009-07-15 00:00:00,4.79
2009-07-16 00:00:00,6.11
2009-07-17 00:00:00,4.9
2009-07-18 00:00:00,2.96
2009-07-19 00:00:00,2.66
2009-07-20 00:00:00,2.74
2009-07-21 00:00:00,2.33
2009-07-22 00:00:00,2.25
2009-07-23 00:00:00,2.37
2009-07-24 00:00:00,3.66
2009-07-25 00:00:00,8.87
2009-07-26 00:00:00,5.83
2009-07-27 00:00:00,5.1
2009-07-28 00:00:00,6.43
2009-07-29 00:00:00,6.63
2009-07-30 00:00:00,8.35
2009-07-31 00:00:00,6.99
2009-08-01 00:00:00,11.17
2009-08-02 00:00:00,12.18
2009-08-03 00:00:00,13.53
2009-08-04 00:00:00,12.62
2009-08-05 00:00:00,9.28
2009-08-06 00:00:00,4.44
2009-08-07 00:00:00,4.17
2009-08-08 00:00:00,5.73
2009-08-09 00:00:00,3.2
2009-08-10 00:00:00,2.18
2009-08-11 00:00:00,3.2
2009-08-12 00:00:00,3.33
2009-08-13 00:00:00,3.83
2009-08-14 00:00:00,4.91
2009-08-15 00:00:00,5.28
2009-08-16 00:00:00,5.23
2009-08-17 00:00:00,4.34
2009-08-18 00:00:00,4.62
2009-08-19 00:00:00,5.79
2009-08-20 00:00:00,7.19
2009-08-21 00:00:00,8.99
2009-08-22 00:00:00,11.56
2009-08-23 00:00:00,6.44
2009-08-24 00:00:00,6.33
2009-08-25 00:00:00,4.38
2009-08-26 00:00:00,3.57
2009-08-27 00:00:00,4.23
2009-08-28 00:00:00,3.05
2009-08-29 00:00:00,3.17
2009-08-30 00:00:00,1.89
2009-08-31 00:00:00,1.86
2009-09-01 00:00:00,8.42
2009-09-02 00:00:00,8.04
2009-09-03 00:00:00,7.47
2009-09-04 00:00:00,5.57
2009-09-05 00:00:00,8.73
2009-09-06 00:00:00,2.95
2009-09-07 00:00:00,2.73
2009-09-08 00:00:00,1.88
2009-09-09 00:00:00,2.28
2009-09-10 00:00:00,3.02
2009-09-11 00:00:00,2.25
2009-09-12 00:00:00,1.74
2009-09-13 00:00:00,1.37
2009-09-14 00:00:00,1.28
2009-09-15 00:00:00,2.87
2009-09-16 00:00:00,2.66
2009-09-17 00:00:00,1.56
2009-09-18 00:00:00,0.7
2009-09-19 00:00:00,-0.49
2009-09-20 00:00:00,-0.7
2009-09-21 00:00:00,-1.18
2009-09-22 00:00:00,-0.75
2009-09-23 00:00:00,-0.53
2009-09-24 00:00:00,-1.26
2009-09-25 00:00:00,-1.39
2009-09-26 00:00:00,-2.89
2009-09-27 00:00:00,-2.69
2009-09-28 00:00:00,-3.84
2009-09-29 00:00:00,-3.84
2009-09-30 00:00:00,-3.28
2009-10-01 00:00:00,-4.3
2009-10-02 00:00:00,-4.79
2009-10-03 00:00:00,-1.35
2009-10-04 00:00:00,-1.25
2009-10-05 00:00:00,-1.21
2009-10-06 00:00:00,-2.49
2009-10-07 00:00:00,-2.9
2009-10-08 00:00:00,-1.92
2009-10-09 00:00:00,-1.81
2009-10-10 00:00:00,-0.43
2009-10-11 00:00:00,-1.16
2009-10-12 00:00:00,0.39
2009-10-13 00:00:00,0.83
2009-10-14 00:00:00,-0.22
2009-10-15 00:00:00,-0.68
2009-10-16 00:00:00,-1.44
2009-10-17 00:00:00,-5.98
2009-10-18 00:00:00,-6.47
2009-10-19 00:00:00,-4.26
2009-10-20 00:00:00,-5.39
2009-10-21 00:00:00,-5.15
2009-10-22 00:00:00,-3.74
2009-10-23 00:00:00,-4.39
2009-10-24 00:00:00,-9.39
2009-10-25 00:00:00,-2.3
2009-10-26 00:00:00,-4.54
2009-10-27 00:00:00,-5.05
2009-10-28 00:00:00,-6.3
2009-10-29 00:00:00,-8.14
2009-10-30 00:00:00,-7.33
2009-10-31 00:00:00,-8.44
2009-11-01 00:00:00,-9.82
2009-11-02 00:00:00,-11.77
2009-11-03 00:00:00,-12.15
2009-11-04 00:00:00,-11.87
2009-11-05 00:00:00,-10.05
2009-11-06 00:00:00,-13.54
2009-11-07 00:00:00,-16.48
2009-11-08 00:00:00,-15.84
2009-11-09 00:00:00,-14.27
2009-11-10 00:00:00,-16.99
2009-11-11 00:00:00,-17.64
2009-11-12 00:00:00,-14.79
2009-11-13 00:00:00,-18.06
2009-11-14 00:00:00,-24.87
2009-11-15 00:00:00,-24
2009-11-16 00:00:00,-22.97
2009-11-17 00:00:00,-23.61
2009-11-18 00:00:00,-23.77
2009-11-19 00:00:00,-24.34
2009-11-20 00:00:00,-24.26
2009-11-21 00:00:00,-24.88
2009-11-22 00:00:00,-29.22
2009-11-23 00:00:00,-20.93
2009-11-24 00:00:00,-20.65
2009-11-25 00:00:00,-18.92
2009-11-26 00:00:00,-16.24
2009-11-27 00:00:00,-17.92
2009-11-28 00:00:00,-15.82
2009-11-29 00:00:00,-18.34
2009-11-30 00:00:00,-17.43
2009-12-01 00:00:00,-16.57
2009-12-02 00:00:00,-13.97
2009-12-03 00:00:00,-16.9
2009-12-04 00:00:00,-25.09
2009-12-05 00:00:00,-18.64
2009-12-06 00:00:00,-7.58
2009-12-07 00:00:00,-9.31
2009-12-08 00:00:00,-6.93
2009-12-09 00:00:00,-8.91
2009-12-10 00:00:00,-8.92
2009-12-11 00:00:00,-12.67
2009-12-12 00:00:00,-15.37
2009-12-13 00:00:00,-26.91
2009-12-14 00:00:00,-29.28
2009-12-15 00:00:00,-28.04
2009-12-16 00:00:00,-33.15
2009-12-17 00:00:00,-30.61
2009-12-18 00:00:00,-28.82
2009-12-19 00:00:00,-24.17
2009-12-20 00:00:00,-23.52
2009-12-21 00:00:00,-18.55
2009-12-22 00:00:00,-18.22
2009-12-23 00:00:00,-19.43
2009-12-24 00:00:00,-17.46
2009-12-25 00:00:00,-22.81
2009-12-26 00:00:00,-23.54
2009-12-27 00:00:00,-18.94
2009-12-28 00:00:00,-17.08
2009-12-29 00:00:00,-16.84
2009-12-30 00:00:00,-21.66
2009-12-31 00:00:00,-29.23
2010-01-01 00:00:00,-24.61
2010-01-02 00:00:00,-19.53
2010-01-03 00:00:00,-20.27
2010-01-04 00:00:00,-23.34
2010-01-05 00:00:00,-22.61
2010-01-06 00:00:00,-21.83
2010-01-07 00:00:00,-21.25
2010-01-08 00:00:00,-33.53
2010-01-09 00:00:00,-40.7
2010-01-10 00:00:00,-38.03
2010-01-11 00:00:00,-33.95
2010-01-12 00:00:00,-28.99
2010-01-13 00:00:00,-23.65
2010-01-14 00:00:00,-33
2010-01-15 00:00:00,-34.94
2010-01-16 00:00:00,-31.82
2010-01-17 00:00:00,-35.33
2010-01-18 00:00:00,-37.85
2010-01-19 00:00:00,-40.73
2010-01-20 00:00:00,-33.38
2010-01-21 00:00:00,-30.14
2010-01-22 00:00:00,-31.34
2010-01-23 00:00:00,-28.09
2010-01-24 00:00:00,-26.62
2010-01-25 00:00:00,-24.64
2010-01-26 00:00:00,-15.8
2010-01-27 00:00:00,-23.44
2010-01-28 00:00:00,-24.94
2010-01-29 00:00:00,-19.47
2010-01-30 00:00:00,-21.48
2010-01-31 00:00:00,-18.05
2010-02-01 00:00:00,-25.4
2010-02-02 00:00:00,-26.42
2010-02-03 00:00:00,-25.88
2010-02-04 00:00:00,-33.19
2010-02-05 00:00:00,-29.83
2010-02-06 00:00:00,-31.66
2010-02-07 00:00:00,-28.78
2010-02-08 00:00:00,-26.67
2010-02-09 00:00:00,-32.04
2010-02-10 00:00:00,-19.02
2010-02-11 00:00:00,-15.44
2010-02-12 00:00:00,-16.34
2010-02-13 00:00:00,-16.06
2010-02-14 00:00:00,-15.87
2010-02-15 00:00:00,-14.34
2010-02-16 00:00:00,-14.16
2010-02-17 00:00:00,-18.96
2010-02-18 00:00:00,-15.21
2010-02-19 00:00:00,-16.03
2010-02-20 00:00:00,-16.28
2010-02-21 00:00:00,-18.81
2010-02-22 00:00:00,-20.05
2010-02-23 00:00:00,-24.47
2010-02-24 00:00:00,-29.03
2010-02-25 00:00:00,-33.86
2010-02-26 00:00:00,-37.39
2010-02-27 00:00:00,-39.01
2010-02-28 00:00:00,-38.47
2010-03-01 00:00:00,-28.02
2010-03-02 00:00:00,-23.94
2010-03-03 00:00:00,-21.57
2010-03-04 00:00:00,-17.82
2010-03-05 00:00:00,-19.12
2010-03-06 00:00:00,-17.82
2010-03-07 00:00:00,-21
2010-03-08 00:00:00,-26.67
2010-03-09 00:00:00,-27.11
2010-03-10 00:00:00,-22.56
2010-03-11 00:00:00,-28.37
2010-03-12 00:00:00,-30.19
2010-03-13 00:00:00,-30.71
2010-03-14 00:00:00,-33.72
2010-03-15 00:00:00,-30.88
2010-03-16 00:00:00,-31.8
2010-03-17 00:00:00,-24.39
2010-03-18 00:00:00,-19.11
2010-03-19 00:00:00,-18.94
2010-03-20 00:00:00,-23.29
2010-03-21 00:00:00,-22.77
2010-03-22 00:00:00,-22.76
2010-03-23 00:00:00,-23.58
2010-03-24 00:00:00,-20.28
2010-03-25 00:00:00,-19.84
2010-03-26 00:00:00,-23.22
2010-03-27 00:00:00,-29.7
2010-03-28 00:00:00,-27.85
2010-03-29 00:00:00,-23.1
2010-03-30 00:00:00,-23.05
2010-03-31 00:00:00,-24.71
2010-04-01 00:00:00,-19.24
2010-04-02 00:00:00,-14.41
2010-04-03 00:00:00,-12.47
2010-04-04 00:00:00,-15.64
2010-04-05 00:00:00,-22.95
2010-04-06 00:00:00,-21.39
2010-04-07 00:00:00,-14.47
2010-04-08 00:00:00,-15.16
2010-04-09 00:00:00,-22.39
2010-04-10 00:00:00,-24.45
2010-04-11 00:00:00,-8.29
2010-04-12 00:00:00,-7.3
2010-04-13 00:00:00,-10.69
2010-04-14 00:00:00,-6.75
2010-04-15 00:00:00,-12.15
2010-04-16 00:00:00,-15.64
2010-04-17 00:00:00,-13.61
2010-04-18 00:00:00,-10.18
2010-04-19 00:00:00,-8.85
2010-04-20 00:00:00,-7.44
2010-04-21 00:00:00,-7.16
2010-04-22 00:00:00,-8.86
2010-04-23 00:00:00,-7.37
2010-04-24 00:00:00,-4.56
2010-04-25 00:00:00,-9.46
2010-04-26 00:00:00,-12.31
2010-04-27 00:00:00,-6.01
2010-04-28 00:00:00,-3.94
2010-04-29 00:00:00,-4.78
2010-04-30 00:00:00,-6.57
2010-05-01 00:00:00,-8.19
2010-05-02 00:00:00,-8.36
2010-05-03 00:00:00,-8.64
2010-05-04 00:00:00,-7.79
2010-05-05 00:00:00,-11.13
2010-05-06 00:00:00,-15.28
2010-05-07 00:00:00,-14.63
2010-05-08 00:00:00,-11.25
2010-05-09 00:00:00,-12.07
2010-05-10 00:00:00,-11.57
2010-05-11 00:00:00,-12.2
2010-05-12 00:00:00,-10.64
2010-05-13 00:00:00,-9.32
2010-05-14 00:00:00,-6.59
2010-05-15 00:00:00,-5.37
2010-05-16 00:00:00,-5.11
2010-05-17 00:00:00,-4.16
2010-05-18 00:00:00,-3.15
2010-05-19 00:00:00,-2.45
2010-05-20 00:00:00,-2.7
2010-05-21 00:00:00,-1.75
2010-05-22 00:00:00,-2.36
2010-05-23 00:00:00,-2.93
2010-05-24 00:00:00,-2.48
2010-05-25 00:00:00,-1.12
2010-05-26 00:00:00,-1.99
2010-05-27 00:00:00,-1.43
2010-05-28 00:00:00,-0.35
2010-05-29 00:00:00,0.02
2010-05-30 00:00:00,-1.28
2010-05-31 00:00:00,-0.52
2010-06-01 00:00:00,0.06
2010-06-02 00:00:00,0.34
2010-06-03 00:00:00,0.27
2010-06-04 00:00:00,0.02
2010-06-05 00:00:00,0.04
2010-06-06 00:00:00,1.15
2010-06-07 00:00:00,2.02
2010-06-08 00:00:00,2.72
2010-06-09 00:00:00,3.05
2010-06-10 00:00:00,2.44
2010-06-11 00:00:00,2.88
2010-06-12 00:00:00,2.42
2010-06-13 00:00:00,-0.54
2010-06-14 00:00:00,0.35
2010-06-15 00:00:00,-0.03
2010-06-16 00:00:00,0.56
2010-06-17 00:00:00,0.93
2010-06-18 00:00:00,1.07
2010-06-19 00:00:00,0.45
2010-06-20 00:00:00,0.13
2010-06-21 00:00:00,0.14
2010-06-22 00:00:00,-0.07
2010-06-23 00:00:00,1.62
2010-06-24 00:00:00,1.07
2010-06-25 00:00:00,-0.43
2010-06-26 00:00:00,1.79
2010-06-27 00:00:00,1.99
2010-06-28 00:00:00,2.09
2010-06-29 00:00:00,1.75
2010-06-30 00:00:00,0.96
2010-07-01 00:00:00,1.59
2010-07-02 00:00:00,3.67
2010-07-03 00:00:00,3.23
2010-07-04 00:00:00,5.3
2010-07-05 00:00:00,2.38
2010-07-06 00:00:00,2.36
2010-07-07 00:00:00,6.55
2010-07-08 00:00:00,15.14
2010-07-09 00:00:00,13.29
2010-07-10 00:00:00,3.86
2010-07-11 00:00:00,4.94
2010-07-12 00:00:00,5.61
2010-07-13 00:00:00,5.93
2010-07-14 00:00:00,5.47
2010-07-15 00:00:00,5.68
2010-07-16 00:00:00,10.65
2010-07-17 00:00:00,11.28
2010-07-18 00:00:00,3.86
2010-07-19 00:00:00,3.48
2010-07-20 00:00:00,3.79
2010-07-21 00:00:00,5.16
2010-07-22 00:00:00,10.93
2010-07-23 00:00:00,6.12
2010-07-24 00:00:00,4.72
2010-07-25 00:00:00,6.24
2010-07-26 00:00:00,8.64
2010-07-27 00:00:00,5.73
2010-07-28 00:00:00,6.77
2010-07-29 00:00:00,6.94
2010-07-30 00:00:00,9.53
2010-07-31 00:00:00,14.92
2010-08-01 00:00:00,9.21
2010-08-02 00:00:00,19.04
2010-08-03 00:00:00,15.11
2010-08-04 00:00:00,10.86
2010-08-05 00:00:00,7.5
2010-08-06 00:00:00,4.16
2010-08-07 00:00:00,3.93
2010-08-08 00:00:00,3.63
2010-08-09 00:00:00,3.13
2010-08-10 00:00:00,3.09
2010-08-11 00:00:00,4.15
2010-08-12 00:00:00,6.48
2010-08-13 00:00:00,10.65
2010-08-14 00:00:00,8.03
2010-08-15 00:00:00,5.38
2010-08-16 00:00:00,9.95
2010-08-17 00:00:00,5.2
2010-08-18 00:00:00,9.77
2010-08-19 00:00:00,5.19
2010-08-20 00:00:00,4.28
2010-08-21 00:00:00,5.13
2010-08-22 00:00:00,4.91
2010-08-23 00:00:00,4.27
2010-08-24 00:00:00,4.59
2010-06-01 00:00:00,0.06
2010-06-02 00:00:00,0.34
2010-06-03 00:00:00,0.27
2010-06-04 00:00:00,0.02
2010-06-05 00:00:00,0.04
2010-06-06 00:00:00,1.15
2010-06-07 00:00:00,2.02
2010-06-08 00:00:00,2.72
2010-06-09 00:00:00,3.05
2010-06-10 00:00:00,2.44
2010-06-11 00:00:00,2.88
2010-06-12 00:00:00,2.42
2010-06-13 00:00:00,-0.54
2010-06-14 00:00:00,0.35
2010-06-15 00:00:00,-0.03
2010-06-16 00:00:00,0.56
2010-06-17 00:00:00,0.93
2010-06-18 00:00:00,1.07
2010-06-19 00:00:00,0.45
2010-06-20 00:00:00,0.13
2010-06-21 00:00:00,0.14
2010-06-22 00:00:00,-0.07
2010-06-23 00:00:00,1.62
2010-06-24 00:00:00,1.07
2010-06-25 00:00:00,-0.43
2010-06-26 00:00:00,1.79
2010-06-27 00:00:00,1.99
2010-06-28 00:00:00,2.09
2010-06-29 00:00:00,1.75
2010-06-30 00:00:00,0.96
2010-07-01 00:00:00,1.59
2010-07-02 00:00:00,3.67
2010-07-03 00:00:00,3.23
2010-07-04 00:00:00,5.3
2010-07-05 00:00:00,2.38
2010-07-06 00:00:00,2.36
2010-07-07 00:00:00,6.55
2010-07-08 00:00:00,15.14
2010-07-09 00:00:00,13.29
2010-07-10 00:00:00,3.86
2010-07-11 00:00:00,4.94
2010-07-12 00:00:00,5.61
2010-07-13 00:00:00,5.93
2010-07-14 00:00:00,5.47
2010-07-15 00:00:00,5.68
2010-07-16 00:00:00,10.65
2010-07-17 00:00:00,11.28
2010-07-18 00:00:00,3.86
2010-07-19 00:00:00,3.48
2010-07-20 00:00:00,3.79
2010-07-21 00:00:00,5.16
2010-07-22 00:00:00,10.93
2010-07-23 00:00:00,6.12
2010-07-24 00:00:00,4.72
2010-07-25 00:00:00,6.24
2010-07-26 00:00:00,8.64
2010-07-27 00:00:00,5.73
2010-07-28 00:00:00,6.77
2010-07-29 00:00:00,6.94
2010-07-30 00:00:00,9.53
2010-07-31 00:00:00,14.92
2010-08-01 00:00:00,9.21
2010-08-02 00:00:00,19.04
2010-08-03 00:00:00,15.11
2010-08-04 00:00:00,10.86
2010-08-05 00:00:00,7.5
2010-08-06 00:00:00,4.16
2010-08-07 00:00:00,3.93
2010-08-08 00:00:00,3.63
2010-08-09 00:00:00,3.13
2010-08-10 00:00:00,3.09
2010-08-11 00:00:00,4.15
2010-08-12 00:00:00,6.48
2010-08-13 00:00:00,10.65
2010-08-14 00:00:00,8.03
2010-08-15 00:00:00,5.38
2010-08-16 00:00:00,9.95
2010-08-17 00:00:00,5.2
2010-08-18 00:00:00,9.77
2010-08-19 00:00:00,5.19
2010-08-20 00:00:00,4.28
2010-08-21 00:00:00,5.13
2010-08-22 00:00:00,4.91
2010-08-23 00:00:00,4.27
2010-08-24 00:00:00,4.59
2010-08-25 00:00:00,4.76
2010-08-26 00:00:00,4.82
2010-08-27 00:00:00,4.29
2010-08-28 00:00:00,4.35
2010-08-29 00:00:00,4.56
2010-08-30 00:00:00,3.45
2010-08-31 00:00:00,3.26
2010-09-01 00:00:00,3.43
2010-09-02 00:00:00,4.83
2010-09-03 00:00:00,4.16
2010-09-04 00:00:00,3.14
2010-09-05 00:00:00,2.84
2010-09-06 00:00:00,3.39
2010-09-07 00:00:00,2.53
2010-09-08 00:00:00,9.43
2010-09-09 00:00:00,5.84
2010-09-10 00:00:00,2.63
2010-09-11 00:00:00,3.28
2010-09-12 00:00:00,8.97
2010-09-13 00:00:00,5.22
2010-09-14 00:00:00,2.12
2010-09-15 00:00:00,2.97
2010-09-16 00:00:00,5.05
2010-09-17 00:00:00,4.16
2010-09-18 00:00:00,2.26
2010-09-19 00:00:00,1.85
2010-09-20 00:00:00,1.11
2010-09-21 00:00:00,-0.09
2010-09-22 00:00:00,-0.67
2010-09-23 00:00:00,-0.56
2010-09-24 00:00:00,-1.2
2010-09-25 00:00:00,-1.55
2010-09-26 00:00:00,-2.86
2010-09-27 00:00:00,-4.75
2010-09-28 00:00:00,-4.32
2010-09-29 00:00:00,-3.94
2010-09-30 00:00:00,-2.72
2010-10-01 00:00:00,-2.11
2010-10-02 00:00:00,-1.15
2010-10-03 00:00:00,-1.03
2010-10-04 00:00:00,-0.37
2010-10-05 00:00:00,-0.77
2010-10-06 00:00:00,-2.26
2010-10-07 00:00:00,-5.33
2010-10-08 00:00:00,-8.2
2010-10-09 00:00:00,-7.58
2010-10-10 00:00:00,-5.14
2010-10-11 00:00:00,-4.26
2010-10-12 00:00:00,-3.99
2010-10-13 00:00:00,-4.19
2010-10-14 00:00:00,-4.92
2010-10-15 00:00:00,-6.11
2010-10-16 00:00:00,-4.8
2010-10-17 00:00:00,-4.12
2010-10-18 00:00:00,-3.5
2010-10-19 00:00:00,-5.41
2010-10-20 00:00:00,-9.48
2010-10-21 00:00:00,-3.47
2010-10-22 00:00:00,-2.94
2010-10-23 00:00:00,-3.18
2010-10-24 00:00:00,-3.78
2010-10-25 00:00:00,-4.45
2010-10-26 00:00:00,-7.59
2010-10-27 00:00:00,-7.51
2010-10-28 00:00:00,-6.79
2010-10-29 00:00:00,-4.55
2010-10-30 00:00:00,-4.48
2010-10-31 00:00:00,-5.7
2010-11-01 00:00:00,-8.53
2010-11-02 00:00:00,-10.98
2010-11-03 00:00:00,-9.04
2010-11-04 00:00:00,-4.86
2010-11-05 00:00:00,-6.13
2010-11-06 00:00:00,-8.91
2010-11-07 00:00:00,-7.68
2010-11-08 00:00:00,-9.07
2010-11-09 00:00:00,-10.68
2010-11-10 00:00:00,-12
2010-11-11 00:00:00,-10.72
2010-11-12 00:00:00,-11.43
2010-11-13 00:00:00,-11.99
2010-11-14 00:00:00,-15.72
2010-11-15 00:00:00,-17.36
2010-11-16 00:00:00,-14.29
2010-11-17 00:00:00,-5.18
2010-11-18 00:00:00,-5.31
2010-11-19 00:00:00,-9.35
2010-11-20 00:00:00,-5.87
2010-11-21 00:00:00,-6.72
2010-11-22 00:00:00,-3.59
2010-11-23 00:00:00,-2.36
2010-11-24 00:00:00,-7.4
2010-11-25 00:00:00,-10.7
2010-11-26 00:00:00,-13.48
2010-11-27 00:00:00,-14.73
2010-11-28 00:00:00,-16.14
2010-11-29 00:00:00,-21.89
2010-11-30 00:00:00,-29.99
2010-12-01 00:00:00,-17.91
2010-12-02 00:00:00,-23.7
2010-12-03 00:00:00,-20.74
2010-12-04 00:00:00,-17.28
2010-12-05 00:00:00,-20.11
2010-12-06 00:00:00,-24.13
2010-12-07 00:00:00,-27.2
2010-12-08 00:00:00,-20.4
2010-12-09 00:00:00,-23.37
2010-12-10 00:00:00,-23.01
2010-12-11 00:00:00,-27.61
2010-12-12 00:00:00,-23.91
2010-12-13 00:00:00,-18.73
2010-12-14 00:00:00,-22.75
2010-12-15 00:00:00,-20.39
2010-12-16 00:00:00,-23.19
2010-12-17 00:00:00,-26.17
2010-12-18 00:00:00,-26.05
2010-12-19 00:00:00,-22.73
2010-12-20 00:00:00,-15.36
2010-12-21 00:00:00,-14.99
2010-12-22 00:00:00,-24.69
2010-12-23 00:00:00,-31.54
2010-12-24 00:00:00,-26.26
2010-12-25 00:00:00,-30.96
2010-12-26 00:00:00,-38.02
2010-12-27 00:00:00,-38.54
2010-12-28 00:00:00,-41.3
2010-12-29 00:00:00,-39
2010-12-30 00:00:00,-37.69
2010-12-31 00:00:00,-30.59
2011-01-01 00:00:00,-28.35
2011-01-02 00:00:00,-21.01
2011-01-03 00:00:00,-15.86
2011-01-04 00:00:00,-17.24
2011-01-05 00:00:00,-16.11
2011-01-06 00:00:00,-15.52
2011-01-07 00:00:00,-17.87
2011-01-08 00:00:00,-19.72
2011-01-09 00:00:00,-7.84
2011-01-10 00:00:00,-7.67
2011-01-11 00:00:00,-16.11
2011-01-12 00:00:00,-22.52
2011-01-13 00:00:00,-26.59
2011-01-14 00:00:00,-23.42
2011-01-15 00:00:00,-20.56
2011-01-16 00:00:00,-25.43
2011-01-17 00:00:00,-23.84
2011-01-18 00:00:00,-28.66
2011-01-19 00:00:00,-29.89
2011-01-20 00:00:00,-36.6
2011-01-21 00:00:00,-37.45
2011-01-22 00:00:00,-39.03
2011-01-23 00:00:00,-40.65
2011-01-24 00:00:00,-37.64
2011-01-25 00:00:00,-39.97
2011-01-26 00:00:00,-33.75
2011-01-27 00:00:00,-30.52
2011-01-28 00:00:00,-26.84
2011-01-29 00:00:00,-22.21
2011-01-30 00:00:00,-18.12
2011-01-31 00:00:00,-20.9
2011-02-01 00:00:00,-21.49
2011-02-02 00:00:00,-17.33
2011-02-03 00:00:00,-19.81
2011-02-04 00:00:00,-22.73
2011-02-05 00:00:00,-20.96
2011-02-06 00:00:00,-24.4
2011-02-07 00:00:00,-26.19
2011-02-08 00:00:00,-22.39
2011-02-09 00:00:00,-16.48
2011-02-10 00:00:00,-21.93
2011-02-11 00:00:00,-34.26
2011-02-12 00:00:00,-36.12
2011-02-13 00:00:00,-999
2011-02-14 00:00:00,-999
2011-02-15 00:00:00,-999
2011-02-16 00:00:00,-999
2011-02-17 00:00:00,-999
2011-02-18 00:00:00,-999
2011-02-19 00:00:00,-999
2011-02-20 00:00:00,-999
2011-02-21 00:00:00,-999
2011-02-22 00:00:00,-999
2011-02-23 00:00:00,-999
2011-02-24 00:00:00,-999
2011-02-25 00:00:00,-999
2011-02-26 00:00:00,-999
2011-02-27 00:00:00,-999
2011-02-28 00:00:00,-999
2011-03-01 00:00:00,-999
2011-03-02 00:00:00,-999
2011-03-03 00:00:00,-999
2011-03-04 00:00:00,-999
2011-03-05 00:00:00,-999
2011-03-06 00:00:00,-999
2011-03-07 00:00:00,-999
2011-03-08 00:00:00,-999
2011-03-09 00:00:00,-999
2011-03-10 00:00:00,-999
2011-03-11 00:00:00,-999
2011-03-12 00:00:00,-999
2011-03-13 00:00:00,-999
2011-03-14 00:00:00,-999
2011-03-15 00:00:00,-999
2011-03-16 00:00:00,-999
2011-03-17 00:00:00,-999
2011-03-18 00:00:00,-999
2011-03-19 00:00:00,-999
2011-03-20 00:00:00,-999
2011-03-21 00:00:00,-999
2011-03-22 00:00:00,-999
2011-03-23 00:00:00,-999
2011-03-24 00:00:00,-999
2011-03-25 00:00:00,-999
2011-03-26 00:00:00,-999
2011-03-27 00:00:00,-999
2011-03-28 00:00:00,-999
2011-03-29 00:00:00,-999
2011-03-30 00:00:00,-999
2011-03-31 00:00:00,-999
2011-04-01 00:00:00,-999
2011-04-02 00:00:00,-999
2011-04-03 00:00:00,-999
2011-04-04 00:00:00,-999
2011-04-05 00:00:00,-999
2011-04-06 00:00:00,-999
2011-04-07 00:00:00,-999
2011-04-08 00:00:00,-999
2011-04-09 00:00:00,-19.91
2011-04-10 00:00:00,-999
2011-04-11 00:00:00,-20.02
2011-04-12 00:00:00,-20.01
2011-04-13 00:00:00,-18.26
2011-04-14 00:00:00,-17.93
2011-04-15 00:00:00,-999
2011-04-16 00:00:00,-9.71
2011-04-17 00:00:00,-7.1
2011-04-18 00:00:00,-999
2011-04-19 00:00:00,-12.65
2011-04-20 00:00:00,-999
2011-04-21 00:00:00,-15.36
2011-04-22 00:00:00,-17.25
2011-04-23 00:00:00,-16.89
2011-04-24 00:00:00,-16.88
2011-04-25 00:00:00,-17.09
2011-04-26 00:00:00,-13.74
2011-04-27 00:00:00,-14.41
2011-04-28 00:00:00,-13.06
2011-04-29 00:00:00,-13.53
2011-04-30 00:00:00,-12.3
2011-05-01 00:00:00,-11.65
2011-05-02 00:00:00,-11.04
2011-05-03 00:00:00,-999
2011-05-04 00:00:00,-999
2011-05-05 00:00:00,-12.15
2011-05-06 00:00:00,-10.26
2011-05-07 00:00:00,-999
2011-05-08 00:00:00,-9.98
2011-05-09 00:00:00,-999
2011-05-10 00:00:00,-11.43
2011-05-11 00:00:00,-11.58
2011-05-12 00:00:00,-10.5
2011-05-13 00:00:00,-6.1
2011-05-14 00:00:00,-4.88
2011-05-15 00:00:00,-999
2011-05-16 00:00:00,-999
2011-05-17 00:00:00,-999
2011-05-18 00:00:00,-999
2011-05-19 00:00:00,1.73
2011-05-20 00:00:00,-999
2011-05-21 00:00:00,2.31
2011-05-22 00:00:00,-999
2011-05-23 00:00:00,1.83
2011-05-24 00:00:00,2.77
2011-05-25 00:00:00,1.34
2011-05-26 00:00:00,-999
2011-05-27 00:00:00,-999
2011-05-28 00:00:00,-999
2011-05-29 00:00:00,-999
2011-05-30 00:00:00,-999
2011-05-31 00:00:00,-999
2011-06-01 00:00:00,-999
2011-06-02 00:00:00,-999
2011-06-03 00:00:00,-999
2011-06-04 00:00:00,0.48
2011-06-05 00:00:00,0.13
2011-06-06 00:00:00,-1.17
2011-06-07 00:00:00,-0.56
2011-06-08 00:00:00,-1.61
2011-06-09 00:00:00,-1.55
2011-06-10 00:00:00,-0.51
2011-06-11 00:00:00,-1.5
2011-06-12 00:00:00,-1
2011-06-13 00:00:00,0.08
2011-06-14 00:00:00,0.06
2011-06-15 00:00:00,6.95
2011-06-16 00:00:00,6.84
2011-06-17 00:00:00,2.62
2011-06-18 00:00:00,0.78
2011-06-19 00:00:00,2.65
2011-06-20 00:00:00,2.41
2011-06-21 00:00:00,1.5
2011-06-22 00:00:00,1.9
2011-06-23 00:00:00,1.56
2011-06-24 00:00:00,1.35
2011-06-25 00:00:00,1.8
2011-06-26 00:00:00,3.44
2011-06-27 00:00:00,3.88
2011-06-28 00:00:00,2.66
2011-06-29 00:00:00,0.42
2011-06-30 00:00:00,1.51
2011-07-01 00:00:00,5.24
2011-07-02 00:00:00,4.49
2011-07-03 00:00:00,3.54
2011-07-04 00:00:00,2.53
2011-07-05 00:00:00,6.03
2011-07-06 00:00:00,6.63
2011-07-07 00:00:00,6.2
2011-07-08 00:00:00,4.09
2011-07-09 00:00:00,3.05
2011-07-10 00:00:00,4.38
2011-07-11 00:00:00,5.42
2011-07-12 00:00:00,5.83
2011-07-13 00:00:00,5.44
2011-07-14 00:00:00,5.95
2011-07-15 00:00:00,5.6
2011-07-16 00:00:00,5.66
2011-07-17 00:00:00,8.22
2011-07-18 00:00:00,6.05
2011-07-19 00:00:00,9.32
2011-07-20 00:00:00,12.02
2011-07-21 00:00:00,10.96
2011-07-22 00:00:00,8.96
2011-07-23 00:00:00,8.15
2011-07-24 00:00:00,7.38
2011-07-25 00:00:00,5.55
2011-07-26 00:00:00,6.04
2011-07-27 00:00:00,6.55
2011-07-28 00:00:00,10.86
2011-07-29 00:00:00,13.21
2011-07-30 00:00:00,8.6
2011-07-31 00:00:00,9.24
2011-08-01 00:00:00,7.3
2011-08-02 00:00:00,8.58
2011-08-03 00:00:00,5.94
2011-08-04 00:00:00,7.62
2011-08-05 00:00:00,11.24
2011-08-06 00:00:00,10.54
2011-08-07 00:00:00,8.5
2011-08-08 00:00:00,9.24
2011-08-09 00:00:00,7.92
2011-08-10 00:00:00,6.46
2011-08-11 00:00:00,6.82
2011-08-12 00:00:00,6.36
2011-08-13 00:00:00,6.41
2011-08-14 00:00:00,4.61
2011-06-01 00:00:00,-999
2011-06-02 00:00:00,-999
2011-06-03 00:00:00,-999
2011-06-04 00:00:00,0.517
2011-06-05 00:00:00,0.0837
2011-06-06 00:00:00,-1.213
2011-06-07 00:00:00,-0.555
2011-06-08 00:00:00,-1.605
2011-06-09 00:00:00,-1.525
2011-06-10 00:00:00,-0.507
2011-06-11 00:00:00,-1.579
2011-06-12 00:00:00,-0.888
2011-06-13 00:00:00,0.0855
2011-06-14 00:00:00,0.0809
2011-06-15 00:00:00,7.256
2011-06-16 00:00:00,6.681
2011-06-17 00:00:00,2.517
2011-06-18 00:00:00,0.753
2011-06-19 00:00:00,2.705
2011-06-20 00:00:00,2.387
2011-06-21 00:00:00,1.463
2011-06-22 00:00:00,1.922
2011-06-23 00:00:00,1.555
2011-06-24 00:00:00,1.347
2011-06-25 00:00:00,1.855
2011-06-26 00:00:00,3.467
2011-06-27 00:00:00,3.896
2011-06-28 00:00:00,2.488
2011-06-29 00:00:00,0.478
2011-06-30 00:00:00,1.612
2011-07-01 00:00:00,5.326
2011-07-02 00:00:00,4.383
2011-07-03 00:00:00,3.506
2011-07-04 00:00:00,2.61
2011-07-05 00:00:00,6.13
2011-07-06 00:00:00,6.642
2011-07-07 00:00:00,6.184
2011-07-08 00:00:00,3.903
2011-07-09 00:00:00,3.158
2011-07-10 00:00:00,4.384
2011-07-11 00:00:00,5.481
2011-07-12 00:00:00,5.81
2011-07-13 00:00:00,5.449
2011-07-14 00:00:00,5.96
2011-07-15 00:00:00,5.59
2011-07-16 00:00:00,5.713
2011-07-17 00:00:00,8.317
2011-07-18 00:00:00,5.946
2011-07-19 00:00:00,9.493
2011-07-20 00:00:00,12.04
2011-07-21 00:00:00,10.88
2011-07-22 00:00:00,8.878
2011-07-23 00:00:00,8.184
2011-07-24 00:00:00,7.296
2011-07-25 00:00:00,5.507
2011-07-26 00:00:00,6.095
2011-07-27 00:00:00,6.565
2011-07-28 00:00:00,10.99
2011-07-29 00:00:00,13.07
2011-07-30 00:00:00,8.696
2011-07-31 00:00:00,9.2
2011-08-01 00:00:00,7.199
2011-08-02 00:00:00,8.585
2011-08-03 00:00:00,5.943
2011-08-04 00:00:00,7.682
2011-08-05 00:00:00,11.35
2011-08-06 00:00:00,10.44
2011-08-07 00:00:00,8.49
2011-08-08 00:00:00,9.132
2011-08-09 00:00:00,7.952
2011-08-10 00:00:00,6.443
2011-08-11 00:00:00,6.818
2011-08-12 00:00:00,6.394
2011-08-13 00:00:00,6.345
2011-08-14 00:00:00,4.562
2011-08-15 00:00:00,4.246
2011-08-16 00:00:00,3.782
2011-08-17 00:00:00,3.645
2011-08-18 00:00:00,2.463
2011-08-19 00:00:00,2.629
2011-08-20 00:00:00,4.967
2011-08-21 00:00:00,4.804
2011-08-22 00:00:00,3.066
2011-08-23 00:00:00,3.466
2011-08-24 00:00:00,4.458
2011-08-25 00:00:00,3.783
2011-08-26 00:00:00,3.536
2011-08-27 00:00:00,5.913
2011-08-28 00:00:00,5.405
2011-08-29 00:00:00,3.904
2011-08-30 00:00:00,3.915
2011-08-31 00:00:00,4.56
2011-09-01 00:00:00,3.548
2011-09-02 00:00:00,3.11
2011-09-03 00:00:00,3.733
2011-09-04 00:00:00,4.047
2011-09-05 00:00:00,4.427
2011-09-06 00:00:00,4.002
2011-09-07 00:00:00,3.66
2011-09-08 00:00:00,2.286
2011-09-09 00:00:00,1.561
2011-09-10 00:00:00,3.786
2011-09-11 00:00:00,8.413
2011-09-12 00:00:00,6.803
2011-09-13 00:00:00,4.971
2011-09-14 00:00:00,3.43
2011-09-15 00:00:00,3.675
2011-09-16 00:00:00,3.155
2011-09-17 00:00:00,2.351
2011-09-18 00:00:00,2.16
2011-09-19 00:00:00,2.125
2011-09-20 00:00:00,2.486
2011-09-21 00:00:00,2.12
2011-09-22 00:00:00,0.983
2011-09-23 00:00:00,0.458
2011-09-24 00:00:00,-0.521
2011-09-25 00:00:00,-0.303
2011-09-26 00:00:00,0.294
2011-09-27 00:00:00,0.267
2011-09-28 00:00:00,0.207
2011-09-29 00:00:00,-0.832
2011-09-30 00:00:00,-2.37
2011-10-01 00:00:00,-2.053
2011-10-02 00:00:00,-2.907
2011-10-03 00:00:00,-0.239
2011-10-04 00:00:00,-2.959
2011-10-05 00:00:00,-1.882
2011-10-06 00:00:00,-0.493
2011-10-07 00:00:00,-0.968
2011-10-08 00:00:00,-2.306
2011-10-09 00:00:00,-1.017
2011-10-10 00:00:00,-1.368
2011-10-11 00:00:00,-1.25
2011-10-12 00:00:00,-2.371
2011-10-13 00:00:00,-3.659
2011-10-14 00:00:00,-1.859
2011-10-15 00:00:00,-1.019
2011-10-16 00:00:00,-0.981
2011-10-17 00:00:00,-1.096
2011-10-18 00:00:00,-2.895
2011-10-19 00:00:00,-2.143
2011-10-20 00:00:00,-5.444
2011-10-21 00:00:00,-10.22
2011-10-22 00:00:00,-4.277
2011-10-23 00:00:00,-6.298
2011-10-24 00:00:00,-7.84
2011-10-25 00:00:00,-4.958
2011-10-26 00:00:00,-5.08
2011-10-27 00:00:00,-6.253
2011-10-28 00:00:00,-9.582
2011-10-29 00:00:00,-7.028
2011-10-30 00:00:00,-17.56
2011-10-31 00:00:00,-10.52
2011-11-01 00:00:00,-12.24
2011-11-02 00:00:00,-5.298
2011-11-03 00:00:00,-10.66
2011-11-04 00:00:00,-7.583
2011-11-05 00:00:00,-11.64
2011-11-06 00:00:00,-16.44
2011-11-07 00:00:00,-16.27
2011-11-08 00:00:00,-15.37
2011-11-09 00:00:00,-14.59
2011-11-10 00:00:00,-12.33
2011-11-11 00:00:00,-15.51
2011-11-12 00:00:00,-19.09
2011-11-13 00:00:00,-19.7
2011-11-14 00:00:00,-21.08
2011-11-15 00:00:00,-16.31
2011-11-16 00:00:00,-17.49
2011-11-17 00:00:00,-18.36
2011-11-18 00:00:00,-21.49
2011-11-19 00:00:00,-23.13
2011-11-20 00:00:00,-22.2
2011-11-21 00:00:00,-26.45
2011-11-22 00:00:00,-26.24
2011-11-23 00:00:00,-33.06
2011-11-24 00:00:00,-31.17
2011-11-25 00:00:00,-28.36
2011-11-26 00:00:00,-33.77
2011-11-27 00:00:00,-29.6
2011-11-28 00:00:00,-27.42
2011-11-29 00:00:00,-31.81
2011-11-30 00:00:00,-29.8
2011-12-01 00:00:00,-25.51
2011-12-02 00:00:00,-24.58
2011-12-03 00:00:00,-25.43
2011-12-04 00:00:00,-16.27
2011-12-05 00:00:00,-13.62
2011-12-06 00:00:00,-24.48
2011-12-07 00:00:00,-23.6
2011-12-08 00:00:00,-14.98
2011-12-09 00:00:00,-13
2011-12-10 00:00:00,-12.11
2011-12-11 00:00:00,-12.01
2011-12-12 00:00:00,-18.61
2011-12-13 00:00:00,-25
2011-12-14 00:00:00,-28.53
2011-12-15 00:00:00,-32.78
2011-12-16 00:00:00,-28.69
2011-12-17 00:00:00,-26.13
2011-12-18 00:00:00,-24.19
2011-12-19 00:00:00,-29.05
2011-12-20 00:00:00,-30.77
2011-12-21 00:00:00,-29.87
2011-12-22 00:00:00,-34.48
2011-12-23 00:00:00,-34.36
2011-12-24 00:00:00,-34.48
2011-12-25 00:00:00,-30.51
2011-12-26 00:00:00,-30.62
2011-12-27 00:00:00,-28.23
2011-12-28 00:00:00,-26.64
2011-12-29 00:00:00,-31.4
2011-12-30 00:00:00,-29.73
2011-12-31 00:00:00,-34.06
2012-01-01 00:00:00,-35.04
2012-01-02 00:00:00,-27.58
2012-01-03 00:00:00,-27.61
2012-01-04 00:00:00,-30.23
2012-01-05 00:00:00,-25.72
2012-01-06 00:00:00,-29.81
2012-01-07 00:00:00,-29.96
2012-01-08 00:00:00,-31.16
2012-01-09 00:00:00,-30.86
2012-01-10 00:00:00,-30.8
2012-01-11 00:00:00,-24.72
2012-01-12 00:00:00,-33.87
2012-01-13 00:00:00,-31.61
2012-01-14 00:00:00,-29.46
2012-01-15 00:00:00,-34.05
2012-01-16 00:00:00,-27.55
2012-01-17 00:00:00,-28.07
2012-01-18 00:00:00,-20.54
2012-01-19 00:00:00,-21.27
2012-01-20 00:00:00,-19.31
2012-01-21 00:00:00,-23.78
2012-01-22 00:00:00,-36.94
2012-01-23 00:00:00,-43.9
2012-01-24 00:00:00,-45.31
2012-01-25 00:00:00,-43.89
2012-01-26 00:00:00,-41.2
2012-01-27 00:00:00,-39.4
2012-01-28 00:00:00,-34.52
2012-01-29 00:00:00,-29.54
2012-01-30 00:00:00,-39.71
2012-01-31 00:00:00,-44.33
2012-02-01 00:00:00,-45.22
2012-02-02 00:00:00,-31.47
2012-02-03 00:00:00,-28.61
2012-02-04 00:00:00,-28.93
2012-02-05 00:00:00,-14.54
2012-02-06 00:00:00,-17.95
2012-02-07 00:00:00,-18.75
2012-02-08 00:00:00,-21.38
2012-02-09 00:00:00,-20.05
2012-02-10 00:00:00,-15.59
2012-02-11 00:00:00,-14.47
2012-02-12 00:00:00,-19.03
2012-02-13 00:00:00,-18.53
2012-02-14 00:00:00,-17.23
2012-02-15 00:00:00,-22.48
2012-02-16 00:00:00,-16.22
2012-02-17 00:00:00,-23.13
2012-02-18 00:00:00,-20.09
2012-02-19 00:00:00,-19.9
2012-02-20 00:00:00,-22.3
2012-02-21 00:00:00,-21.73
2012-02-22 00:00:00,-22.42
2012-02-23 00:00:00,-27.45
2012-02-24 00:00:00,-31.2
2012-02-25 00:00:00,-35.26
2012-02-26 00:00:00,-33.95
2012-02-27 00:00:00,-36.5
2012-02-28 00:00:00,-40.81
2012-02-29 00:00:00,-40
2012-03-01 00:00:00,-36.5
2012-03-02 00:00:00,-39.51
2012-03-03 00:00:00,-38.71
2012-03-04 00:00:00,-35.8
2012-03-05 00:00:00,-36.16
2012-03-06 00:00:00,-34.77
2012-03-07 00:00:00,-30.4
2012-03-08 00:00:00,-32.06
2012-03-09 00:00:00,-38.36
2012-03-10 00:00:00,-31.44
2012-03-12 00:00:00,-23.81
2012-03-13 00:00:00,-32.4
2012-03-14 00:00:00,-34.37
2012-03-15 00:00:00,-37.89
2012-03-16 00:00:00,-35.11
2012-03-17 00:00:00,-40.04
2012-03-18 00:00:00,-35.74
2012-03-19 00:00:00,-34.96
2012-03-20 00:00:00,-34.56
2012-03-21 00:00:00,-30.87
2012-03-22 00:00:00,-32.12
2012-03-23 00:00:00,-29.31
2012-03-24 00:00:00,-27.16
2012-03-25 00:00:00,-27.24
2012-03-26 00:00:00,-28.46
2012-03-27 00:00:00,-32.9
2012-03-28 00:00:00,-29.67
2012-03-29 00:00:00,-30.1
2012-03-30 00:00:00,-30.8
2012-03-31 00:00:00,-24.46
2012-04-01 00:00:00,-23.3
2012-04-02 00:00:00,-23.1
2012-04-03 00:00:00,-22.87
2012-04-04 00:00:00,-22.39
2012-04-05 00:00:00,-23.07
2012-04-06 00:00:00,-17.78
2012-04-07 00:00:00,-18.48
2012-04-08 00:00:00,-20.47
2012-04-09 00:00:00,-18.03
2012-04-10 00:00:00,-13.23
2012-04-11 00:00:00,-15.53
2012-04-12 00:00:00,-16.41
2012-04-13 00:00:00,-16.04
2012-04-14 00:00:00,-11.7
2012-04-15 00:00:00,-13.3
2012-04-16 00:00:00,-12.56
2012-04-17 00:00:00,-9.699
2012-04-18 00:00:00,-11.27
2012-04-19 00:00:00,-10.08
2012-04-20 00:00:00,-13.61
2012-04-21 00:00:00,-14.14
2012-04-22 00:00:00,-15.46
2012-04-23 00:00:00,-13.55
2012-04-24 00:00:00,-12.72
2012-04-25 00:00:00,-13.52
2012-04-26 00:00:00,-10.63
2012-04-27 00:00:00,-11.89
2012-04-28 00:00:00,-10.51
2012-04-29 00:00:00,-10.14
2012-04-30 00:00:00,-12.1
2012-05-01 00:00:00,-14.14
2012-05-02 00:00:00,-13.96
2012-05-03 00:00:00,-14.19
2012-05-04 00:00:00,-14.12
2012-05-05 00:00:00,-14.78
2012-05-06 00:00:00,-14.05
2012-05-07 00:00:00,-10.53
2012-05-08 00:00:00,-9.915
2012-05-09 00:00:00,-7.914
2012-05-10 00:00:00,-5.676
2012-05-11 00:00:00,-3.701
2012-05-12 00:00:00,-2.956
2012-05-13 00:00:00,-3.523
2012-05-14 00:00:00,-2.641
2012-05-15 00:00:00,-3.893
2012-05-16 00:00:00,-4.089
2012-05-17 00:00:00,-1.138
2012-05-18 00:00:00,-1.257
2012-05-19 00:00:00,-2.018
2012-05-20 00:00:00,-0.649
2012-05-21 00:00:00,-2.561
2012-05-22 00:00:00,-2.123
2012-05-23 00:00:00,-2.414
2012-05-24 00:00:00,-2.08
2012-05-25 00:00:00,-2.703
2012-05-26 00:00:00,-1.21
2012-05-27 00:00:00,-2.702
2012-05-28 00:00:00,-3.346
2012-05-29 00:00:00,-2.07
2012-05-30 00:00:00,-0.504
2012-05-31 00:00:00,-1.123
2012-06-01 00:00:00,-0.7472
2012-06-02 00:00:00,-0.3057
2012-06-03 00:00:00,-0.5297
2012-06-04 00:00:00,0.0217
2012-06-05 00:00:00,0.0258
2012-06-06 00:00:00,0.117
2012-06-07 00:00:00,0.7653
2012-06-08 00:00:00,1.0107
2012-06-09 00:00:00,2.0219
2012-06-10 00:00:00,1.9626
2012-06-11 00:00:00,1.5555
2012-06-12 00:00:00,0.617
2012-06-13 00:00:00,0.2369
2012-06-14 00:00:00,2.1669
2012-06-15 00:00:00,2.804
2012-06-16 00:00:00,3.7947
2012-06-17 00:00:00,2.4191
2012-06-18 00:00:00,9.5889
2012-06-19 00:00:00,14.4317
2012-06-20 00:00:00,15.5696
2012-06-21 00:00:00,11.9307
2012-06-22 00:00:00,5.3799
2012-06-23 00:00:00,5.5666
2012-06-24 00:00:00,2.1915
2012-06-25 00:00:00,3.055
2012-06-26 00:00:00,2.4022
2012-06-27 00:00:00,2.9362
2012-06-28 00:00:00,3.7764
2012-06-29 00:00:00,2.4717
2012-06-30 00:00:00,1.5627
2012-07-01 00:00:00,2.301
2012-07-02 00:00:00,2.5447
2012-07-03 00:00:00,3.3843
2012-07-04 00:00:00,4.374
2012-07-05 00:00:00,4.6418
2012-07-06 00:00:00,2.8193
2012-07-07 00:00:00,4.6855
2012-07-08 00:00:00,5.0739
2012-07-09 00:00:00,7.2615
2012-07-10 00:00:00,6.8961
2012-07-11 00:00:00,7.364
2012-07-12 00:00:00,7.6937
2012-07-13 00:00:00,7.7682
2012-07-14 00:00:00,9.2884
2012-07-15 00:00:00,6.8267
2012-07-16 00:00:00,10.3564
2012-07-17 00:00:00,7.9235
2012-07-18 00:00:00,5.6006
2012-07-19 00:00:00,6.9163
2012-07-20 00:00:00,8.6031
2012-07-21 00:00:00,3.6054
2012-07-22 00:00:00,8.7897
2012-07-23 00:00:00,10.8279
2012-07-24 00:00:00,14.0583
2012-07-25 00:00:00,13.2475
2012-07-26 00:00:00,10.0954
2012-07-27 00:00:00,8.8502
2012-07-28 00:00:00,12.2309
2012-07-29 00:00:00,12.7362
2012-07-30 00:00:00,11.8171
2012-07-31 00:00:00,8.7012
2012-08-01 00:00:00,7.6237
2012-08-02 00:00:00,7.5008
2012-08-03 00:00:00,7.0595
2012-08-04 00:00:00,10.2496
2012-08-05 00:00:00,13.8571
2012-08-06 00:00:00,7.9253
2012-08-07 00:00:00,7.2765
2012-08-08 00:00:00,8.7988
2012-08-09 00:00:00,10.0724
2012-08-10 00:00:00,6.1207
2012-08-11 00:00:00,2.9635
2012-08-12 00:00:00,6.3244
2012-08-13 00:00:00,7.4661
2012-08-14 00:00:00,7.3672
2012-08-15 00:00:00,12.4463
2012-08-16 00:00:00,13.665
2012-08-17 00:00:00,14.4608
2012-08-18 00:00:00,14.4492
2012-08-19 00:00:00,12.8458
2012-08-20 00:00:00,13.86
2012-08-21 00:00:00,9.4996
2012-08-22 00:00:00,7.9225
2012-08-23 00:00:00,7.8705
2012-08-24 00:00:00,7.8144
2012-08-25 00:00:00,11.2075
2012-08-26 00:00:00,8.3022
2012-08-27 00:00:00,6.0427
2012-08-28 00:00:00,5.4546
2012-08-29 00:00:00,7.4107
2012-08-30 00:00:00,5.892
2012-08-31 00:00:00,5.1257
2012-09-01 00:00:00,5.3124
2012-09-02 00:00:00,4.9983
2012-09-03 00:00:00,5.1936
2012-09-04 00:00:00,5.8951
2012-09-05 00:00:00,7.3186
2012-09-06 00:00:00,5.6398
2012-09-07 00:00:00,2.317
2012-09-08 00:00:00,0.8079
2012-09-09 00:00:00,1.6798
2012-09-10 00:00:00,1.636
2012-09-11 00:00:00,2.6026
2012-09-12 00:00:00,3.3709
2012-09-13 00:00:00,2.2943
2012-09-14 00:00:00,1.6581
2012-09-15 00:00:00,1.4867
2012-09-16 00:00:00,3.5891
2012-09-17 00:00:00,7.1765
2012-09-18 00:00:00,5.9402
2012-09-19 00:00:00,4.4042
2012-09-20 00:00:00,6.4122
2012-09-21 00:00:00,4.5275
2012-09-22 00:00:00,3.8269
2012-09-23 00:00:00,4.8474
2012-09-24 00:00:00,4.3608
2012-09-25 00:00:00,1.0623
2012-09-26 00:00:00,-0.006
2012-09-27 00:00:00,1.9495
2012-09-28 00:00:00,2.3377
2012-09-29 00:00:00,1.4109
2012-09-30 00:00:00,1.5507
2012-10-01 00:00:00,0.1387
2012-10-02 00:00:00,1.0583
2012-10-03 00:00:00,3.0456
2012-10-04 00:00:00,1.0028
2012-10-05 00:00:00,2.7374
2012-10-06 00:00:00,2.055
2012-10-07 00:00:00,1.6698
2012-10-08 00:00:00,-0.4286
2012-10-09 00:00:00,-2.1325
2012-10-10 00:00:00,-2.6557
2012-10-11 00:00:00,-5.3215
2012-10-12 00:00:00,-3.8327
2012-10-13 00:00:00,-4.5963
2012-10-14 00:00:00,-12.0199
2012-10-15 00:00:00,-7.8829
2012-10-16 00:00:00,-6.1134
2012-10-17 00:00:00,-3.6879
2012-10-18 00:00:00,-1.1819
2012-10-19 00:00:00,-8.6387
2012-10-20 00:00:00,-18.5417
2012-10-21 00:00:00,-9.6117
2012-10-22 00:00:00,-17.4604
2012-10-23 00:00:00,-6.4856
2012-10-24 00:00:00,-5.2316
2012-10-25 00:00:00,-6.0718
2012-10-26 00:00:00,-1.5217
2012-10-27 00:00:00,-1.9073
2012-10-28 00:00:00,-4.7652
2012-10-29 00:00:00,-7.3431
2012-10-30 00:00:00,-6.7968
2012-10-31 00:00:00,-4.4983
2012-11-01 00:00:00,-10.8013
2012-11-02 00:00:00,-8.4546
2012-11-03 00:00:00,-13.3004
2012-11-04 00:00:00,-20.1858
2012-11-05 00:00:00,-24.5367
2012-11-06 00:00:00,-20.4637
2012-11-07 00:00:00,-10.2592
2012-11-08 00:00:00,-15.1896
2012-11-09 00:00:00,-12.1948
2012-11-10 00:00:00,-8.6656
2012-11-11 00:00:00,-9.3382
2012-11-12 00:00:00,-13.7988
2012-11-13 00:00:00,-13.7692
2012-11-14 00:00:00,-18.2304
2012-11-15 00:00:00,-15.7083
2012-11-16 00:00:00,-19.3733
2012-11-17 00:00:00,-20.9067
2012-11-18 00:00:00,-18.5917
2012-11-19 00:00:00,-16.9587
2012-11-20 00:00:00,-15.875
2012-11-21 00:00:00,-18.3704
2012-11-22 00:00:00,-19.0908
2012-11-23 00:00:00,-19.145
2012-11-24 00:00:00,-23.3862
2012-11-25 00:00:00,-16.9471
2012-11-26 00:00:00,-16.8379
2012-11-27 00:00:00,-23.4037
2012-11-28 00:00:00,-23.4396
2012-11-29 00:00:00,-16.9433
2012-11-30 00:00:00,-16.0267
2012-12-01 00:00:00,-17.2542
2012-12-02 00:00:00,-20.1033
2012-12-03 00:00:00,-17.7508
2012-12-04 00:00:00,-17.3825
2012-12-05 00:00:00,-17.3558
2012-12-06 00:00:00,-18.5308
2012-12-07 00:00:00,-24.1129
2012-12-08 00:00:00,-26.7917
2012-12-09 00:00:00,-28.5875
2012-12-10 00:00:00,-37.1858
2012-12-11 00:00:00,-35.0029
2012-12-12 00:00:00,-33.5842
2012-12-13 00:00:00,-36.4075
2012-12-14 00:00:00,-37.7521
2012-12-15 00:00:00,-37.5542
2012-12-16 00:00:00,-32.3067
2012-12-17 00:00:00,-29.1783
2012-12-18 00:00:00,-22.2145
2013-03-12 00:00:00,-16.3275
2013-03-13 00:00:00,-17.2217
2013-03-14 00:00:00,-17.2817
2013-03-15 00:00:00,-16.7314
2013-03-16 00:00:00,-16.255
2013-03-17 00:00:00,-16.0044
2013-03-18 00:00:00,-16.745
2013-03-19 00:00:00,-17.2
2013-03-21 00:00:00,-16.4986
2013-03-22 00:00:00,-17.4433
2013-03-24 00:00:00,-17.4517
2013-03-25 00:00:00,-17.3933
2013-03-26 00:00:00,-16.71
2013-03-27 00:00:00,-16.5233
2013-03-28 00:00:00,-16.5279
2013-03-29 00:00:00,-16.9225
2013-03-30 00:00:00,-16.7608
2013-03-31 00:00:00,-16.2579
2013-04-01 00:00:00,-15.8012
2013-04-02 00:00:00,-15.6879
2013-04-03 00:00:00,-16.1246
2013-04-04 00:00:00,-16.3246
2013-04-05 00:00:00,-16.4863
2013-04-06 00:00:00,-16.9779
2013-04-07 00:00:00,-17.7258
2013-04-08 00:00:00,-17.4958
2013-04-09 00:00:00,-17.2562
2013-04-10 00:00:00,-16.3371
2013-04-11 00:00:00,-16.0029
2013-04-12 00:00:00,-16.0463
2013-04-13 00:00:00,-16.1404
2013-04-14 00:00:00,-16.0771
2013-04-15 00:00:00,-15.9304
2013-04-16 00:00:00,-15.8283
2013-04-17 00:00:00,-15.4733
2013-04-18 00:00:00,-15.3396
2013-04-19 00:00:00,-15.0813
2013-04-20 00:00:00,-14.4929
2013-04-21 00:00:00,-13.9517
2013-04-22 00:00:00,-13.7462
2013-04-23 00:00:00,-12.9808
2013-04-24 00:00:00,-12.2387
2013-04-25 00:00:00,-12.7512
2013-04-26 00:00:00,-12.7662
2013-04-27 00:00:00,-12.8288
2013-04-28 00:00:00,-12.6037
2013-04-29 00:00:00,-12.3083
2013-04-30 00:00:00,-12.2921
2013-05-01 00:00:00,-12.5075
2013-05-02 00:00:00,-12.76
2013-05-03 00:00:00,-12.7571
2013-05-04 00:00:00,-12.7062
2013-05-05 00:00:00,-12.6946
2013-05-06 00:00:00,-12.6942
2013-05-07 00:00:00,-12.2533
2013-05-08 00:00:00,-11.7604
2013-05-09 00:00:00,-11.2688
2013-05-10 00:00:00,-10.9221
2013-05-11 00:00:00,-10.6679
2013-05-12 00:00:00,-9.9121
2013-05-13 00:00:00,-9.8808
2013-05-14 00:00:00,-10.2438
2013-05-15 00:00:00,-10.5913
2013-05-16 00:00:00,-10.3692
2013-05-17 00:00:00,-9.5925
2013-05-18 00:00:00,-9.7254
2013-05-19 00:00:00,-10.095
2013-05-20 00:00:00,-8.9434
2013-05-21 00:00:00,-6.1913
2013-05-22 00:00:00,-3.4461
2013-05-23 00:00:00,-2.8297
2013-05-24 00:00:00,-2.6157
2013-05-25 00:00:00,-1.627
2013-05-26 00:00:00,-1.1623
2013-05-27 00:00:00,-0.8486
2013-05-28 00:00:00,-0.7615
2013-05-29 00:00:00,-0.5431
2013-05-30 00:00:00,-0.3621
2013-05-31 00:00:00,-0.2547
