Date/Depth,0.001,0.01
2008-06-01 00:00:00,0.9,-999
2008-06-02 00:00:00,1.18,-999
2008-06-03 00:00:00,2.31,-999
2008-06-04 00:00:00,3.83,-999
2008-06-05 00:00:00,2.36,-999
2008-06-06 00:00:00,3.55,-999
2008-06-07 00:00:00,3.79,-999
2008-06-08 00:00:00,3.7,-999
2008-06-09 00:00:00,3.23,-999
2008-06-10 00:00:00,4.18,-999
2008-06-11 00:00:00,4.98,-999
2008-06-12 00:00:00,4.33,-999
2008-06-13 00:00:00,4.62,-999
2008-06-14 00:00:00,5.87,-999
2008-06-15 00:00:00,7.64,-999
2008-06-16 00:00:00,5.97,-999
2008-06-17 00:00:00,6.23,-999
2008-06-18 00:00:00,4.74,-999
2008-06-19 00:00:00,5.62,-999
2008-06-20 00:00:00,7.39,-999
2008-06-21 00:00:00,9.21,-999
2008-06-22 00:00:00,6.85,-999
2008-06-23 00:00:00,8.28,-999
2008-06-24 00:00:00,7.57,-999
2008-06-25 00:00:00,8.69,-999
2008-06-26 00:00:00,9.54,-999
2008-06-27 00:00:00,7.52,-999
2008-06-28 00:00:00,6.15,-999
2008-06-29 00:00:00,8.35,-999
2008-06-30 00:00:00,9.52,-999
2008-07-01 00:00:00,9.54,-999
2008-07-02 00:00:00,8.19,-999
2008-07-03 00:00:00,8.36,-999
2008-07-04 00:00:00,10.13,-999
2008-07-05 00:00:00,8.91,-999
2008-07-06 00:00:00,8.76,-999
2008-07-07 00:00:00,9.9,-999
2008-07-08 00:00:00,11.62,-999
2008-07-09 00:00:00,12.58,-999
2008-07-10 00:00:00,9.3,-999
2008-07-11 00:00:00,9.2,-999
2008-07-12 00:00:00,9.1,-999
2008-07-13 00:00:00,9.85,-999
2008-07-14 00:00:00,11.02,-999
2008-07-15 00:00:00,12.27,-999
2008-07-16 00:00:00,11.63,-999
2008-07-17 00:00:00,7.27,-999
2008-07-18 00:00:00,6.64,-999
2008-07-19 00:00:00,7.63,-999
2008-07-20 00:00:00,8.53,-999
2008-07-21 00:00:00,8.28,-999
2008-07-22 00:00:00,6.37,-999
2008-07-23 00:00:00,6.28,-999
2008-07-24 00:00:00,6.17,-999
2008-07-25 00:00:00,7.98,-999
2008-07-26 00:00:00,10.13,-999
2008-07-27 00:00:00,9.33,-999
2008-07-28 00:00:00,10.43,-999
2008-07-29 00:00:00,7.91,-999
2008-07-30 00:00:00,4.78,-999
2008-07-31 00:00:00,4.5,-999
2008-08-01 00:00:00,4.71,-999
2008-08-02 00:00:00,5.65,-999
2008-08-03 00:00:00,6.97,-999
2008-08-04 00:00:00,7.17,-999
2008-08-05 00:00:00,6.1,-999
2008-08-06 00:00:00,6.94,-999
2008-08-07 00:00:00,5.63,-999
2008-08-08 00:00:00,5.89,-999
2008-08-09 00:00:00,5.88,-999
2008-08-10 00:00:00,5.93,-999
2008-08-11 00:00:00,6.24,-999
2008-08-12 00:00:00,5.94,-999
2008-08-13 00:00:00,4.88,-999
2008-08-14 00:00:00,5.17,-999
2008-08-15 00:00:00,5.44,-999
2008-08-16 00:00:00,4.24,-999
2008-08-17 00:00:00,4.38,-999
2008-08-18 00:00:00,3.19,-999
2008-08-19 00:00:00,3.89,-999
2008-08-20 00:00:00,3.47,-999
2008-08-21 00:00:00,4.69,-999
2008-08-22 00:00:00,5,-999
2008-08-23 00:00:00,3.39,-999
2008-08-24 00:00:00,4.19,-999
2008-08-25 00:00:00,4.62,-999
2008-08-26 00:00:00,4.69,-999
2008-08-27 00:00:00,5.26,-999
2008-08-28 00:00:00,15.13,-999
2008-08-29 00:00:00,12.58,-999
2008-08-30 00:00:00,9.3,-999
2008-08-31 00:00:00,9.2,-999
2008-09-01 00:00:00,9.1,-999
2008-09-02 00:00:00,9.85,-999
2008-09-03 00:00:00,11.02,-999
2008-09-04 00:00:00,12.27,-999
2008-09-05 00:00:00,11.63,-999
2008-09-06 00:00:00,7.27,-999
2008-09-07 00:00:00,6.64,-999
2008-09-08 00:00:00,7.63,-999
2008-09-09 00:00:00,8.53,-999
2008-09-10 00:00:00,8.28,-999
2008-09-11 00:00:00,6.37,-999
2008-09-12 00:00:00,6.28,-999
2008-09-13 00:00:00,6.17,-999
2008-09-14 00:00:00,7.98,-999
2008-09-15 00:00:00,10.13,-999
2008-09-16 00:00:00,9.33,-999
2008-09-17 00:00:00,10.43,-999
2008-09-18 00:00:00,7.91,-999
2008-09-19 00:00:00,4.78,-999
2008-09-20 00:00:00,4.5,-999
2008-09-21 00:00:00,4.71,-999
2008-09-22 00:00:00,5.65,-999
2008-09-23 00:00:00,6.97,-999
2008-09-24 00:00:00,7.17,-999
2008-09-25 00:00:00,6.1,-999
2008-09-26 00:00:00,6.94,-999
2008-09-27 00:00:00,5.63,-999
2008-09-28 00:00:00,5.89,-999
2008-09-29 00:00:00,5.88,-999
2008-09-30 00:00:00,5.93,-999
2008-10-01 00:00:00,6.24,-999
2008-10-02 00:00:00,5.94,-999
2008-10-03 00:00:00,4.88,-999
2008-10-04 00:00:00,5.17,-999
2008-10-05 00:00:00,5.44,-999
2008-10-06 00:00:00,4.24,-999
2008-10-07 00:00:00,4.38,-999
2008-10-08 00:00:00,3.19,-999
2008-10-09 00:00:00,3.89,-999
2008-10-10 00:00:00,3.47,-999
2008-10-11 00:00:00,4.69,-999
2008-10-12 00:00:00,5,-999
2008-10-13 00:00:00,3.39,-999
2008-10-14 00:00:00,4.19,-999
2008-10-15 00:00:00,4.62,-999
2008-10-16 00:00:00,4.69,-999
2008-10-17 00:00:00,5.37,-999
2008-10-18 00:00:00,5.55,-999
2008-10-19 00:00:00,4.74,-999
2008-10-20 00:00:00,3.36,-999
2008-10-21 00:00:00,2.86,-999
2008-10-22 00:00:00,2.65,-999
2008-10-23 00:00:00,3.03,-999
2008-10-24 00:00:00,3.87,-999
2008-10-25 00:00:00,3.98,-999
2008-10-26 00:00:00,3.42,-999
2008-10-27 00:00:00,3.38,-999
2008-10-28 00:00:00,1.93,-999
2008-10-29 00:00:00,1.65,-999
2008-10-30 00:00:00,1.71,-999
2008-10-31 00:00:00,1.97,-999
2008-11-01 00:00:00,1.48,-999
2008-11-02 00:00:00,1.45,-999
2008-11-03 00:00:00,1,-999
2008-11-04 00:00:00,0.03,-999
2008-11-05 00:00:00,-0.04,-999
2008-11-06 00:00:00,-0.09,-999
2008-11-07 00:00:00,-0.09,-999
2008-11-08 00:00:00,-0.07,-999
2008-11-09 00:00:00,0.12,-999
2008-11-10 00:00:00,0.31,-999
2008-11-11 00:00:00,1.03,-999
2008-11-12 00:00:00,1.51,-999
2008-11-13 00:00:00,1.3,-999
2008-11-14 00:00:00,0.46,-999
2008-11-15 00:00:00,0.05,-999
2008-11-16 00:00:00,0.01,-999
2008-11-17 00:00:00,-0.22,-999
2008-11-18 00:00:00,-0.08,-999
2008-11-19 00:00:00,-0.32,-999
2008-11-20 00:00:00,-0.31,-999
2008-11-21 00:00:00,-0.53,-999
2008-11-22 00:00:00,-0.43,-999
2008-11-23 00:00:00,-0.29,-999
2008-11-24 00:00:00,-0.26,-999
2008-11-25 00:00:00,-0.26,-999
2008-11-26 00:00:00,-0.27,-999
2008-11-27 00:00:00,-0.29,-999
2008-11-28 00:00:00,-0.26,-999
2008-11-29 00:00:00,-0.34,-999
2008-11-30 00:00:00,-0.4,-999
2008-12-01 00:00:00,-0.29,-999
2008-12-02 00:00:00,-0.28,-999
2008-12-03 00:00:00,-0.26,-999
2008-12-04 00:00:00,-0.29,-999
2008-12-05 00:00:00,-0.38,-999
2008-12-06 00:00:00,-0.35,-999
2008-12-07 00:00:00,-0.29,-999
2008-12-08 00:00:00,-0.47,-999
2008-12-09 00:00:00,-0.52,-999
2008-12-10 00:00:00,-0.58,-999
2008-12-11 00:00:00,-0.68,-999
2008-12-12 00:00:00,-0.8,-999
2008-12-13 00:00:00,-0.73,-999
2008-12-14 00:00:00,-0.72,-999
2008-12-15 00:00:00,-0.8,-999
2008-12-16 00:00:00,-0.91,-999
2008-12-17 00:00:00,-1.06,-999
2008-12-18 00:00:00,-0.82,-999
2008-12-19 00:00:00,-0.68,-999
2008-12-20 00:00:00,-0.72,-999
2008-12-21 00:00:00,-0.66,-999
2008-12-22 00:00:00,-0.69,-999
2008-12-23 00:00:00,-1.23,-999
2008-12-24 00:00:00,-1.37,-999
2008-12-25 00:00:00,-1.96,-999
2008-12-26 00:00:00,-1.65,-999
2008-12-27 00:00:00,-1.21,-999
2008-12-28 00:00:00,-0.88,-999
2008-12-29 00:00:00,-0.8,-999
2008-12-30 00:00:00,-0.8,-999
2008-12-31 00:00:00,-1.16,-999
2009-01-01 00:00:00,-1.6,-999
2009-01-02 00:00:00,-1.62,-999
2009-01-03 00:00:00,-1.35,-999
2009-01-04 00:00:00,-1.22,-999
2009-01-05 00:00:00,-1.3,-999
2009-01-06 00:00:00,-1.24,-999
2009-01-07 00:00:00,-1.24,-999
2009-01-08 00:00:00,-1.43,-999
2009-01-09 00:00:00,-1.63,-999
2009-01-10 00:00:00,-1.77,-999
2009-01-11 00:00:00,-2.08,-999
2009-01-12 00:00:00,-2.08,-999
2009-01-13 00:00:00,-2.02,-999
2009-01-14 00:00:00,-2.07,-999
2009-01-15 00:00:00,-2.23,-999
2009-01-16 00:00:00,-2.18,-999
2009-01-17 00:00:00,-2.17,-999
2009-01-18 00:00:00,-2.61,-999
2009-01-19 00:00:00,-2.89,-999
2009-01-20 00:00:00,-2.81,-999
2009-01-21 00:00:00,-2.55,-999
2009-01-22 00:00:00,-2.54,-999
2009-01-23 00:00:00,-2.94,-999
2009-01-24 00:00:00,-2.81,-999
2009-01-25 00:00:00,-2.76,-999
2009-01-26 00:00:00,-2.76,-999
2009-01-27 00:00:00,-3,-999
2009-01-28 00:00:00,-3.41,-999
2009-01-29 00:00:00,-3.5,-999
2009-01-30 00:00:00,-3.75,-999
2009-01-31 00:00:00,-4.4,-999
2009-02-01 00:00:00,-5.36,-999
2009-02-02 00:00:00,-5.81,-999
2009-02-03 00:00:00,-4.26,-999
2009-02-04 00:00:00,-3.32,-999
2009-02-05 00:00:00,-3.7,-999
2009-02-06 00:00:00,-4.77,-999
2009-02-07 00:00:00,-4.8,-999
2009-02-08 00:00:00,-3.58,-999
2009-02-09 00:00:00,-2.85,-999
2009-02-10 00:00:00,-2.82,-999
2009-02-11 00:00:00,-3.17,-999
2009-02-12 00:00:00,-3.76,-999
2009-02-13 00:00:00,-3.96,-999
2009-02-14 00:00:00,-4.14,-999
2009-02-15 00:00:00,-4.77,-999
2009-02-16 00:00:00,-4.98,-999
2009-02-17 00:00:00,-5.11,-999
2009-02-18 00:00:00,-5.64,-999
2009-02-19 00:00:00,-6.41,-999
2009-02-20 00:00:00,-7.49,-999
2009-02-21 00:00:00,-8.1,-999
2009-02-22 00:00:00,-8.32,-999
2009-02-23 00:00:00,-8.68,-999
2009-02-24 00:00:00,-9.78,-999
2009-02-25 00:00:00,-11.3,-999
2009-02-26 00:00:00,-11.03,-999
2009-02-27 00:00:00,-11.23,-999
2009-02-28 00:00:00,-11.51,-999
2009-03-01 00:00:00,-12.63,-999
2009-03-02 00:00:00,-12.33,-999
2009-03-03 00:00:00,-12.6,-999
2009-03-04 00:00:00,-13.15,-999
2009-03-05 00:00:00,-13.4,-999
2009-03-06 00:00:00,-13.09,-999
2009-03-07 00:00:00,-12.07,-999
2009-03-08 00:00:00,-10.89,-999
2009-03-09 00:00:00,-10.25,-999
2009-03-10 00:00:00,-9.28,-999
2009-03-11 00:00:00,-10.14,-999
2009-03-12 00:00:00,-11.32,-999
2009-03-13 00:00:00,-12.34,-999
2009-03-14 00:00:00,-12.95,-999
2009-03-15 00:00:00,-13.26,-999
2009-03-16 00:00:00,-13.48,-999
2009-03-17 00:00:00,-13.13,-999
2009-03-18 00:00:00,-12.47,-999
2009-03-19 00:00:00,-12.54,-999
2009-03-20 00:00:00,-13.28,-999
2009-03-21 00:00:00,-13.34,-999
2009-03-22 00:00:00,-13.47,-999
2009-03-23 00:00:00,-13.9,-999
2009-03-24 00:00:00,-14.31,-999
2009-03-25 00:00:00,-14.74,-999
2009-03-26 00:00:00,-15.01,-999
2009-03-27 00:00:00,-15.05,-999
2009-03-28 00:00:00,-15.15,-999
2009-03-29 00:00:00,-15.31,-999
2009-03-30 00:00:00,-15.36,-999
2009-03-31 00:00:00,-15.24,-999
2009-04-01 00:00:00,-15.16,-999
2009-04-02 00:00:00,-15.62,-999
2009-04-03 00:00:00,-16.08,-999
2009-04-04 00:00:00,-16.31,-999
2009-04-05 00:00:00,-16.15,-999
2009-04-06 00:00:00,-15.54,-999
2009-04-07 00:00:00,-14.72,-999
2009-04-08 00:00:00,-14.14,-999
2009-04-09 00:00:00,-13.82,-999
2009-04-10 00:00:00,-14.62,-999
2009-04-11 00:00:00,-14.82,-999
2009-04-12 00:00:00,-13.98,-999
2009-04-13 00:00:00,-14.39,-999
2009-04-14 00:00:00,-15.09,-999
2009-04-15 00:00:00,-14.82,-999
2009-04-16 00:00:00,-13.78,-999
2009-04-17 00:00:00,-12.75,-999
2009-04-18 00:00:00,-12.21,-999
2009-04-19 00:00:00,-12.58,-999
2009-04-20 00:00:00,-13.43,-999
2009-04-21 00:00:00,-12.91,-999
2009-04-22 00:00:00,-13.36,-999
2009-04-23 00:00:00,-14.59,-999
2009-04-24 00:00:00,-15.49,-999
2009-04-25 00:00:00,-16.08,-999
2009-04-26 00:00:00,-15.63,-999
2009-04-27 00:00:00,-14.97,-999
2009-04-28 00:00:00,-15.13,-999
2009-04-29 00:00:00,-15.35,-999
2009-04-30 00:00:00,-14.79,-999
2009-05-01 00:00:00,-14.37,-999
2009-05-02 00:00:00,-14.68,-999
2009-05-03 00:00:00,-15.36,-999
2009-05-04 00:00:00,-16.02,-999
2009-05-05 00:00:00,-16.93,-999
2009-05-06 00:00:00,-17.79,-999
2009-05-07 00:00:00,-18.32,-999
2009-05-08 00:00:00,-18.39,-999
2009-05-09 00:00:00,-18.18,-999
2009-05-10 00:00:00,-18.31,-999
2009-05-11 00:00:00,-18.54,-999
2009-05-12 00:00:00,-18.65,-999
2009-05-13 00:00:00,-18.6,-999
2009-05-14 00:00:00,-18.66,-999
2009-05-15 00:00:00,-18.53,-999
2009-05-16 00:00:00,-18.28,-999
2009-05-17 00:00:00,-17.71,-999
2009-05-18 00:00:00,-17.29,-999
2009-05-19 00:00:00,-17.35,-999
2009-05-20 00:00:00,-17.37,-999
2009-05-21 00:00:00,-17.18,-999
2009-05-22 00:00:00,-16.97,-999
2009-05-23 00:00:00,-16.71,-999
2009-05-24 00:00:00,-16.6,-999
2009-05-25 00:00:00,-16.58,-999
2009-05-26 00:00:00,-16.61,-999
2009-05-27 00:00:00,-16.79,-999
2009-05-28 00:00:00,-16.82,-999
2009-05-29 00:00:00,-16.65,-999
2009-05-30 00:00:00,-16.09,-999
2009-05-31 00:00:00,-15.49,-999
2009-06-01 00:00:00,-999,0.96
2009-06-02 00:00:00,-999,3.8
2009-06-03 00:00:00,-999,3.57
2009-06-04 00:00:00,-999,5.57
2009-06-05 00:00:00,-999,5.01
2009-06-06 00:00:00,-999,7.01
2009-06-07 00:00:00,-999,8.34
2009-06-08 00:00:00,-999,8.36
2009-06-09 00:00:00,-999,6.18
2009-06-10 00:00:00,-999,6.68
2009-06-11 00:00:00,-999,7.84
2009-06-12 00:00:00,-999,6.5
2009-06-13 00:00:00,-999,4.23
2009-06-14 00:00:00,-999,5.63
2009-06-15 00:00:00,-999,7.87
2009-06-16 00:00:00,-999,5.33
2009-06-17 00:00:00,-999,4.55
2009-06-18 00:00:00,-999,4.31
2009-06-19 00:00:00,-999,4.29
2009-06-20 00:00:00,-999,3.71
2009-06-21 00:00:00,-999,3.1
2009-06-22 00:00:00,-999,3.93
2009-06-23 00:00:00,-999,3.67
2009-06-24 00:00:00,-999,3.19
2009-06-25 00:00:00,-999,2.88
2009-06-26 00:00:00,-999,2.48
2009-06-27 00:00:00,-999,5.01
2009-06-28 00:00:00,-999,5.78
2009-06-29 00:00:00,-999,6.21
2009-06-30 00:00:00,-999,8.61
2009-07-01 00:00:00,-999,10.03
2009-07-02 00:00:00,-999,8.27
2009-07-03 00:00:00,-999,6.44
2009-07-04 00:00:00,-999,5.69
2009-07-05 00:00:00,-999,7.27
2009-07-06 00:00:00,-999,8.96
2009-07-07 00:00:00,-999,8.68
2009-07-08 00:00:00,-999,6.29
2009-07-09 00:00:00,-999,5.6
2009-07-10 00:00:00,-999,9.16
2009-07-11 00:00:00,-999,10.51
2009-07-12 00:00:00,-999,13.26
2009-07-13 00:00:00,-999,16.33
2009-07-14 00:00:00,-999,12.63
2009-07-15 00:00:00,-999,7.45
2009-07-16 00:00:00,-999,8.95
2009-07-17 00:00:00,-999,8.08
2009-07-18 00:00:00,-999,7.69
2009-07-19 00:00:00,-999,7.01
2009-07-20 00:00:00,-999,6.33
2009-07-21 00:00:00,-999,5.59
2009-07-22 00:00:00,-999,5.53
2009-07-23 00:00:00,-999,4.45
2009-07-24 00:00:00,-999,6.94
2009-07-25 00:00:00,-999,10.2
2009-07-26 00:00:00,-999,8.99
2009-07-27 00:00:00,-999,8.43
2009-07-28 00:00:00,-999,10.63
2009-07-29 00:00:00,-999,10.48
2009-07-30 00:00:00,-999,12.49
2009-07-31 00:00:00,-999,10.8
2009-08-01 00:00:00,-999,11.89
2009-08-02 00:00:00,-999,12.29
2009-08-03 00:00:00,-999,11.7
2009-08-04 00:00:00,-999,12.64
2009-08-05 00:00:00,-999,10.55
2009-08-06 00:00:00,-999,7.97
2009-08-07 00:00:00,-999,7.01
2009-08-08 00:00:00,-999,6.71
2009-08-09 00:00:00,-999,3.76
2009-08-10 00:00:00,-999,3.52
2009-08-11 00:00:00,-999,6.01
2009-08-12 00:00:00,-999,6.04
2009-08-13 00:00:00,-999,7.06
2009-08-14 00:00:00,-999,5.95
2009-08-15 00:00:00,-999,6.73
2009-08-16 00:00:00,-999,5.66
2009-08-17 00:00:00,-999,6.11
2009-08-18 00:00:00,-999,4.9
2009-08-19 00:00:00,-999,5.16
2009-08-20 00:00:00,-999,6.53
2009-08-21 00:00:00,-999,6.88
2009-08-22 00:00:00,-999,7.41
2009-08-23 00:00:00,-999,7.23
2009-08-24 00:00:00,-999,6.65
2009-08-25 00:00:00,-999,4.03
2009-08-26 00:00:00,-999,4.87
2009-08-27 00:00:00,-999,5.67
2009-08-28 00:00:00,-999,4.35
2009-08-29 00:00:00,-999,4.35
2009-08-30 00:00:00,-999,3.78
2009-08-31 00:00:00,-999,1.76
2009-09-01 00:00:00,-999,6.86
2009-09-02 00:00:00,-999,6.45
2009-09-03 00:00:00,-999,7.2
2009-09-04 00:00:00,-999,6.47
2009-09-05 00:00:00,-999,7.61
2009-09-06 00:00:00,-999,4.27
2009-09-07 00:00:00,-999,3.82
2009-09-08 00:00:00,-999,3.22
2009-09-09 00:00:00,-999,3.52
2009-09-10 00:00:00,-999,4.1
2009-09-11 00:00:00,-999,3.43
2009-09-12 00:00:00,-999,3.78
2009-09-13 00:00:00,-999,4.28
2009-09-14 00:00:00,-999,3.33
2009-09-15 00:00:00,-999,2.58
2009-09-16 00:00:00,-999,2.55
2009-09-17 00:00:00,-999,2.82
2009-09-18 00:00:00,-999,1.88
2009-09-19 00:00:00,-999,1.06
2009-09-20 00:00:00,-999,0.78
2009-09-21 00:00:00,-999,0.47
2009-09-22 00:00:00,-999,0.43
2009-09-23 00:00:00,-999,0.43
2009-09-24 00:00:00,-999,0.43
2009-09-25 00:00:00,-999,0.43
2009-09-26 00:00:00,-999,0.44
2009-09-27 00:00:00,-999,0.44
2009-09-28 00:00:00,-999,0.4
2009-09-29 00:00:00,-999,0.38
2009-09-30 00:00:00,-999,0.38
2009-10-01 00:00:00,-999,0.39
2009-10-02 00:00:00,-999,0.38
2009-10-03 00:00:00,-999,0.36
2009-10-04 00:00:00,-999,0.34
2009-10-05 00:00:00,-999,0.32
2009-10-06 00:00:00,-999,0.32
2009-10-07 00:00:00,-999,0.27
2009-10-08 00:00:00,-999,0.18
2009-10-09 00:00:00,-999,0.17
2009-10-10 00:00:00,-999,0.25
2009-10-11 00:00:00,-999,0.23
2009-10-12 00:00:00,-999,0.25
2009-10-13 00:00:00,-999,0.27
2009-10-14 00:00:00,-999,0.29
2009-10-15 00:00:00,-999,0.32
2009-10-16 00:00:00,-999,0.32
2009-10-17 00:00:00,-999,0.34
2009-10-18 00:00:00,-999,0.32
2009-10-19 00:00:00,-999,0.29
2009-10-20 00:00:00,-999,0.2
2009-10-21 00:00:00,-999,0.23
2009-10-22 00:00:00,-999,0.19
2009-10-23 00:00:00,-999,0.2
2009-10-24 00:00:00,-999,0.02
2009-10-25 00:00:00,-999,0.1
2009-10-26 00:00:00,-999,0.2
2009-10-27 00:00:00,-999,0.09
2009-10-28 00:00:00,-999,0.13
2009-10-29 00:00:00,-999,0.14
2009-10-30 00:00:00,-999,0.1
2009-10-31 00:00:00,-999,0.14
2009-11-01 00:00:00,-999,0.07
2009-11-02 00:00:00,-999,-0.12
2009-11-03 00:00:00,-999,-0.34
2009-11-04 00:00:00,-999,-0.35
2009-11-05 00:00:00,-999,-0.3
2009-11-06 00:00:00,-999,-0.24
2009-11-07 00:00:00,-999,-0.37
2009-11-08 00:00:00,-999,-0.51
2009-11-09 00:00:00,-999,-0.69
2009-11-10 00:00:00,-999,-0.93
2009-11-11 00:00:00,-999,-1.12
2009-11-12 00:00:00,-999,-0.97
2009-11-13 00:00:00,-999,-0.73
2009-11-14 00:00:00,-999,-0.83
2009-11-15 00:00:00,-999,-1.11
2009-11-16 00:00:00,-999,-1.15
2009-11-17 00:00:00,-999,-1.33
2009-11-18 00:00:00,-999,-1.39
2009-11-19 00:00:00,-999,-1.49
2009-11-20 00:00:00,-999,-1.68
2009-11-21 00:00:00,-999,-1.99
2009-11-22 00:00:00,-999,-2.29
2009-11-23 00:00:00,-999,-2.14
2009-11-24 00:00:00,-999,-1.77
2009-11-25 00:00:00,-999,-1.69
2009-11-26 00:00:00,-999,-1.61
2009-11-27 00:00:00,-999,-1.58
2009-11-28 00:00:00,-999,-1.77
2009-11-29 00:00:00,-999,-1.92
2009-11-30 00:00:00,-999,-2.09
2009-12-01 00:00:00,-999,-2.25
2009-12-02 00:00:00,-999,-2.36
2009-12-03 00:00:00,-999,-2.11
2009-12-04 00:00:00,-999,-2.4
2009-12-05 00:00:00,-999,-3.07
2009-12-06 00:00:00,-999,-2.75
2009-12-07 00:00:00,-999,-2.11
2009-12-08 00:00:00,-999,-1.84
2009-12-09 00:00:00,-999,-1.75
2009-12-10 00:00:00,-999,-1.82
2009-12-11 00:00:00,-999,-1.68
2009-12-12 00:00:00,-999,-1.83
2009-12-13 00:00:00,-999,-2.15
2009-12-14 00:00:00,-999,-3.01
2009-12-15 00:00:00,-999,-3.79
2009-12-16 00:00:00,-999,-4.41
2009-12-17 00:00:00,-999,-4.78
2009-12-18 00:00:00,-999,-4.99
2009-12-19 00:00:00,-999,-4.96
2009-12-20 00:00:00,-999,-4.89
2009-12-21 00:00:00,-999,-4.96
2009-12-22 00:00:00,-999,-4.86
2009-12-23 00:00:00,-999,-4.74
2009-12-24 00:00:00,-999,-4.71
2009-12-25 00:00:00,-999,-4.76
2009-12-26 00:00:00,-999,-5.27
2009-12-27 00:00:00,-999,-5.53
2009-12-28 00:00:00,-999,-5.44
2009-12-29 00:00:00,-999,-5.21
2009-12-30 00:00:00,-999,-5.31
2009-12-31 00:00:00,-999,-5.8
2010-01-01 00:00:00,-999,-6.58
2010-01-02 00:00:00,-999,-6.73
2010-01-03 00:00:00,-999,-6.66
2010-01-04 00:00:00,-999,-6.82
2010-01-05 00:00:00,-999,-7.2
2010-01-06 00:00:00,-999,-7.3
2010-01-07 00:00:00,-999,-7.3
2010-01-08 00:00:00,-999,-7.64
2010-01-09 00:00:00,-999,-8.95
2010-01-10 00:00:00,-999,-10.47
2010-01-11 00:00:00,-999,-11.5
2010-01-12 00:00:00,-999,-11.87
2010-01-13 00:00:00,-999,-11.37
2010-01-14 00:00:00,-999,-11.03
2010-01-15 00:00:00,-999,-11.66
2010-01-16 00:00:00,-999,-12.15
2010-01-17 00:00:00,-999,-12.43
2010-01-18 00:00:00,-999,-12.95
2010-01-19 00:00:00,-999,-13.71
2010-01-20 00:00:00,-999,-14.4
2010-01-21 00:00:00,-999,-14.64
2010-01-22 00:00:00,-999,-14.31
2010-01-23 00:00:00,-999,-14.05
2010-01-24 00:00:00,-999,-14.03
2010-01-25 00:00:00,-999,-13.91
2010-01-26 00:00:00,-999,-13.48
2010-01-27 00:00:00,-999,-12.75
2010-01-28 00:00:00,-999,-12.64
2010-01-29 00:00:00,-999,-12.7
2010-01-30 00:00:00,-999,-12.55
2010-01-31 00:00:00,-999,-12.6
2010-02-01 00:00:00,-999,-12.36
2010-02-02 00:00:00,-999,-12.83
2010-02-03 00:00:00,-999,-13.01
2010-02-04 00:00:00,-999,-13.53
2010-02-05 00:00:00,-999,-14.17
2010-02-06 00:00:00,-999,-14.39
2010-02-07 00:00:00,-999,-14.37
2010-02-08 00:00:00,-999,-14.2
2010-02-09 00:00:00,-999,-14.13
2010-02-10 00:00:00,-999,-14.25
2010-02-11 00:00:00,-999,-13.91
2010-02-12 00:00:00,-999,-13.34
2010-02-13 00:00:00,-999,-12.86
2010-02-14 00:00:00,-999,-12.55
2010-02-15 00:00:00,-999,-12.33
2010-02-16 00:00:00,-999,-12.19
2010-02-17 00:00:00,-999,-12.03
2010-02-18 00:00:00,-999,-12.08
2010-02-19 00:00:00,-999,-12
2010-02-20 00:00:00,-999,-11.8
2010-02-21 00:00:00,-999,-11.62
2010-02-22 00:00:00,-999,-11.6
2010-02-23 00:00:00,-999,-11.74
2010-02-24 00:00:00,-999,-12.24
2010-02-25 00:00:00,-999,-13.07
2010-02-26 00:00:00,-999,-14.09
2010-02-27 00:00:00,-999,-14.85
2010-02-28 00:00:00,-999,-15.49
2010-03-01 00:00:00,-999,-15.84
2010-03-02 00:00:00,-999,-15.57
2010-03-03 00:00:00,-999,-15.16
2010-03-04 00:00:00,-999,-14.79
2010-03-05 00:00:00,-999,-14.37
2010-03-06 00:00:00,-999,-14
2010-03-07 00:00:00,-999,-13.77
2010-03-08 00:00:00,-999,-13.84
2010-03-09 00:00:00,-999,-14.25
2010-03-10 00:00:00,-999,-14.41
2010-03-11 00:00:00,-999,-14.34
2010-03-12 00:00:00,-999,-14.59
2010-03-13 00:00:00,-999,-14.94
2010-03-14 00:00:00,-999,-15.25
2010-03-15 00:00:00,-999,-15.5
2010-03-16 00:00:00,-999,-15.68
2010-03-17 00:00:00,-999,-15.97
2010-03-18 00:00:00,-999,-15.81
2010-03-19 00:00:00,-999,-15.34
2010-03-20 00:00:00,-999,-14.98
2010-03-21 00:00:00,-999,-14.91
2010-03-22 00:00:00,-999,-15
2010-03-23 00:00:00,-999,-15.22
2010-03-24 00:00:00,-999,-15.28
2010-03-25 00:00:00,-999,-15.03
2010-03-26 00:00:00,-999,-14.86
2010-03-27 00:00:00,-999,-14.92
2010-03-28 00:00:00,-999,-15.38
2010-03-29 00:00:00,-999,-15.5
2010-03-30 00:00:00,-999,-15.22
2010-03-31 00:00:00,-999,-14.83
2010-04-01 00:00:00,-999,-14.49
2010-04-02 00:00:00,-999,-14.18
2010-04-03 00:00:00,-999,-13.78
2010-04-04 00:00:00,-999,-13.35
2010-04-05 00:00:00,-999,-13.02
2010-04-06 00:00:00,-999,-12.89
2010-04-07 00:00:00,-999,-12.79
2010-04-08 00:00:00,-999,-12.56
2010-04-09 00:00:00,-999,-12.35
2010-04-10 00:00:00,-999,-12.33
2010-04-11 00:00:00,-999,-12.48
2010-04-12 00:00:00,-999,-12.29
2010-04-13 00:00:00,-999,-11.96
2010-04-14 00:00:00,-999,-11.69
2010-04-15 00:00:00,-999,-11.36
2010-04-16 00:00:00,-999,-11.25
2010-04-17 00:00:00,-999,-11.29
2010-04-18 00:00:00,-999,-11.32
2010-04-19 00:00:00,-999,-11.2
2010-04-20 00:00:00,-999,-10.94
2010-04-21 00:00:00,-999,-10.67
2010-04-22 00:00:00,-999,-10.43
2010-04-23 00:00:00,-999,-10.34
2010-04-24 00:00:00,-999,-10.19
2010-04-25 00:00:00,-999,-9.89
2010-04-26 00:00:00,-999,-9.75
2010-04-27 00:00:00,-999,-9.8
2010-04-28 00:00:00,-999,-9.62
2010-04-29 00:00:00,-999,-9.33
2010-04-30 00:00:00,-999,-9.1
2010-05-01 00:00:00,-999,-8.99
2010-05-02 00:00:00,-999,-8.95
2010-05-03 00:00:00,-999,-8.91
2010-05-04 00:00:00,-999,-8.83
2010-05-05 00:00:00,-999,-8.71
2010-05-06 00:00:00,-999,-8.6
2010-05-07 00:00:00,-999,-8.62
2010-05-08 00:00:00,-999,-8.79
2010-05-09 00:00:00,-999,-8.85
2010-05-10 00:00:00,-999,-8.84
2010-05-11 00:00:00,-999,-8.77
2010-05-12 00:00:00,-999,-8.77
2010-05-13 00:00:00,-999,-8.71
2010-05-14 00:00:00,-999,-8.52
2010-05-15 00:00:00,-999,-8.25
2010-05-16 00:00:00,-999,-8
2010-05-17 00:00:00,-999,-7.83
2010-05-18 00:00:00,-999,-7.63
2010-05-19 00:00:00,-999,-7.43
2010-05-20 00:00:00,-999,-7.25
2010-05-21 00:00:00,-999,-7.13
2010-05-22 00:00:00,-999,-6.97
2010-05-23 00:00:00,-999,-6.78
2010-05-24 00:00:00,-999,-6.66
2010-05-25 00:00:00,-999,-6.51
2010-05-26 00:00:00,-999,-5.86
2010-05-27 00:00:00,-999,-5.35
2010-05-28 00:00:00,-999,-4
2010-05-29 00:00:00,-999,-0.99
2010-05-30 00:00:00,-999,-0.13
2010-05-31 00:00:00,-999,-0.09
2010-06-01 00:00:00,-999,-0.05
2010-06-02 00:00:00,-999,0.01
2010-06-03 00:00:00,-999,0.05
2010-06-04 00:00:00,-999,0.09
2010-06-05 00:00:00,-999,0.2
2010-06-06 00:00:00,-999,0.72
2010-06-07 00:00:00,-999,2.86
2010-06-08 00:00:00,-999,6.3
2010-06-09 00:00:00,-999,8.74
2010-06-10 00:00:00,-999,9.08
2010-06-11 00:00:00,-999,9.83
2010-06-12 00:00:00,-999,8.51
2010-06-13 00:00:00,-999,7.36
2010-06-14 00:00:00,-999,6.83
2010-06-15 00:00:00,-999,4.11
2010-06-16 00:00:00,-999,3.78
2010-06-17 00:00:00,-999,5.26
2010-06-18 00:00:00,-999,4.92
2010-06-19 00:00:00,-999,6.15
2010-06-20 00:00:00,-999,6.43
2010-06-21 00:00:00,-999,6.01
2010-06-22 00:00:00,-999,5.2
2010-06-23 00:00:00,-999,6.1
2010-06-24 00:00:00,-999,7.64
2010-06-25 00:00:00,-999,7.57
2010-06-26 00:00:00,-999,5.79
2010-06-27 00:00:00,-999,8.1
2010-06-28 00:00:00,-999,8.98
2010-06-29 00:00:00,-999,8.24
2010-06-30 00:00:00,-999,7.85
2010-07-01 00:00:00,-999,8.95
2010-07-02 00:00:00,-999,9.91
2010-07-03 00:00:00,-999,10.13
2010-07-04 00:00:00,-999,12.19
2010-07-05 00:00:00,-999,8.58
2010-07-06 00:00:00,-999,7.1
2010-07-07 00:00:00,-999,7.19
2010-07-08 00:00:00,-999,11.44
2010-07-09 00:00:00,-999,14.18
2010-07-10 00:00:00,-999,9.5
2010-07-11 00:00:00,-999,7.99
2010-07-12 00:00:00,-999,7.34
2010-07-13 00:00:00,-999,7.8
2010-07-14 00:00:00,-999,8.2
2010-07-15 00:00:00,-999,8.55
2010-07-16 00:00:00,-999,9.61
2010-07-17 00:00:00,-999,11.02
2010-07-18 00:00:00,-999,9.74
2010-07-19 00:00:00,-999,8.17
2010-07-20 00:00:00,-999,9.23
2010-07-21 00:00:00,-999,10.58
2010-07-22 00:00:00,-999,12.11
2010-07-23 00:00:00,-999,10.86
2010-07-24 00:00:00,-999,9.38
2010-07-25 00:00:00,-999,9.91
2010-07-26 00:00:00,-999,12.18
2010-07-27 00:00:00,-999,12.5
2010-07-28 00:00:00,-999,12.37
2010-07-29 00:00:00,-999,10.91
2010-07-30 00:00:00,-999,12.21
2010-07-31 00:00:00,-999,13.04
2010-08-01 00:00:00,-999,12.16
2010-08-02 00:00:00,-999,15.43
2010-08-03 00:00:00,-999,14.76
2010-08-04 00:00:00,-999,13.01
2010-08-05 00:00:00,-999,10.9
2010-08-06 00:00:00,-999,8.23
2010-08-07 00:00:00,-999,6.09
2010-08-08 00:00:00,-999,5.89
2010-08-09 00:00:00,-999,6.2
2010-08-10 00:00:00,-999,6.09
2010-08-11 00:00:00,-999,6.84
2010-08-12 00:00:00,-999,9.45
2010-08-13 00:00:00,-999,10.98
2010-08-14 00:00:00,-999,9.89
2010-08-15 00:00:00,-999,9.67
2010-08-16 00:00:00,-999,11.04
2010-08-17 00:00:00,-999,9.59
2010-08-18 00:00:00,-999,11.24
2010-08-19 00:00:00,-999,8.55
2010-08-20 00:00:00,-999,7.94
2010-08-21 00:00:00,-999,6.56
2010-08-22 00:00:00,-999,7.63
2010-08-23 00:00:00,-999,7.58
2010-08-24 00:00:00,-999,7.34
2010-08-25 00:00:00,-999,6.23
2010-08-26 00:00:00,-999,6.43
2010-08-27 00:00:00,-999,6.81
2010-08-28 00:00:00,-999,6.1
2010-08-29 00:00:00,-999,5.35
2010-08-30 00:00:00,-999,6.32
2010-08-31 00:00:00,-999,4.98
2010-09-01 00:00:00,-999,5.33
2010-09-02 00:00:00,-999,5.4
2010-09-03 00:00:00,-999,5.3
2010-09-04 00:00:00,-999,5.15
2010-09-05 00:00:00,-999,5.5
2010-09-06 00:00:00,-999,6.03
2010-09-07 00:00:00,-999,4.72
2010-09-08 00:00:00,-999,8.22
2010-09-09 00:00:00,-999,6.84
2010-09-10 00:00:00,-999,6.28
2010-09-11 00:00:00,-999,4.2
2010-09-12 00:00:00,-999,6.64
2010-09-13 00:00:00,-999,5.17
2010-09-14 00:00:00,-999,3.78
2010-09-15 00:00:00,-999,3.46
2010-09-16 00:00:00,-999,4.91
2010-09-17 00:00:00,-999,5.2
2010-09-18 00:00:00,-999,3.56
2010-09-19 00:00:00,-999,2.38
2010-09-20 00:00:00,-999,2.53
2010-09-21 00:00:00,-999,1.08
2010-09-22 00:00:00,-999,0.21
2010-09-23 00:00:00,-999,0.05
2010-09-24 00:00:00,-999,0.02
2010-09-25 00:00:00,-999,-999
2010-09-26 00:00:00,-999,-0.04
2010-09-27 00:00:00,-999,-0.16
2010-09-28 00:00:00,-999,-0.34
2010-09-29 00:00:00,-999,-0.56
2010-09-30 00:00:00,-999,-0.42
2010-10-01 00:00:00,-999,-0.31
2010-10-02 00:00:00,-999,-0.24
2010-10-03 00:00:00,-999,-0.12
2010-10-04 00:00:00,-999,-0.08
2010-10-05 00:00:00,-999,-0.06
2010-10-06 00:00:00,-999,-0.09
2010-10-07 00:00:00,-999,-0.11
2010-10-08 00:00:00,-999,-0.12
2010-10-09 00:00:00,-999,-0.11
2010-10-10 00:00:00,-999,-0.18
2010-10-11 00:00:00,-999,-0.18
2010-10-12 00:00:00,-999,-0.2
2010-10-13 00:00:00,-999,-0.17
2010-10-14 00:00:00,-999,-0.14
2010-10-15 00:00:00,-999,-0.14
2010-10-16 00:00:00,-999,-0.15
2010-10-17 00:00:00,-999,-0.12
2010-10-18 00:00:00,-999,-0.13
2010-10-19 00:00:00,-999,-0.13
2010-10-20 00:00:00,-999,-0.22
2010-10-21 00:00:00,-999,-0.28
2010-10-22 00:00:00,-999,-0.24
2010-10-23 00:00:00,-999,-0.23
2010-10-24 00:00:00,-999,-0.23
2010-10-25 00:00:00,-999,-0.25
2010-10-26 00:00:00,-999,-0.29
2010-10-27 00:00:00,-999,-0.31
2010-10-28 00:00:00,-999,-0.41
2010-10-29 00:00:00,-999,-0.38
2010-10-30 00:00:00,-999,-0.31
2010-10-31 00:00:00,-999,-0.28
2010-11-01 00:00:00,-999,-0.27
2010-11-02 00:00:00,-999,-0.31
2010-11-03 00:00:00,-999,-0.33
2010-11-04 00:00:00,-999,-0.33
2010-11-05 00:00:00,-999,-0.31
2010-11-06 00:00:00,-999,-0.39
2010-11-07 00:00:00,-999,-0.41
2010-11-08 00:00:00,-999,-0.41
2010-11-09 00:00:00,-999,-0.46
2010-11-10 00:00:00,-999,-0.51
2010-11-11 00:00:00,-999,-0.55
2010-11-12 00:00:00,-999,-0.51
2010-11-13 00:00:00,-999,-0.5
2010-11-14 00:00:00,-999,-0.53
2010-11-15 00:00:00,-999,-0.61
2010-11-16 00:00:00,-999,-0.74
2010-11-17 00:00:00,-999,-0.73
2010-11-18 00:00:00,-999,-0.45
2010-11-19 00:00:00,-999,-0.44
2010-11-20 00:00:00,-999,-0.51
2010-11-21 00:00:00,-999,-0.43
2010-11-22 00:00:00,-999,-0.42
2010-11-23 00:00:00,-999,-0.37
2010-11-24 00:00:00,-999,-0.31
2010-11-25 00:00:00,-999,-0.31
2010-11-26 00:00:00,-999,-0.38
2010-11-27 00:00:00,-999,-0.43
2010-11-28 00:00:00,-999,-0.48
2010-11-29 00:00:00,-999,-0.51
2010-11-30 00:00:00,-999,-0.59
2010-12-01 00:00:00,-999,-0.75
2010-12-02 00:00:00,-999,-0.82
2010-12-03 00:00:00,-999,-0.97
2010-12-04 00:00:00,-999,-1.08
2010-12-05 00:00:00,-999,-1.13
2010-12-06 00:00:00,-999,-1.23
2010-12-07 00:00:00,-999,-1.53
2010-12-08 00:00:00,-999,-1.82
2010-12-09 00:00:00,-999,-1.82
2010-12-10 00:00:00,-999,-1.9
2010-12-11 00:00:00,-999,-1.96
2010-12-12 00:00:00,-999,-2.15
2010-12-13 00:00:00,-999,-2.11
2010-12-14 00:00:00,-999,-1.98
2010-12-15 00:00:00,-999,-2.07
2010-12-16 00:00:00,-999,-2.11
2010-12-17 00:00:00,-999,-2.35
2010-12-18 00:00:00,-999,-2.8
2010-12-19 00:00:00,-999,-3.11
2010-12-20 00:00:00,-999,-3.11
2010-12-21 00:00:00,-999,-2.68
2010-12-22 00:00:00,-999,-2.41
2010-12-23 00:00:00,-999,-2.77
2010-12-24 00:00:00,-999,-3.46
2010-12-25 00:00:00,-999,-3.86
2010-12-26 00:00:00,-999,-4.2
2010-12-27 00:00:00,-999,-4.61
2010-12-28 00:00:00,-999,-5.05
2010-12-29 00:00:00,-999,-5.4
2010-12-30 00:00:00,-999,-5.62
2010-12-31 00:00:00,-999,-5.79
2011-01-01 00:00:00,-999,-5.62
2011-01-02 00:00:00,-999,-5.32
2011-01-03 00:00:00,-999,-4.84
2011-01-04 00:00:00,-999,-4.43
2011-01-05 00:00:00,-999,-4.23
2011-01-06 00:00:00,-999,-3.97
2011-01-07 00:00:00,-999,-3.77
2011-01-08 00:00:00,-999,-3.87
2011-01-09 00:00:00,-999,-4.07
2011-01-10 00:00:00,-999,-3.57
2011-01-11 00:00:00,-999,-3.2
2011-01-12 00:00:00,-999,-3.58
2011-01-13 00:00:00,-999,-4.36
2011-01-14 00:00:00,-999,-5.02
2011-01-15 00:00:00,-999,-5.38
2011-01-16 00:00:00,-999,-5.36
2011-01-17 00:00:00,-999,-5.46
2011-01-18 00:00:00,-999,-5.66
2011-01-19 00:00:00,-999,-6.13
2011-01-20 00:00:00,-999,-6.58
2011-01-21 00:00:00,-999,-7.31
2011-01-22 00:00:00,-999,-8.09
2011-01-23 00:00:00,-999,-8.77
2011-01-24 00:00:00,-999,-9.37
2011-01-25 00:00:00,-999,-10.04
2011-01-26 00:00:00,-999,-10.56
2011-01-27 00:00:00,-999,-10.61
2011-01-28 00:00:00,-999,-10.66
2011-01-29 00:00:00,-999,-10.56
2011-01-30 00:00:00,-999,-10.15
2011-01-31 00:00:00,-999,-9.71
2011-02-01 00:00:00,-999,-9.58
2011-02-02 00:00:00,-999,-9.54
2011-02-03 00:00:00,-999,-9.24
2011-02-04 00:00:00,-999,-9.16
2011-02-05 00:00:00,-999,-9.24
2011-02-06 00:00:00,-999,-9.37
2011-02-07 00:00:00,-999,-9.64
2011-02-08 00:00:00,-999,-10.05
2011-02-09 00:00:00,-999,-10.01
2011-02-10 00:00:00,-999,-9.64
2011-02-11 00:00:00,-999,-9.67
2011-02-12 00:00:00,-999,-10.4
2011-02-13 00:00:00,-999,-11.02
2011-02-14 00:00:00,-999,-11.09
2011-02-15 00:00:00,-999,-10.93
2011-02-16 00:00:00,-999,-10.87
2011-02-17 00:00:00,-999,-10.94
2011-02-18 00:00:00,-999,-10.91
2011-02-19 00:00:00,-999,-10.63
2011-02-20 00:00:00,-999,-10.44
2011-02-21 00:00:00,-999,-10.5
2011-02-22 00:00:00,-999,-10.54
2011-02-23 00:00:00,-999,-10.52
2011-02-24 00:00:00,-999,-10.39
2011-02-25 00:00:00,-999,-9.89
2011-02-26 00:00:00,-999,-9.46
2011-02-27 00:00:00,-999,-9.42
2011-02-28 00:00:00,-999,-9.55
2011-03-01 00:00:00,-999,-9.73
2011-03-02 00:00:00,-999,-9.91
2011-03-03 00:00:00,-999,-10.04
2011-03-04 00:00:00,-999,-10.17
2011-03-05 00:00:00,-999,-10.31
2011-03-06 00:00:00,-999,-10.37
2011-03-07 00:00:00,-999,-10.4
2011-03-08 00:00:00,-999,-10.35
2011-03-09 00:00:00,-999,-10.29
2011-03-10 00:00:00,-999,-10.31
2011-03-11 00:00:00,-999,-10.39
2011-03-12 00:00:00,-999,-10.4
2011-03-13 00:00:00,-999,-10.41
2011-03-14 00:00:00,-999,-10.49
2011-03-15 00:00:00,-999,-10.65
2011-03-16 00:00:00,-999,-10.78
2011-03-17 00:00:00,-999,-10.83
2011-03-18 00:00:00,-999,-10.86
2011-03-19 00:00:00,-999,-10.96
2011-03-20 00:00:00,-999,-11.04
2011-03-21 00:00:00,-999,-11.1
2011-03-22 00:00:00,-999,-11.1
2011-03-23 00:00:00,-999,-11.05
2011-03-24 00:00:00,-999,-10.89
2011-03-25 00:00:00,-999,-10.71
2011-03-26 00:00:00,-999,-10.62
2011-03-27 00:00:00,-999,-10.61
2011-03-28 00:00:00,-999,-10.64
2011-03-29 00:00:00,-999,-10.57
2011-03-30 00:00:00,-999,-10.53
2011-03-31 00:00:00,-999,-10.47
2011-04-01 00:00:00,-999,-10.43
2011-04-02 00:00:00,-999,-10.5
2011-04-03 00:00:00,-999,-10.63
2011-04-04 00:00:00,-999,-10.78
2011-04-05 00:00:00,-999,-10.87
2011-04-06 00:00:00,-999,-10.84
2011-04-07 00:00:00,-999,-10.83
2011-04-08 00:00:00,-999,-10.91
2011-04-09 00:00:00,-999,-10.93
2011-04-10 00:00:00,-999,-10.96
2011-04-11 00:00:00,-999,-11
2011-04-12 00:00:00,-999,-11.06
2011-04-13 00:00:00,-999,-11.18
2011-04-14 00:00:00,-999,-11.27
2011-04-15 00:00:00,-999,-11.31
2011-04-16 00:00:00,-999,-11.37
2011-04-17 00:00:00,-999,-11.29
2011-04-18 00:00:00,-999,-11.07
2011-04-19 00:00:00,-999,-10.74
2011-04-20 00:00:00,-999,-10.41
2011-04-21 00:00:00,-999,-10.27
2011-04-22 00:00:00,-999,-10.21
2011-04-23 00:00:00,-999,-10.23
2011-04-24 00:00:00,-999,-10.32
2011-04-25 00:00:00,-999,-10.42
2011-04-26 00:00:00,-999,-10.5
2011-04-27 00:00:00,-999,-10.56
2011-04-28 00:00:00,-999,-10.54
2011-04-29 00:00:00,-999,-10.48
2011-04-30 00:00:00,-999,-10.47
2011-05-01 00:00:00,-999,-10.44
2011-05-02 00:00:00,-999,-10.36
2011-05-03 00:00:00,-999,-10.18
2011-05-04 00:00:00,-999,-9.94
2011-05-05 00:00:00,-999,-9.72
2011-05-06 00:00:00,-999,-9.57
2011-05-07 00:00:00,-999,-9.46
2011-05-08 00:00:00,-999,-9.33
2011-05-09 00:00:00,-999,-9.15
2011-05-10 00:00:00,-999,-8.95
2011-05-11 00:00:00,-999,-8.77
2011-05-12 00:00:00,-999,-8.63
2011-05-13 00:00:00,-999,-8.53
2011-05-14 00:00:00,-999,-8.45
2011-05-15 00:00:00,-999,-8.32
2011-05-16 00:00:00,-999,-8.15
2011-05-17 00:00:00,-999,-7.89
2011-05-18 00:00:00,-999,-7.54
2011-05-19 00:00:00,-999,-6.93
2011-05-20 00:00:00,-999,-4.76
2011-05-21 00:00:00,-999,-2.68
2011-05-22 00:00:00,-999,-0.86
2011-05-23 00:00:00,-999,-0.24
2011-05-24 00:00:00,-999,-0.19
2011-05-25 00:00:00,-999,-0.19
2011-05-26 00:00:00,-999,-0.17
2011-05-27 00:00:00,-999,-0.17
2011-05-28 00:00:00,-999,-0.16
2011-05-29 00:00:00,-999,-0.16
2011-05-30 00:00:00,-999,-0.08
2011-05-31 00:00:00,-999,1.05
2011-06-01 00:00:00,-999,1.86
2011-06-02 00:00:00,-999,2.55
2011-06-03 00:00:00,-999,2.59
2011-06-04 00:00:00,-999,3.71
2011-06-05 00:00:00,-999,3.47
2011-06-06 00:00:00,-999,3.41
2011-06-07 00:00:00,-999,3.31
2011-06-08 00:00:00,-999,2.62
2011-06-09 00:00:00,-999,2.92
2011-06-10 00:00:00,-999,3.83
2011-06-11 00:00:00,-999,5
2011-06-12 00:00:00,-999,4.36
2011-06-13 00:00:00,-999,4.09
2011-06-14 00:00:00,-999,6.5
2011-06-15 00:00:00,-999,9.42
2011-06-16 00:00:00,-999,11.9
2011-06-17 00:00:00,-999,10.46
2011-06-18 00:00:00,-999,9.6
2011-06-19 00:00:00,-999,9.62
2011-06-20 00:00:00,-999,7.53
2011-06-21 00:00:00,-999,6.37
2011-06-22 00:00:00,-999,8.45
2011-06-23 00:00:00,-999,8.79
2011-06-24 00:00:00,-999,5.29
2011-06-25 00:00:00,-999,8.54
2011-06-26 00:00:00,-999,8.6
2011-06-27 00:00:00,-999,9.37
2011-06-28 00:00:00,-999,6.64
2011-06-29 00:00:00,-999,4.49
2011-06-30 00:00:00,-999,5.56
2011-07-01 00:00:00,-999,6.9
2011-07-02 00:00:00,-999,9.6
2011-07-03 00:00:00,-999,7.87
2011-07-04 00:00:00,-999,6.07
2011-07-05 00:00:00,-999,10.22
2011-07-06 00:00:00,-999,10.99
2011-07-07 00:00:00,-999,9.67
2011-07-08 00:00:00,-999,9.21
2011-07-09 00:00:00,-999,8.22
2011-07-10 00:00:00,-999,8.64
2011-07-11 00:00:00,-999,7.84
2011-07-12 00:00:00,-999,8.7
2011-07-13 00:00:00,-999,6.99
2011-07-14 00:00:00,-999,8.14
2011-07-15 00:00:00,-999,8.36
2011-07-16 00:00:00,-999,8.01
2011-07-17 00:00:00,-999,11.02
2011-07-18 00:00:00,-999,10.52
2011-07-19 00:00:00,-999,10.96
2011-07-20 00:00:00,-999,11.65
2011-07-21 00:00:00,-999,12.91
2011-07-22 00:00:00,-999,11.74
2011-07-23 00:00:00,-999,10.99
2011-07-24 00:00:00,-999,11.1
2011-07-25 00:00:00,-999,8.22
2011-07-26 00:00:00,-999,8.35
2011-07-27 00:00:00,-999,9.24
2011-07-28 00:00:00,-999,10.6
2011-07-29 00:00:00,-999,12.41
2011-07-30 00:00:00,-999,10.64
2011-07-31 00:00:00,-999,10.28
2011-08-01 00:00:00,-999,10.74
2011-08-02 00:00:00,-999,10.25
2011-08-03 00:00:00,-999,9.55
2011-08-04 00:00:00,-999,10.17
2011-08-05 00:00:00,-999,11.07
2011-08-06 00:00:00,-999,10.43
2011-08-07 00:00:00,-999,10.22
2011-08-08 00:00:00,-999,10.09
2011-08-09 00:00:00,-999,8.06
2011-08-10 00:00:00,-999,7.63
2011-08-11 00:00:00,-999,8.19
2011-08-12 00:00:00,-999,8.23
2011-08-13 00:00:00,-999,8.56
2011-08-14 00:00:00,-999,7.01
2011-08-15 00:00:00,-999,5.77
2011-06-01 00:00:00,-999,1.803
2011-06-02 00:00:00,-999,2.507
2011-06-03 00:00:00,-999,2.572
2011-06-04 00:00:00,-999,3.727
2011-06-05 00:00:00,-999,3.331
2011-06-06 00:00:00,-999,3.382
2011-06-07 00:00:00,-999,3.191
2011-06-08 00:00:00,-999,2.573
2011-06-09 00:00:00,-999,2.862
2011-06-10 00:00:00,-999,3.821
2011-06-11 00:00:00,-999,4.995
2011-06-12 00:00:00,-999,4.279
2011-06-13 00:00:00,-999,4.015
2011-06-14 00:00:00,-999,6.557
2011-06-15 00:00:00,-999,9.552
2011-06-16 00:00:00,-999,11.87
2011-06-17 00:00:00,-999,10.25
2011-06-18 00:00:00,-999,9.57
2011-06-19 00:00:00,-999,9.515
2011-06-20 00:00:00,-999,7.343
2011-06-21 00:00:00,-999,6.35
2011-06-22 00:00:00,-999,8.472
2011-06-23 00:00:00,-999,8.606
2011-06-24 00:00:00,-999,5.187
2011-06-25 00:00:00,-999,8.592
2011-06-26 00:00:00,-999,8.514
2011-06-27 00:00:00,-999,9.309
2011-06-28 00:00:00,-999,6.481
2011-06-29 00:00:00,-999,4.401
2011-06-30 00:00:00,-999,5.549
2011-07-01 00:00:00,-999,6.954
2011-07-02 00:00:00,-999,9.542
2011-07-03 00:00:00,-999,7.717
2011-07-04 00:00:00,-999,6.038
2011-07-05 00:00:00,-999,10.31
2011-07-06 00:00:00,-999,10.91
2011-07-07 00:00:00,-999,9.544
2011-07-08 00:00:00,-999,9.14
2011-07-09 00:00:00,-999,8.111
2011-07-10 00:00:00,-999,8.606
2011-07-11 00:00:00,-999,7.784
2011-07-12 00:00:00,-999,8.606
2011-07-13 00:00:00,-999,6.906
2011-07-14 00:00:00,-999,8.111
2011-07-15 00:00:00,-999,8.292
2011-07-16 00:00:00,-999,7.978
2011-07-17 00:00:00,-999,11.06
2011-07-18 00:00:00,-999,10.43
2011-07-19 00:00:00,-999,10.94
2011-07-20 00:00:00,-999,11.62
2011-07-21 00:00:00,-999,12.85
2011-07-22 00:00:00,-999,11.61
2011-07-23 00:00:00,-999,10.93
2011-07-24 00:00:00,-999,10.96
2011-07-25 00:00:00,-999,8.089
2011-07-26 00:00:00,-999,8.328
2011-07-27 00:00:00,-999,9.185
2011-07-28 00:00:00,-999,10.7
2011-07-29 00:00:00,-999,12.26
2011-07-30 00:00:00,-999,10.59
2011-07-31 00:00:00,-999,10.17
2011-08-01 00:00:00,-999,10.65
2011-08-02 00:00:00,-999,10.22
2011-08-03 00:00:00,-999,9.446
2011-08-04 00:00:00,-999,10.16
2011-08-05 00:00:00,-999,11.05
2011-08-06 00:00:00,-999,10.26
2011-08-07 00:00:00,-999,10.16
2011-08-08 00:00:00,-999,10.04
2011-08-09 00:00:00,-999,7.948
2011-08-10 00:00:00,-999,7.537
2011-08-11 00:00:00,-999,8.113
2011-08-12 00:00:00,-999,8.226
2011-08-13 00:00:00,-999,8.473
2011-08-14 00:00:00,-999,6.899
2011-08-15 00:00:00,-999,5.628
2011-08-16 00:00:00,-999,4.714
2011-08-17 00:00:00,-999,5.629
2011-08-18 00:00:00,-999,5.412
2011-08-19 00:00:00,-999,3.744
2011-08-20 00:00:00,-999,6.323
2011-08-21 00:00:00,-999,5.748
2011-08-22 00:00:00,-999,5.528
2011-08-23 00:00:00,-999,5.268
2011-08-24 00:00:00,-999,5.526
2011-08-25 00:00:00,-999,5.593
2011-08-26 00:00:00,-999,4.344
2011-08-27 00:00:00,-999,6.231
2011-08-28 00:00:00,-999,6.174
2011-08-29 00:00:00,-999,5.946
2011-08-30 00:00:00,-999,5.843
2011-08-31 00:00:00,-999,5.795
2011-09-01 00:00:00,-999,4.576
2011-09-02 00:00:00,-999,3.686
2011-09-03 00:00:00,-999,4.766
2011-09-04 00:00:00,-999,4.78
2011-09-05 00:00:00,-999,4.754
2011-09-06 00:00:00,-999,3.981
2011-09-07 00:00:00,-999,4.494
2011-09-08 00:00:00,-999,2.26
2011-09-09 00:00:00,-999,2.027
2011-09-10 00:00:00,-999,2.523
2011-09-11 00:00:00,-999,5.446
2011-09-12 00:00:00,-999,6.078
2011-09-13 00:00:00,-999,4.749
2011-09-14 00:00:00,-999,3.986
2011-09-15 00:00:00,-999,3.472
2011-09-16 00:00:00,-999,2.886
2011-09-17 00:00:00,-999,1.983
2011-09-18 00:00:00,-999,1.974
2011-09-19 00:00:00,-999,2.619
2011-09-20 00:00:00,-999,2.594
2011-09-21 00:00:00,-999,2.363
2011-09-22 00:00:00,-999,2.293
2011-09-23 00:00:00,-999,1.574
2011-09-24 00:00:00,-999,0.576
2011-09-25 00:00:00,-999,0.24
2011-09-26 00:00:00,-999,0.122
2011-09-27 00:00:00,-999,0.0185
2011-09-28 00:00:00,-999,0.0227
2011-09-29 00:00:00,-999,0.00995
2011-09-30 00:00:00,-999,-0.0877
2011-10-01 00:00:00,-999,-0.153
2011-10-02 00:00:00,-999,-0.343
2011-10-03 00:00:00,-999,-0.218
2011-10-04 00:00:00,-999,-0.391
2011-10-05 00:00:00,-999,-0.3
2011-10-06 00:00:00,-999,-0.24
2011-10-07 00:00:00,-999,-0.191
2011-10-08 00:00:00,-999,-0.34
2011-10-09 00:00:00,-999,-0.32
2011-10-10 00:00:00,-999,-0.297
2011-10-11 00:00:00,-999,-0.344
2011-10-12 00:00:00,-999,-0.367
2011-10-13 00:00:00,-999,-0.632
2011-10-14 00:00:00,-999,-0.58
2011-10-15 00:00:00,-999,-0.482
2011-10-16 00:00:00,-999,-0.463
2011-10-17 00:00:00,-999,-0.39
2011-10-18 00:00:00,-999,-0.4
2011-10-19 00:00:00,-999,-0.412
2011-10-20 00:00:00,-999,-0.423
2011-10-21 00:00:00,-999,-0.674
2011-10-22 00:00:00,-999,-0.578
2011-10-23 00:00:00,-999,-0.506
2011-10-24 00:00:00,-999,-0.59
2011-10-25 00:00:00,-999,-0.782
2011-10-26 00:00:00,-999,-1.436
2011-10-27 00:00:00,-999,-1.592
2011-10-28 00:00:00,-999,-1.124
2011-10-29 00:00:00,-999,-0.731
2011-10-30 00:00:00,-999,-0.735
2011-10-31 00:00:00,-999,-0.827
2011-11-01 00:00:00,-999,-0.69
2011-11-02 00:00:00,-999,-0.597
2011-11-03 00:00:00,-999,-0.632
2011-11-04 00:00:00,-999,-0.893
2011-11-05 00:00:00,-999,-0.731
2011-11-06 00:00:00,-999,-0.921
2011-11-07 00:00:00,-999,-1.114
2011-11-08 00:00:00,-999,-0.976
2011-11-09 00:00:00,-999,-1.562
2011-11-10 00:00:00,-999,-1.543
2011-11-11 00:00:00,-999,-1.482
2011-11-12 00:00:00,-999,-1.963
2011-11-13 00:00:00,-999,-1.846
2011-11-14 00:00:00,-999,-2.019
2011-11-15 00:00:00,-999,-2.039
2011-11-16 00:00:00,-999,-1.771
2011-11-17 00:00:00,-999,-1.738
2011-11-18 00:00:00,-999,-1.79
2011-11-19 00:00:00,-999,-1.974
2011-11-20 00:00:00,-999,-2.313
2011-11-21 00:00:00,-999,-2.945
2011-11-22 00:00:00,-999,-3.254
2011-11-23 00:00:00,-999,-3.728
2011-11-24 00:00:00,-999,-4.075
2011-11-25 00:00:00,-999,-4.069
2011-11-26 00:00:00,-999,-4.152
2011-11-27 00:00:00,-999,-4.611
2011-11-28 00:00:00,-999,-4.788
2011-11-29 00:00:00,-999,-4.823
2011-11-30 00:00:00,-999,-4.866
2011-12-01 00:00:00,-999,-4.811
2011-12-02 00:00:00,-999,-4.286
2011-12-03 00:00:00,-999,-4.235
2011-12-04 00:00:00,-999,-4.556
2011-12-05 00:00:00,-999,-3.594
2011-12-06 00:00:00,-999,-3.455
2011-12-07 00:00:00,-999,-4.489
2011-12-08 00:00:00,-999,-4.482
2011-12-09 00:00:00,-999,-3.693
2011-12-10 00:00:00,-999,-3.126
2011-12-11 00:00:00,-999,-2.856
2011-12-12 00:00:00,-999,-2.887
2011-12-13 00:00:00,-999,-3.535
2011-12-14 00:00:00,-999,-4.546
2011-12-15 00:00:00,-999,-5.695
2011-12-16 00:00:00,-999,-6.12
2011-12-17 00:00:00,-999,-6.067
2011-12-18 00:00:00,-999,-6.144
2011-12-19 00:00:00,-999,-6.231
2011-12-20 00:00:00,-999,-6.688
2011-12-21 00:00:00,-999,-6.997
2011-12-22 00:00:00,-999,-7.16
2011-12-23 00:00:00,-999,-7.8
2011-12-24 00:00:00,-999,-8.3
2011-12-25 00:00:00,-999,-8.53
2011-12-26 00:00:00,-999,-9.03
2011-12-27 00:00:00,-999,-9.161
2011-12-28 00:00:00,-999,-8.865
2011-12-29 00:00:00,-999,-9.027
2011-12-30 00:00:00,-999,-9.199
2011-12-31 00:00:00,-999,-9.474
2012-01-01 00:00:00,-999,-10.06
2012-01-02 00:00:00,-999,-10.33
2012-01-03 00:00:00,-999,-10.07
2012-01-04 00:00:00,-999,-10.06
2012-01-05 00:00:00,-999,-10.19
2012-01-06 00:00:00,-999,-10.21
2012-01-07 00:00:00,-999,-10.5
2012-01-08 00:00:00,-999,-11.2
2012-01-09 00:00:00,-999,-11.69
2012-01-10 00:00:00,-999,-12.1
2012-01-11 00:00:00,-999,-12.1
2012-01-12 00:00:00,-999,-11.91
2012-01-13 00:00:00,-999,-12.51
2012-01-14 00:00:00,-999,-12.41
2012-01-15 00:00:00,-999,-12.57
2012-01-16 00:00:00,-999,-12.68
2012-01-17 00:00:00,-999,-12.53
2012-01-18 00:00:00,-999,-12.54
2012-01-19 00:00:00,-999,-12.04
2012-01-20 00:00:00,-999,-11.68
2012-01-21 00:00:00,-999,-11.37
2012-01-22 00:00:00,-999,-11.49
2012-01-23 00:00:00,-999,-12.21
2012-01-24 00:00:00,-999,-13.04
2012-01-25 00:00:00,-999,-13.66
2012-01-26 00:00:00,-999,-14.16
2012-01-27 00:00:00,-999,-14.41
2012-01-28 00:00:00,-999,-14.6
2012-01-29 00:00:00,-999,-14.69
2012-01-30 00:00:00,-999,-14.59
2012-01-31 00:00:00,-999,-15
2012-02-01 00:00:00,-999,-15.57
2012-02-02 00:00:00,-999,-15.97
2012-02-03 00:00:00,-999,-15.68
2012-02-04 00:00:00,-999,-15.33
2012-02-05 00:00:00,-999,-15.12
2012-02-06 00:00:00,-999,-14.39
2012-02-07 00:00:00,-999,-13.95
2012-02-08 00:00:00,-999,-13.73
2012-02-09 00:00:00,-999,-13.65
2012-02-10 00:00:00,-999,-13.45
2012-02-11 00:00:00,-999,-13.11
2012-02-12 00:00:00,-999,-12.72
2012-02-13 00:00:00,-999,-12.49
2012-02-14 00:00:00,-999,-12.33
2012-02-15 00:00:00,-999,-12.2
2012-02-16 00:00:00,-999,-12.2
2012-02-17 00:00:00,-999,-12.14
2012-02-18 00:00:00,-999,-12.14
2012-02-19 00:00:00,-999,-12.13
2012-02-20 00:00:00,-999,-12.12
2012-02-21 00:00:00,-999,-12.13
2012-02-22 00:00:00,-999,-12.12
2012-02-23 00:00:00,-999,-12.17
2012-02-24 00:00:00,-999,-12.27
2012-02-25 00:00:00,-999,-12.54
2012-02-26 00:00:00,-999,-12.96
2012-02-27 00:00:00,-999,-13.38
2012-02-28 00:00:00,-999,-13.72
2012-02-29 00:00:00,-999,-14.1
2012-03-01 00:00:00,-999,-14.47
2012-03-02 00:00:00,-999,-14.85
2012-03-03 00:00:00,-999,-15.12
2012-03-04 00:00:00,-999,-15.28
2012-03-05 00:00:00,-999,-15.34
2012-03-06 00:00:00,-999,-15.43
2012-03-07 00:00:00,-999,-15.47
2012-03-08 00:00:00,-999,-15.37
2012-03-09 00:00:00,-999,-15.34
2012-03-10 00:00:00,-999,-15.65
2012-03-12 00:00:00,-999,-15.53
2012-03-13 00:00:00,-999,-15.31
2012-03-14 00:00:00,-999,-15.39
2012-03-15 00:00:00,-999,-15.62
2012-03-16 00:00:00,-999,-15.88
2012-03-17 00:00:00,-999,-16.16
2012-03-18 00:00:00,-999,-16.33
2012-03-19 00:00:00,-999,-16.34
2012-03-20 00:00:00,-999,-16.27
2012-03-21 00:00:00,-999,-16.2
2012-03-22 00:00:00,-999,-16.16
2012-03-23 00:00:00,-999,-16.19
2012-03-24 00:00:00,-999,-16.17
2012-03-25 00:00:00,-999,-16.05
2012-03-26 00:00:00,-999,-15.89
2012-03-27 00:00:00,-999,-15.84
2012-03-28 00:00:00,-999,-15.93
2012-03-29 00:00:00,-999,-16.01
2012-03-30 00:00:00,-999,-16.02
2012-03-31 00:00:00,-999,-15.99
2012-04-01 00:00:00,-999,-15.88
2012-04-02 00:00:00,-999,-15.71
2012-04-03 00:00:00,-999,-15.52
2012-04-04 00:00:00,-999,-15.33
2012-04-05 00:00:00,-999,-15.18
2012-04-06 00:00:00,-999,-15.07
2012-04-07 00:00:00,-999,-14.79
2012-04-08 00:00:00,-999,-14.59
2012-04-09 00:00:00,-999,-14.49
2012-04-10 00:00:00,-999,-14.31
2012-04-11 00:00:00,-999,-13.99
2012-04-12 00:00:00,-999,-13.7
2012-04-13 00:00:00,-999,-13.5
2012-04-14 00:00:00,-999,-13.44
2012-04-15 00:00:00,-999,-13.32
2012-04-16 00:00:00,-999,-13.14
2012-04-17 00:00:00,-999,-12.91
2012-04-18 00:00:00,-999,-12.57
2012-04-19 00:00:00,-999,-12.27
2012-04-20 00:00:00,-999,-11.97
2012-04-21 00:00:00,-999,-11.73
2012-04-22 00:00:00,-999,-11.54
2012-04-23 00:00:00,-999,-11.39
2012-04-24 00:00:00,-999,-11.26
2012-04-25 00:00:00,-999,-11.11
2012-04-26 00:00:00,-999,-10.95
2012-04-27 00:00:00,-999,-10.79
2012-04-28 00:00:00,-999,-10.67
2012-04-29 00:00:00,-999,-10.53
2012-04-30 00:00:00,-999,-10.39
2012-05-01 00:00:00,-999,-10.32
2012-05-02 00:00:00,-999,-10.31
2012-05-03 00:00:00,-999,-10.34
2012-05-04 00:00:00,-999,-10.38
2012-05-05 00:00:00,-999,-10.45
2012-05-06 00:00:00,-999,-10.51
2012-05-07 00:00:00,-999,-10.5
2012-05-08 00:00:00,-999,-10.38
2012-05-09 00:00:00,-999,-10.24
2012-05-10 00:00:00,-999,-10.05
2012-05-11 00:00:00,-999,-9.794
2012-05-12 00:00:00,-999,-9.491
2012-05-13 00:00:00,-999,-9.176
2012-05-14 00:00:00,-999,-8.913
2012-05-15 00:00:00,-999,-8.719
2012-05-16 00:00:00,-999,-8.503
2012-05-17 00:00:00,-999,-7.023
2012-05-18 00:00:00,-999,-6.05
2012-05-19 00:00:00,-999,-5.746
2012-05-20 00:00:00,-999,-4.877
2012-05-21 00:00:00,-999,-3.416
2012-05-22 00:00:00,-999,-2.36
2012-05-23 00:00:00,-999,-0.778
2012-05-24 00:00:00,-999,-0.708
2012-05-25 00:00:00,-999,-0.696
2012-05-26 00:00:00,-999,-0.692
2012-05-27 00:00:00,-999,-0.69
2012-05-28 00:00:00,-999,-0.684
2012-05-29 00:00:00,-999,-0.685
2012-05-30 00:00:00,-999,-0.676
2012-05-31 00:00:00,-999,-0.663
2012-06-01 00:00:00,-999,-0.5711
2012-06-02 00:00:00,-999,-0.4198
2012-06-03 00:00:00,-999,-0.3785
2012-06-04 00:00:00,-999,-0.335
2012-06-05 00:00:00,-999,-0.2582
2012-06-06 00:00:00,-999,-0.2338
2012-06-07 00:00:00,-999,-0.2169
2012-06-08 00:00:00,-999,-0.1678
2012-06-09 00:00:00,-999,0.7511
2012-06-10 00:00:00,-999,2.5857
2012-06-11 00:00:00,-999,3.415
2012-06-12 00:00:00,-999,2.3983
2012-06-13 00:00:00,-999,3.5414
2012-06-14 00:00:00,-999,5.4647
2012-06-15 00:00:00,-999,7.8355
2012-06-16 00:00:00,-999,9.3883
2012-06-17 00:00:00,-999,5.542
2012-06-18 00:00:00,-999,7.3058
2012-06-19 00:00:00,-999,11.8946
2012-06-20 00:00:00,-999,12.3138
2012-06-21 00:00:00,-999,11.7883
2012-06-22 00:00:00,-999,10.1915
2012-06-23 00:00:00,-999,10.4108
2012-06-24 00:00:00,-999,7.4268
2012-06-25 00:00:00,-999,6.2159
2012-06-26 00:00:00,-999,6.5875
2012-06-27 00:00:00,-999,7.9681
2012-06-28 00:00:00,-999,8.0834
2012-06-29 00:00:00,-999,8.3055
2012-06-30 00:00:00,-999,8.279
2012-07-01 00:00:00,-999,8.9771
2012-07-02 00:00:00,-999,8.6682
2012-07-03 00:00:00,-999,8.5292
2012-07-04 00:00:00,-999,8.6783
2012-07-05 00:00:00,-999,8.7977
2012-07-06 00:00:00,-999,8.7687
2012-07-07 00:00:00,-999,9.1448
2012-07-08 00:00:00,-999,7.8393
2012-07-09 00:00:00,-999,10.0457
2012-07-10 00:00:00,-999,9.6258
2012-07-11 00:00:00,-999,9.295
2012-07-12 00:00:00,-999,10.0132
2012-07-13 00:00:00,-999,11.1387
2012-07-14 00:00:00,-999,10.8575
2012-07-15 00:00:00,-999,10.7562
2012-07-16 00:00:00,-999,10.4729
2012-07-17 00:00:00,-999,8.8721
2012-07-18 00:00:00,-999,7.7614
2012-07-19 00:00:00,-999,8.6926
2012-07-20 00:00:00,-999,9.2773
2012-07-21 00:00:00,-999,7.0635
2012-07-22 00:00:00,-999,8.9035
2012-07-23 00:00:00,-999,11.4474
2012-07-24 00:00:00,-999,12.5812
2012-07-25 00:00:00,-999,12.0213
2012-07-26 00:00:00,-999,12.095
2012-07-27 00:00:00,-999,13.2892
2012-07-28 00:00:00,-999,13.0633
2012-07-29 00:00:00,-999,13.7954
2012-07-30 00:00:00,-999,13.5613
2012-07-31 00:00:00,-999,11.4375
2012-08-01 00:00:00,-999,10.4762
2012-08-02 00:00:00,-999,9.7942
2012-08-03 00:00:00,-999,9.5792
2012-08-04 00:00:00,-999,10.4687
2012-08-05 00:00:00,-999,10.5737
2012-08-06 00:00:00,-999,8.6979
2012-08-07 00:00:00,-999,7.704
2012-08-08 00:00:00,-999,7.9226
2012-08-09 00:00:00,-999,8.1304
2012-08-10 00:00:00,-999,7.9489
2012-08-11 00:00:00,-999,6.2466
2012-08-12 00:00:00,-999,6.266
2012-08-13 00:00:00,-999,5.95
2012-08-14 00:00:00,-999,7.3397
2012-08-15 00:00:00,-999,9.1662
2012-08-16 00:00:00,-999,10.2629
2012-08-17 00:00:00,-999,10.2358
2012-08-18 00:00:00,-999,10.9171
2012-08-19 00:00:00,-999,11.2821
2012-08-20 00:00:00,-999,10.2747
2012-08-21 00:00:00,-999,9.6779
2012-08-22 00:00:00,-999,8.8312
2012-08-23 00:00:00,-999,8.7242
2012-08-24 00:00:00,-999,9.0862
2012-08-25 00:00:00,-999,8.6731
2012-08-26 00:00:00,-999,7.8421
2012-08-27 00:00:00,-999,6.7557
2012-08-28 00:00:00,-999,5.6923
2012-08-29 00:00:00,-999,6.3604
2012-08-30 00:00:00,-999,6.4294
2012-08-31 00:00:00,-999,5.6326
2012-09-01 00:00:00,-999,5.4641
2012-09-02 00:00:00,-999,5.4853
2012-09-03 00:00:00,-999,5.0742
2012-09-04 00:00:00,-999,6.3815
2012-09-05 00:00:00,-999,6.7602
2012-09-06 00:00:00,-999,6.3218
2012-09-07 00:00:00,-999,3.5432
2012-09-08 00:00:00,-999,2.4979
2012-09-09 00:00:00,-999,2.2127
2012-09-10 00:00:00,-999,2.8862
2012-09-11 00:00:00,-999,2.5146
2012-09-12 00:00:00,-999,3.4602
2012-09-13 00:00:00,-999,3.0863
2012-09-14 00:00:00,-999,2.429
2012-09-15 00:00:00,-999,1.5003
2012-09-16 00:00:00,-999,2.4192
2012-09-17 00:00:00,-999,3.8272
2012-09-18 00:00:00,-999,3.3602
2012-09-19 00:00:00,-999,2.9049
2012-09-20 00:00:00,-999,3.5659
2012-09-21 00:00:00,-999,2.7561
2012-09-22 00:00:00,-999,2.4293
2012-09-23 00:00:00,-999,3.026
2012-09-24 00:00:00,-999,3.2272
2012-09-25 00:00:00,-999,1.1031
2012-09-26 00:00:00,-999,0.8415
2012-09-27 00:00:00,-999,0.4119
2012-09-28 00:00:00,-999,0.8014
2012-09-29 00:00:00,-999,0.631
2012-09-30 00:00:00,-999,0.5816
2012-10-01 00:00:00,-999,0.1825
2012-10-02 00:00:00,-999,-0.0187
2012-10-03 00:00:00,-999,-0.0343
2012-10-04 00:00:00,-999,-0.0577
2012-10-05 00:00:00,-999,0.1231
2012-10-06 00:00:00,-999,0.0862
2012-10-07 00:00:00,-999,0.0636
2012-10-08 00:00:00,-999,-0.0783
2012-10-09 00:00:00,-999,-0.1288
2012-10-10 00:00:00,-999,-0.1378
2012-10-11 00:00:00,-999,-0.3334
2012-10-12 00:00:00,-999,-0.2963
2012-10-13 00:00:00,-999,-0.2826
2012-10-14 00:00:00,-999,-0.2614
2012-10-15 00:00:00,-999,-0.2991
2012-10-16 00:00:00,-999,-0.295
2012-10-17 00:00:00,-999,-0.2583
2012-10-18 00:00:00,-999,-0.216
2012-10-19 00:00:00,-999,-0.2427
2012-10-20 00:00:00,-999,-0.2868
2012-10-21 00:00:00,-999,-0.2675
2012-10-22 00:00:00,-999,-0.2659
2012-10-23 00:00:00,-999,-0.3131
2012-10-24 00:00:00,-999,-0.2478
2012-10-25 00:00:00,-999,-0.2457
2012-10-26 00:00:00,-999,-0.2308
2012-10-27 00:00:00,-999,-0.2215
2012-10-28 00:00:00,-999,-0.2077
2012-10-29 00:00:00,-999,-0.2052
2012-10-30 00:00:00,-999,-0.2237
2012-10-31 00:00:00,-999,-0.2415
2012-11-01 00:00:00,-999,-0.2312
2012-11-02 00:00:00,-999,-0.2399
2012-11-03 00:00:00,-999,-0.2672
2012-11-04 00:00:00,-999,-0.307
2012-11-05 00:00:00,-999,-0.3346
2012-11-06 00:00:00,-999,-0.3705
2012-11-07 00:00:00,-999,-0.3777
2012-11-08 00:00:00,-999,-0.3486
2012-11-09 00:00:00,-999,-0.407
2012-11-10 00:00:00,-999,-0.386
2012-11-11 00:00:00,-999,-0.3604
2012-11-12 00:00:00,-999,-0.3872
2012-11-13 00:00:00,-999,-0.452
2012-11-14 00:00:00,-999,-0.5052
2012-11-15 00:00:00,-999,-0.5672
2012-11-16 00:00:00,-999,-0.5515
2012-11-17 00:00:00,-999,-0.7125
2012-11-18 00:00:00,-999,-0.7055
2012-11-19 00:00:00,-999,-0.8537
2012-11-20 00:00:00,-999,-0.9027
2012-11-21 00:00:00,-999,-0.8541
2012-11-22 00:00:00,-999,-0.9409
2012-11-23 00:00:00,-999,-1.0125
2012-11-24 00:00:00,-999,-1.0695
2012-11-25 00:00:00,-999,-1.075
2012-11-26 00:00:00,-999,-0.9525
2012-11-27 00:00:00,-999,-1.2027
2012-11-28 00:00:00,-999,-1.4242
2012-11-29 00:00:00,-999,-1.2707
2012-11-30 00:00:00,-999,-1.1645
2012-12-01 00:00:00,-999,-1.1342
2012-12-02 00:00:00,-999,-1.1929
2012-12-03 00:00:00,-999,-1.2318
2012-12-04 00:00:00,-999,-1.345
2012-12-05 00:00:00,-999,-1.4097
2012-12-06 00:00:00,-999,-1.4212
2012-12-07 00:00:00,-999,-1.5314
2012-12-08 00:00:00,-999,-1.9496
2012-12-09 00:00:00,-999,-2.2333
2012-12-10 00:00:00,-999,-2.5776
2012-12-11 00:00:00,-999,-2.9449
2012-12-12 00:00:00,-999,-2.896
2012-12-13 00:00:00,-999,-3.0942
2012-12-14 00:00:00,-999,-3.2701
2012-12-15 00:00:00,-999,-3.8259
2012-12-16 00:00:00,-999,-4.4178
2012-12-17 00:00:00,-999,-4.2834
2012-12-18 00:00:00,-999,-4.2539
2012-12-19 00:00:00,-999,-3.6875
2012-12-20 00:00:00,-999,-3.9103
2012-12-21 00:00:00,-999,-4.3718
2012-12-22 00:00:00,-999,-4.2863
2012-12-23 00:00:00,-999,-4.4002
2012-12-24 00:00:00,-999,-3.8906
2012-12-25 00:00:00,-999,-3.4656
2012-12-26 00:00:00,-999,-3.4121
2012-12-27 00:00:00,-999,-3.6108
2012-12-28 00:00:00,-999,-3.9129
2012-12-29 00:00:00,-999,-4.2345
2012-12-30 00:00:00,-999,-4.4148
2012-12-31 00:00:00,-999,-4.0617
2013-01-01 00:00:00,-999,-3.8237
2013-01-02 00:00:00,-999,-3.65
2013-01-03 00:00:00,-999,-3.7217
2013-01-04 00:00:00,-999,-3.797
2013-01-05 00:00:00,-999,-3.61
2013-01-06 00:00:00,-999,-3.6241
2013-01-07 00:00:00,-999,-4.2252
2013-01-08 00:00:00,-999,-4.757
2013-01-09 00:00:00,-999,-4.7281
2013-01-10 00:00:00,-999,-4.8849
2013-01-11 00:00:00,-999,-5.5628
2013-01-12 00:00:00,-999,-5.9269
2013-01-13 00:00:00,-999,-6.0241
2013-01-14 00:00:00,-999,-5.7264
2013-01-15 00:00:00,-999,-5.5441
2013-01-16 00:00:00,-999,-5.8028
2013-01-17 00:00:00,-999,-6.5781
2013-01-18 00:00:00,-999,-7.1921
2013-01-19 00:00:00,-999,-7.5121
2013-01-20 00:00:00,-999,-8.0796
2013-01-21 00:00:00,-999,-8.0367
2013-01-22 00:00:00,-999,-8.2104
2013-01-23 00:00:00,-999,-8.42
2013-01-24 00:00:00,-999,-8.6967
2013-01-25 00:00:00,-999,-9.3004
2013-01-26 00:00:00,-999,-9.57
2013-01-27 00:00:00,-999,-9.9542
2013-01-28 00:00:00,-999,-10.1567
2013-01-29 00:00:00,-999,-10.595
2013-01-30 00:00:00,-999,-11.4621
2013-01-31 00:00:00,-999,-11.9133
2013-02-01 00:00:00,-999,-11.7217
2013-02-02 00:00:00,-999,-11.7192
2013-02-03 00:00:00,-999,-11.655
2013-02-04 00:00:00,-999,-11.5592
2013-02-05 00:00:00,-999,-12.0113
2013-02-06 00:00:00,-999,-12.69
2013-02-07 00:00:00,-999,-13.2458
2013-02-08 00:00:00,-999,-13.9787
2013-02-09 00:00:00,-999,-14.2504
2013-02-10 00:00:00,-999,-13.9992
2013-02-11 00:00:00,-999,-13.7742
2013-02-12 00:00:00,-999,-13.8096
2013-02-13 00:00:00,-999,-14.0683
2013-02-14 00:00:00,-999,-14.2042
2013-02-15 00:00:00,-999,-14.0096
2013-02-16 00:00:00,-999,-13.8142
2013-02-17 00:00:00,-999,-13.6937
2013-02-18 00:00:00,-999,-14.1292
2013-02-19 00:00:00,-999,-15.1154
2013-02-20 00:00:00,-999,-15.7233
2013-02-21 00:00:00,-999,-15.5421
2013-02-22 00:00:00,-999,-15.4179
2013-02-23 00:00:00,-999,-15.4671
2013-02-24 00:00:00,-999,-15.3912
2013-02-25 00:00:00,-999,-15.2504
2013-02-26 00:00:00,-999,-15.1362
2013-02-27 00:00:00,-999,-15.2242
2013-02-28 00:00:00,-999,-15.4217
2013-03-01 00:00:00,-999,-14.9925
2013-03-02 00:00:00,-999,-14.6979
2013-03-03 00:00:00,-999,-14.9679
2013-03-04 00:00:00,-999,-15.2175
2013-03-05 00:00:00,-999,-15.0888
2013-03-06 00:00:00,-999,-14.9462
2013-03-07 00:00:00,-999,-14.8021
2013-03-08 00:00:00,-999,-14.6925
2013-03-09 00:00:00,-999,-14.2083
2013-03-10 00:00:00,-999,-13.7809
2013-03-11 00:00:00,-999,-13.5967
2013-03-12 00:00:00,-999,-13.5825
2013-03-13 00:00:00,-999,-14.0921
2013-03-14 00:00:00,-999,-14.7175
2013-03-15 00:00:00,-999,-14.7162
2013-03-16 00:00:00,-999,-14.2858
2013-03-17 00:00:00,-999,-13.9792
2013-03-18 00:00:00,-999,-14.0696
2013-03-19 00:00:00,-999,-14.48
2013-03-20 00:00:00,-999,-14.4333
2013-03-21 00:00:00,-999,-14.21
2013-03-22 00:00:00,-999,-14.3008
2013-03-23 00:00:00,-999,-14.7092
2013-03-24 00:00:00,-999,-14.7237
2013-03-25 00:00:00,-999,-14.8512
2013-03-26 00:00:00,-999,-14.7288
2013-03-27 00:00:00,-999,-14.4667
2013-03-28 00:00:00,-999,-14.3192
2013-03-29 00:00:00,-999,-14.5733
2013-03-30 00:00:00,-999,-14.8758
2013-03-31 00:00:00,-999,-14.7921
2013-04-01 00:00:00,-999,-14.4292
2013-04-02 00:00:00,-999,-14.22
2013-04-03 00:00:00,-999,-14.3808
2013-04-04 00:00:00,-999,-14.5962
2013-04-05 00:00:00,-999,-14.7687
2013-04-06 00:00:00,-999,-15.0213
2013-04-07 00:00:00,-999,-15.4858
2013-04-08 00:00:00,-999,-15.6483
2013-04-09 00:00:00,-999,-15.4779
2013-04-10 00:00:00,-999,-15.2083
2013-04-11 00:00:00,-999,-14.8058
2013-04-12 00:00:00,-999,-14.6054
2013-04-13 00:00:00,-999,-14.5571
2013-04-14 00:00:00,-999,-14.4837
2013-04-15 00:00:00,-999,-14.3675
2013-04-16 00:00:00,-999,-14.2813
2013-04-17 00:00:00,-999,-14.2008
2013-04-18 00:00:00,-999,-14.0983
2013-04-19 00:00:00,-999,-13.9921
2013-04-20 00:00:00,-999,-13.8179
2013-04-21 00:00:00,-999,-13.5238
2013-04-22 00:00:00,-999,-13.185
2013-04-23 00:00:00,-999,-12.8421
2013-04-24 00:00:00,-999,-12.3271
2013-04-25 00:00:00,-999,-11.98
2013-04-26 00:00:00,-999,-11.9429
2013-04-27 00:00:00,-999,-11.8558
2013-04-28 00:00:00,-999,-11.8221
2013-04-29 00:00:00,-999,-11.6683
2013-04-30 00:00:00,-999,-11.4638
2013-05-01 00:00:00,-999,-11.4583
2013-05-02 00:00:00,-999,-11.6875
2013-05-03 00:00:00,-999,-11.78
2013-05-04 00:00:00,-999,-11.7917
2013-05-05 00:00:00,-999,-11.8167
2013-05-06 00:00:00,-999,-11.845
2013-05-07 00:00:00,-999,-11.6925
2013-05-08 00:00:00,-999,-11.3767
2013-05-09 00:00:00,-999,-10.9471
2013-05-10 00:00:00,-999,-10.5575
2013-05-11 00:00:00,-999,-10.2892
2013-05-12 00:00:00,-999,-10.0279
2013-05-13 00:00:00,-999,-9.7979
2013-05-14 00:00:00,-999,-9.7838
2013-05-15 00:00:00,-999,-9.8742
2013-05-16 00:00:00,-999,-10.0617
2013-05-17 00:00:00,-999,-9.9142
2013-05-18 00:00:00,-999,-9.7096
2013-05-19 00:00:00,-999,-9.6429
2013-05-20 00:00:00,-999,-9.6296
2013-05-21 00:00:00,-999,-9.3775
2013-05-22 00:00:00,-999,-8.4575
2013-05-23 00:00:00,-999,-7.1415
2013-05-24 00:00:00,-999,-6.5969
2013-05-25 00:00:00,-999,-5.1533
2013-05-26 00:00:00,-999,-2.925
2013-05-27 00:00:00,-999,-0.5559
2013-05-28 00:00:00,-999,-0.5009
2013-05-29 00:00:00,-999,-0.4846
2013-05-30 00:00:00,-999,-0.4818
2013-05-31 00:00:00,-999,-0.4826
