Date,Surface temperature average weight,Number of cloud free observations
2007-10-01 00:00:00,259,35
2007-10-02 00:00:00,259,38
2007-10-03 00:00:00,259,40
2007-10-04 00:00:00,259,37
2007-10-05 00:00:00,259,32
2007-10-06 00:00:00,259,24
2007-10-07 00:00:00,258,19
2007-10-08 00:00:00,257,18
2007-10-09 00:00:00,256,22
2007-10-10 00:00:00,256,32
2007-10-11 00:00:00,256,34
2007-10-12 00:00:00,256,35
2007-10-13 00:00:00,256,36
2007-10-14 00:00:00,257,37
2007-10-15 00:00:00,257,35
2007-10-16 00:00:00,257,32
2007-10-17 00:00:00,254,27
2007-10-18 00:00:00,254,30
2007-10-19 00:00:00,252,37
2007-10-20 00:00:00,252,42
2007-10-21 00:00:00,252,41
2007-10-22 00:00:00,251,39
2007-10-23 00:00:00,251,43
2007-10-24 00:00:00,251,46
2007-10-25 00:00:00,251,44
2007-10-26 00:00:00,252,39
2007-10-27 00:00:00,253,37
2007-10-28 00:00:00,253,39
2007-10-29 00:00:00,252,45
2007-10-30 00:00:00,252,38
2007-10-31 00:00:00,253,32
2007-11-01 00:00:00,252,32
2007-11-02 00:00:00,252,30
2007-11-03 00:00:00,251,26
2007-11-04 00:00:00,251,23
2007-11-05 00:00:00,252,18
2007-11-06 00:00:00,252,20
2007-11-07 00:00:00,252,24
2007-11-08 00:00:00,252,26
2007-11-09 00:00:00,251,25
2007-11-10 00:00:00,251,25
2007-11-11 00:00:00,251,29
2007-11-12 00:00:00,251,30
2007-11-13 00:00:00,250,30
2007-11-14 00:00:00,249,25
2007-11-15 00:00:00,252,28
2007-11-16 00:00:00,254,35
2007-11-17 00:00:00,254,35
2007-11-18 00:00:00,255,30
2007-11-19 00:00:00,257,37
2007-11-20 00:00:00,257,42
2007-11-21 00:00:00,256,48
2007-11-22 00:00:00,255,50
2007-11-23 00:00:00,254,53
2007-11-24 00:00:00,254,56
2007-11-25 00:00:00,254,56
2007-11-26 00:00:00,252,47
2007-11-27 00:00:00,250,47
2007-11-28 00:00:00,250,48
2007-11-29 00:00:00,250,48
2007-11-30 00:00:00,249,38
2007-12-01 00:00:00,251,42
2007-12-02 00:00:00,252,50
2007-12-03 00:00:00,252,55
2007-12-04 00:00:00,253,51
2007-12-05 00:00:00,254,42
2007-12-06 00:00:00,255,33
2007-12-07 00:00:00,255,32
2007-12-08 00:00:00,253,26
2007-12-09 00:00:00,251,22
2007-12-10 00:00:00,250,15
2007-12-11 00:00:00,248,13
2007-12-12 00:00:00,241,23
2007-12-13 00:00:00,236,31
2007-12-14 00:00:00,234,43
2007-12-15 00:00:00,234,47
2007-12-16 00:00:00,233,52
2007-12-17 00:00:00,234,63
2007-12-18 00:00:00,234,61
2007-12-19 00:00:00,234,49
2007-12-20 00:00:00,235,42
2007-12-21 00:00:00,239,40
2007-12-22 00:00:00,240,38
2007-12-23 00:00:00,241,32
2007-12-24 00:00:00,243,22
2007-12-25 00:00:00,242,22
2007-12-26 00:00:00,242,22
2007-12-27 00:00:00,242,19
2007-12-28 00:00:00,242,11
2007-12-29 00:00:00,240,20
2007-12-30 00:00:00,239,25
2007-12-31 00:00:00,238,29
2008-01-01 00:00:00,237,36
2008-01-02 00:00:00,237,39
2008-01-03 00:00:00,237,44
2008-01-04 00:00:00,237,48
2008-01-05 00:00:00,236,44
2008-01-06 00:00:00,233,48
2008-01-07 00:00:00,233,54
2008-01-08 00:00:00,232,55
2008-01-09 00:00:00,232,64
2008-01-10 00:00:00,232,66
2008-01-11 00:00:00,234,67
2008-01-12 00:00:00,235,65
2008-01-13 00:00:00,236,53
2008-01-14 00:00:00,239,44
2008-01-15 00:00:00,242,36
2008-01-16 00:00:00,248,24
2008-01-17 00:00:00,249,19
2008-01-18 00:00:00,246,21
2008-01-19 00:00:00,241,24
2008-01-20 00:00:00,241,31
2008-01-21 00:00:00,240,40
2008-01-22 00:00:00,239,49
2008-01-23 00:00:00,240,54
2008-01-24 00:00:00,240,57
2008-01-25 00:00:00,239,48
2008-01-26 00:00:00,241,45
2008-01-27 00:00:00,241,43
2008-01-28 00:00:00,240,41
2008-01-29 00:00:00,240,33
2008-01-30 00:00:00,239,29
2008-01-31 00:00:00,238,36
2008-02-01 00:00:00,237,47
2008-02-02 00:00:00,236,52
2008-02-03 00:00:00,234,59
2008-02-04 00:00:00,234,54
2008-02-05 00:00:00,234,57
2008-02-06 00:00:00,234,58
2008-02-07 00:00:00,235,49
2008-02-08 00:00:00,237,47
2008-02-09 00:00:00,239,43
2008-02-10 00:00:00,243,33
2008-02-11 00:00:00,245,37
2008-02-12 00:00:00,248,38
2008-02-13 00:00:00,250,46
2008-02-14 00:00:00,252,47
2008-02-15 00:00:00,254,42
2008-02-16 00:00:00,256,37
2008-02-17 00:00:00,256,38
2008-02-18 00:00:00,255,33
2008-02-19 00:00:00,251,33
2008-02-20 00:00:00,247,33
2008-02-21 00:00:00,245,34
2008-02-22 00:00:00,243,37
2008-02-23 00:00:00,241,41
2008-02-24 00:00:00,239,45
2008-02-25 00:00:00,240,49
2008-02-26 00:00:00,241,52
2008-02-27 00:00:00,242,45
2008-02-28 00:00:00,242,41
2008-02-29 00:00:00,242,37
2008-03-01 00:00:00,243,31
2008-03-02 00:00:00,246,26
2008-03-03 00:00:00,246,28
2008-03-04 00:00:00,245,27
2008-03-05 00:00:00,243,34
2008-03-06 00:00:00,242,42
2008-03-07 00:00:00,241,45
2008-03-08 00:00:00,240,52
2008-03-09 00:00:00,239,60
2008-03-10 00:00:00,238,60
2008-03-11 00:00:00,236,59
2008-03-12 00:00:00,235,55
2008-03-13 00:00:00,234,52
2008-03-14 00:00:00,233,52
2008-03-15 00:00:00,233,55
2008-03-16 00:00:00,233,55
2008-03-17 00:00:00,233,52
2008-03-18 00:00:00,234,47
2008-03-19 00:00:00,235,48
2008-03-20 00:00:00,236,52
2008-03-21 00:00:00,239,57
2008-03-22 00:00:00,242,59
2008-03-23 00:00:00,245,60
2008-03-24 00:00:00,247,62
2008-03-25 00:00:00,250,68
2008-03-26 00:00:00,251,61
2008-03-27 00:00:00,254,57
2008-03-28 00:00:00,256,47
2008-03-29 00:00:00,260,41
2008-03-30 00:00:00,263,32
2008-03-31 00:00:00,264,26
2008-04-01 00:00:00,264,20
2008-04-02 00:00:00,264,21
2008-04-03 00:00:00,259,20
2008-04-04 00:00:00,256,27
2008-04-05 00:00:00,252,29
2008-04-06 00:00:00,250,37
2008-04-07 00:00:00,250,45
2008-04-08 00:00:00,250,46
2008-04-09 00:00:00,249,46
2008-04-10 00:00:00,250,42
2008-04-11 00:00:00,250,41
2008-04-12 00:00:00,251,35
2008-04-13 00:00:00,252,25
2008-04-14 00:00:00,255,17
2008-04-15 00:00:00,256,15
2008-04-16 00:00:00,259,21
2008-04-17 00:00:00,260,21
2008-04-18 00:00:00,264,16
2008-04-19 00:00:00,264,17
2008-04-20 00:00:00,263,20
2008-04-21 00:00:00,263,21
2008-04-22 00:00:00,263,28
2008-04-23 00:00:00,261,28
2008-04-24 00:00:00,260,30
2008-04-25 00:00:00,260,30
2008-04-26 00:00:00,260,31
2008-04-27 00:00:00,260,29
2008-04-28 00:00:00,260,30
2008-04-29 00:00:00,259,22
2008-04-30 00:00:00,260,17
2008-05-01 00:00:00,263,19
2008-05-02 00:00:00,263,18
2008-05-03 00:00:00,264,14
2008-05-04 00:00:00,264,15
2008-05-05 00:00:00,266,12
2008-05-06 00:00:00,265,12
2008-05-07 00:00:00,265,13
2008-05-08 00:00:00,264,10
2008-05-09 00:00:00,265,15
2008-05-10 00:00:00,267,27
2008-05-11 00:00:00,268,31
2008-05-12 00:00:00,268,37
2008-05-13 00:00:00,268,40
2008-05-14 00:00:00,269,42
2008-05-15 00:00:00,269,51
2008-05-16 00:00:00,270,57
2008-05-17 00:00:00,271,55
2008-05-18 00:00:00,271,56
2008-05-19 00:00:00,271,53
2008-05-20 00:00:00,272,57
2008-05-21 00:00:00,272,53
2008-05-22 00:00:00,273,42
2008-05-23 00:00:00,274,34
2008-05-24 00:00:00,274,24
2008-05-25 00:00:00,273,18
2008-05-26 00:00:00,274,17
2008-05-27 00:00:00,276,14
2008-05-28 00:00:00,275,13
2008-05-29 00:00:00,277,14
2008-05-30 00:00:00,280,10
2008-05-31 00:00:00,280,14
2008-06-01 00:00:00,283,21
2008-06-02 00:00:00,285,28
2008-06-03 00:00:00,285,25
2008-06-04 00:00:00,286,27
2008-06-05 00:00:00,286,37
2008-06-06 00:00:00,286,41
2008-06-07 00:00:00,286,48
2008-06-08 00:00:00,287,52
2008-06-09 00:00:00,288,50
2008-06-10 00:00:00,288,49
2008-06-11 00:00:00,288,47
2008-06-12 00:00:00,288,37
2008-06-13 00:00:00,288,44
2008-06-14 00:00:00,288,38
2008-06-15 00:00:00,289,35
2008-06-16 00:00:00,289,35
2008-06-17 00:00:00,291,45
2008-06-18 00:00:00,291,56
2008-06-19 00:00:00,291,61
2008-06-20 00:00:00,292,57
2008-06-21 00:00:00,291,61
2008-06-22 00:00:00,291,54
2008-06-23 00:00:00,291,54
2008-06-24 00:00:00,289,51
2008-06-25 00:00:00,289,43
2008-06-26 00:00:00,289,45
2008-06-27 00:00:00,289,48
2008-06-28 00:00:00,290,50
2008-06-29 00:00:00,291,60
2008-06-30 00:00:00,291,64
2008-07-01 00:00:00,291,66
2008-07-02 00:00:00,291,66
2008-07-03 00:00:00,292,67
2008-07-04 00:00:00,291,59
2008-07-05 00:00:00,291,55
2008-07-06 00:00:00,290,56
2008-07-07 00:00:00,290,55
2008-07-08 00:00:00,289,49
2008-07-09 00:00:00,289,46
2008-07-10 00:00:00,288,37
2008-07-11 00:00:00,288,35
2008-07-12 00:00:00,288,30
2008-07-13 00:00:00,288,21
2008-07-14 00:00:00,285,14
2008-07-15 00:00:00,285,10
2008-07-16 00:00:00,284,11
2008-07-17 00:00:00,284,13
2008-07-18 00:00:00,283,22
2008-07-19 00:00:00,285,31
2008-07-20 00:00:00,285,30
2008-07-21 00:00:00,286,34
2008-07-22 00:00:00,286,41
2008-07-23 00:00:00,286,40
2008-07-24 00:00:00,286,39
2008-07-25 00:00:00,287,31
2008-07-26 00:00:00,286,23
2008-07-27 00:00:00,285,20
2008-07-28 00:00:00,282,13
2008-07-29 00:00:00,278,6
2008-07-30 00:00:00,277,8
2008-07-31 00:00:00,278,10
2008-08-01 00:00:00,278,10
2008-08-02 00:00:00,276,8
2008-08-03 00:00:00,276,11
2008-08-04 00:00:00,-999,11
2008-08-05 00:00:00,-999,12
2008-08-06 00:00:00,278,16
2008-08-07 00:00:00,279,20
2008-08-08 00:00:00,279,24
2008-08-09 00:00:00,280,29
2008-08-10 00:00:00,280,30
2008-08-11 00:00:00,280,39
2008-08-12 00:00:00,280,39
2008-08-13 00:00:00,280,37
2008-08-14 00:00:00,279,38
2008-08-15 00:00:00,278,40
2008-08-16 00:00:00,278,36
2008-08-17 00:00:00,278,43
2008-08-18 00:00:00,279,43
2008-08-19 00:00:00,279,43
2008-08-20 00:00:00,280,45
2008-08-21 00:00:00,280,40
2008-08-22 00:00:00,281,36
2008-08-23 00:00:00,281,36
2008-08-24 00:00:00,281,30
2008-08-25 00:00:00,278,28
2008-08-26 00:00:00,277,35
2008-08-27 00:00:00,277,39
2008-08-28 00:00:00,277,40
2008-08-29 00:00:00,277,38
2008-08-30 00:00:00,277,40
2008-08-31 00:00:00,277,38
2008-09-01 00:00:00,276,37
2008-09-02 00:00:00,276,31
2008-09-03 00:00:00,275,24
2008-09-04 00:00:00,274,23
2008-09-05 00:00:00,274,22
2008-09-06 00:00:00,273,20
2008-09-07 00:00:00,272,23
2008-09-08 00:00:00,271,22
2008-09-09 00:00:00,272,30
2008-09-10 00:00:00,272,36
2008-09-11 00:00:00,271,40
2008-09-12 00:00:00,272,45
2008-09-13 00:00:00,272,47
2008-09-14 00:00:00,272,42
2008-09-15 00:00:00,272,36
2008-09-16 00:00:00,273,27
2008-09-17 00:00:00,273,18
2008-09-18 00:00:00,275,12
2008-09-19 00:00:00,276,9
2008-09-20 00:00:00,265,9
2008-09-21 00:00:00,264,13
2008-09-22 00:00:00,264,14
2008-09-23 00:00:00,262,21
2008-09-24 00:00:00,261,27
2008-09-25 00:00:00,260,28
2008-09-26 00:00:00,260,27
2008-09-27 00:00:00,259,23
2008-09-28 00:00:00,258,24
2008-09-29 00:00:00,258,26
2008-09-30 00:00:00,258,22
2008-10-01 00:00:00,258,21
2008-10-02 00:00:00,258,21
2008-10-03 00:00:00,257,24
2008-10-04 00:00:00,257,27
2008-10-05 00:00:00,257,25
2008-10-06 00:00:00,257,23
2008-10-07 00:00:00,256,22
2008-10-08 00:00:00,255,19
2008-10-09 00:00:00,254,20
2008-10-10 00:00:00,255,17
2008-10-11 00:00:00,257,18
2008-10-12 00:00:00,256,20
2008-10-13 00:00:00,256,19
2008-10-14 00:00:00,255,23
2008-10-15 00:00:00,256,21
2008-10-16 00:00:00,255,18
2008-10-17 00:00:00,254,21
2008-10-18 00:00:00,253,17
2008-10-19 00:00:00,251,11
2008-10-20 00:00:00,251,15
2008-10-21 00:00:00,248,8
2008-10-22 00:00:00,254,13
2008-10-23 00:00:00,255,21
2008-10-24 00:00:00,257,21
2008-10-25 00:00:00,254,33
2008-10-26 00:00:00,252,45
2008-10-27 00:00:00,250,53
2008-10-28 00:00:00,250,60
2008-10-29 00:00:00,250,64
2008-10-30 00:00:00,250,58
2008-10-31 00:00:00,249,54
2008-11-01 00:00:00,249,45
2008-11-02 00:00:00,249,41
2008-11-03 00:00:00,248,40
2008-11-04 00:00:00,247,39
2008-11-05 00:00:00,246,41
2008-11-06 00:00:00,246,47
2008-11-07 00:00:00,246,48
2008-11-08 00:00:00,246,45
2008-11-09 00:00:00,246,37
2008-11-10 00:00:00,248,30
2008-11-11 00:00:00,249,24
2008-11-12 00:00:00,250,13
2008-11-13 00:00:00,252,5
2008-11-14 00:00:00,249,4
2008-11-15 00:00:00,249,4
2008-11-16 00:00:00,242,12
2008-11-17 00:00:00,239,17
2008-11-18 00:00:00,240,28
2008-11-19 00:00:00,241,36
2008-11-20 00:00:00,242,43
2008-11-21 00:00:00,243,54
2008-11-22 00:00:00,243,57
2008-11-23 00:00:00,244,58
2008-11-24 00:00:00,245,51
2008-11-25 00:00:00,247,40
2008-11-26 00:00:00,246,40
2008-11-27 00:00:00,245,38
2008-11-28 00:00:00,245,27
2008-11-29 00:00:00,246,24
2008-11-30 00:00:00,244,16
2008-12-01 00:00:00,242,25
2008-12-02 00:00:00,243,32
2008-12-03 00:00:00,246,36
2008-12-04 00:00:00,248,35
2008-12-05 00:00:00,248,37
2008-12-06 00:00:00,247,47
2008-12-07 00:00:00,248,50
2008-12-08 00:00:00,251,42
2008-12-09 00:00:00,252,37
2008-12-10 00:00:00,252,29
2008-12-11 00:00:00,252,28
2008-12-12 00:00:00,253,28
2008-12-13 00:00:00,258,19
2008-12-14 00:00:00,258,15
2008-12-15 00:00:00,255,18
2008-12-16 00:00:00,255,18
2008-12-17 00:00:00,255,16
2008-12-18 00:00:00,255,14
2008-12-19 00:00:00,253,15
2008-12-20 00:00:00,252,14
2008-12-21 00:00:00,252,14
2008-12-22 00:00:00,251,8
2008-12-23 00:00:00,243,14
2008-12-24 00:00:00,239,22
2008-12-25 00:00:00,238,28
2008-12-26 00:00:00,237,25
2008-12-27 00:00:00,237,25
2008-12-28 00:00:00,237,25
2008-12-29 00:00:00,237,25
2008-12-30 00:00:00,237,17
2008-12-31 00:00:00,238,7
2009-01-01 00:00:00,235,45
2009-01-02 00:00:00,235,55
2009-01-03 00:00:00,236,47
2009-01-04 00:00:00,236,56
2009-01-05 00:00:00,236,68
2009-01-06 00:00:00,237,68
2009-01-07 00:00:00,239,63
2009-01-08 00:00:00,240,51
2009-01-09 00:00:00,242,44
2009-01-10 00:00:00,242,44
2009-01-11 00:00:00,243,33
2009-01-12 00:00:00,245,21
2009-01-13 00:00:00,248,19
2009-01-14 00:00:00,244,24
2009-01-15 00:00:00,243,35
2009-01-16 00:00:00,243,39
2009-01-17 00:00:00,245,40
2009-01-18 00:00:00,246,47
2009-01-19 00:00:00,247,53
2009-01-20 00:00:00,247,52
2009-01-21 00:00:00,248,46
2009-01-22 00:00:00,249,37
2009-01-23 00:00:00,244,41
2009-01-24 00:00:00,241,53
2009-01-25 00:00:00,238,57
2009-01-26 00:00:00,237,57
2009-01-27 00:00:00,236,58
2009-01-28 00:00:00,235,61
2009-01-29 00:00:00,235,66
2009-01-30 00:00:00,234,67
2009-01-31 00:00:00,235,60
2009-02-01 00:00:00,235,50
2009-02-02 00:00:00,235,45
2009-02-03 00:00:00,235,45
2009-02-04 00:00:00,236,45
2009-02-05 00:00:00,236,42
2009-02-06 00:00:00,238,30
2009-02-07 00:00:00,237,26
2009-02-08 00:00:00,240,29
2009-02-09 00:00:00,241,32
2009-02-10 00:00:00,246,31
2009-02-11 00:00:00,250,24
2009-02-12 00:00:00,252,22
2009-02-13 00:00:00,252,24
2009-02-14 00:00:00,250,26
2009-02-15 00:00:00,248,28
2009-02-16 00:00:00,248,27
2009-02-17 00:00:00,249,25
2009-02-18 00:00:00,249,24
2009-02-19 00:00:00,251,23
2009-02-20 00:00:00,251,21
2009-02-21 00:00:00,250,22
2009-02-22 00:00:00,255,21
2009-02-23 00:00:00,253,22
2009-02-24 00:00:00,247,27
2009-02-25 00:00:00,246,34
2009-02-26 00:00:00,246,42
2009-02-27 00:00:00,246,46
2009-02-28 00:00:00,246,43
2009-03-01 00:00:00,243,47
2009-03-02 00:00:00,242,47
2009-03-03 00:00:00,244,42
2009-03-04 00:00:00,246,39
2009-03-05 00:00:00,246,32
2009-03-06 00:00:00,245,34
2009-03-07 00:00:00,243,39
2009-03-08 00:00:00,244,35
2009-03-09 00:00:00,244,37
2009-03-10 00:00:00,241,38
2009-03-11 00:00:00,236,37
2009-03-12 00:00:00,236,39
2009-03-13 00:00:00,235,40
2009-03-14 00:00:00,235,38
2009-03-15 00:00:00,235,41
2009-03-16 00:00:00,235,40
2009-03-17 00:00:00,235,39
2009-03-18 00:00:00,235,40
2009-03-19 00:00:00,235,41
2009-03-20 00:00:00,236,34
2009-03-21 00:00:00,236,31
2009-03-22 00:00:00,240,31
2009-03-23 00:00:00,240,34
2009-03-24 00:00:00,241,36
2009-03-25 00:00:00,241,36
2009-03-26 00:00:00,242,34
2009-03-27 00:00:00,243,38
2009-03-28 00:00:00,243,44
2009-03-29 00:00:00,244,46
2009-03-30 00:00:00,245,47
2009-03-31 00:00:00,246,50
2009-04-01 00:00:00,247,50
2009-04-02 00:00:00,247,49
2009-04-03 00:00:00,247,46
2009-04-04 00:00:00,248,42
2009-04-05 00:00:00,249,37
2009-04-06 00:00:00,249,37
2009-04-07 00:00:00,251,38
2009-04-08 00:00:00,252,34
2009-04-09 00:00:00,251,38
2009-04-10 00:00:00,251,47
2009-04-11 00:00:00,252,44
2009-04-12 00:00:00,252,45
2009-04-13 00:00:00,253,47
2009-04-14 00:00:00,254,45
2009-04-15 00:00:00,254,49
2009-04-16 00:00:00,254,46
2009-04-17 00:00:00,255,36
2009-04-18 00:00:00,257,41
2009-04-19 00:00:00,258,40
2009-04-20 00:00:00,260,30
2009-04-21 00:00:00,261,23
2009-04-22 00:00:00,265,24
2009-04-23 00:00:00,269,25
2009-04-24 00:00:00,270,36
2009-04-25 00:00:00,272,42
2009-04-26 00:00:00,272,39
2009-04-27 00:00:00,271,45
2009-04-28 00:00:00,271,45
2009-04-29 00:00:00,271,40
2009-04-30 00:00:00,269,43
2009-05-01 00:00:00,267,36
2009-05-02 00:00:00,264,24
2009-05-03 00:00:00,264,23
2009-05-04 00:00:00,263,17
2009-05-05 00:00:00,262,17
2009-05-06 00:00:00,262,17
2009-05-07 00:00:00,261,12
2009-05-08 00:00:00,257,8
2009-05-09 00:00:00,261,11
2009-05-10 00:00:00,264,20
2009-05-11 00:00:00,266,27
2009-05-12 00:00:00,267,27
2009-05-13 00:00:00,270,39
2009-05-14 00:00:00,271,45
2009-05-15 00:00:00,272,52
2009-05-16 00:00:00,272,51
2009-05-17 00:00:00,273,43
2009-05-18 00:00:00,276,41
2009-05-19 00:00:00,278,46
2009-05-20 00:00:00,278,34
2009-05-21 00:00:00,279,26
2009-05-22 00:00:00,281,20
2009-05-23 00:00:00,281,18
2009-05-24 00:00:00,279,18
2009-05-25 00:00:00,279,14
2009-05-26 00:00:00,271,9
2009-05-27 00:00:00,271,8
2009-05-28 00:00:00,271,8
2009-05-29 00:00:00,281,14
2009-05-30 00:00:00,284,20
2009-05-31 00:00:00,284,23
2009-06-01 00:00:00,284,21
2009-06-02 00:00:00,284,28
2009-06-03 00:00:00,283,36
2009-06-04 00:00:00,283,36
2009-06-05 00:00:00,284,40
2009-06-06 00:00:00,283,40
2009-06-07 00:00:00,283,41
2009-06-08 00:00:00,283,43
2009-06-09 00:00:00,283,42
2009-06-10 00:00:00,284,45
2009-06-11 00:00:00,285,55
2009-06-12 00:00:00,285,51
2009-06-13 00:00:00,284,51
2009-06-14 00:00:00,285,47
2009-06-15 00:00:00,284,55
2009-06-16 00:00:00,284,55
2009-06-17 00:00:00,284,51
2009-06-18 00:00:00,283,50
2009-06-19 00:00:00,282,52
2009-06-20 00:00:00,283,45
2009-06-21 00:00:00,283,43
2009-06-22 00:00:00,283,36
2009-06-23 00:00:00,282,37
2009-06-24 00:00:00,283,39
2009-06-25 00:00:00,283,35
2009-06-26 00:00:00,286,36
2009-06-27 00:00:00,286,48
2009-06-28 00:00:00,285,58
2009-06-29 00:00:00,286,65
2009-06-30 00:00:00,286,61
2009-07-01 00:00:00,287,54
2009-07-02 00:00:00,287,50
2009-07-03 00:00:00,286,40
2009-07-04 00:00:00,285,29
2009-07-05 00:00:00,286,19
2009-07-06 00:00:00,287,17
2009-07-07 00:00:00,289,17
2009-07-08 00:00:00,289,22
2009-07-09 00:00:00,289,33
2009-07-10 00:00:00,289,41
2009-07-11 00:00:00,289,42
2009-07-12 00:00:00,289,52
2009-07-13 00:00:00,288,55
2009-07-14 00:00:00,288,59
2009-07-15 00:00:00,287,58
2009-07-16 00:00:00,286,52
2009-07-17 00:00:00,286,44
2009-07-18 00:00:00,285,48
2009-07-19 00:00:00,286,42
2009-07-20 00:00:00,285,36
2009-07-21 00:00:00,285,28
2009-07-22 00:00:00,286,26
2009-07-23 00:00:00,287,21
2009-07-24 00:00:00,288,26
2009-07-25 00:00:00,289,21
2009-07-26 00:00:00,288,18
2009-07-27 00:00:00,289,20
2009-07-28 00:00:00,288,26
2009-07-29 00:00:00,288,26
2009-07-30 00:00:00,288,28
2009-07-31 00:00:00,287,24
2009-08-01 00:00:00,286,29
2009-08-02 00:00:00,286,28
2009-08-03 00:00:00,286,23
2009-08-04 00:00:00,285,17
2009-08-05 00:00:00,281,23
2009-08-06 00:00:00,280,22
2009-08-07 00:00:00,280,28
2009-08-08 00:00:00,280,30
2009-08-09 00:00:00,279,32
2009-08-10 00:00:00,279,33
2009-08-11 00:00:00,279,35
2009-08-12 00:00:00,279,27
2009-08-13 00:00:00,278,29
2009-08-14 00:00:00,278,31
2009-08-15 00:00:00,278,31
2009-08-16 00:00:00,278,35
2009-08-17 00:00:00,279,36
2009-08-18 00:00:00,279,35
2009-08-19 00:00:00,278,34
2009-08-20 00:00:00,278,32
2009-08-21 00:00:00,279,31
2009-08-22 00:00:00,278,23
2009-08-23 00:00:00,277,21
2009-08-24 00:00:00,277,20
2009-08-25 00:00:00,277,20
2009-08-26 00:00:00,277,19
2009-08-27 00:00:00,278,23
2009-08-28 00:00:00,277,20
2009-08-29 00:00:00,278,23
2009-08-30 00:00:00,281,29
2009-08-31 00:00:00,282,27
2009-09-01 00:00:00,282,25
2009-09-02 00:00:00,282,27
2009-09-03 00:00:00,281,32
2009-09-04 00:00:00,280,38
2009-09-05 00:00:00,280,36
2009-09-06 00:00:00,278,30
2009-09-07 00:00:00,277,30
2009-09-08 00:00:00,278,32
2009-09-09 00:00:00,278,37
2009-09-10 00:00:00,278,35
2009-09-11 00:00:00,277,25
2009-09-12 00:00:00,277,24
2009-09-13 00:00:00,278,20
2009-09-14 00:00:00,277,21
2009-09-15 00:00:00,274,24
2009-09-16 00:00:00,270,21
2009-09-17 00:00:00,263,13
2009-09-18 00:00:00,262,15
2009-09-19 00:00:00,262,20
2009-09-20 00:00:00,262,27
2009-09-21 00:00:00,262,26
2009-09-22 00:00:00,261,24
2009-09-23 00:00:00,258,30
2009-09-24 00:00:00,256,40
2009-09-25 00:00:00,255,47
2009-09-26 00:00:00,254,53
2009-09-27 00:00:00,253,47
2009-09-28 00:00:00,254,56
2009-09-29 00:00:00,255,57
2009-09-30 00:00:00,255,52
2009-10-01 00:00:00,256,52
2009-10-02 00:00:00,258,49
2009-10-03 00:00:00,259,39
2009-10-04 00:00:00,260,41
2009-10-05 00:00:00,260,33
2009-10-06 00:00:00,262,37
2009-10-07 00:00:00,264,36
2009-10-08 00:00:00,268,26
2009-10-09 00:00:00,269,20
2009-10-10 00:00:00,268,23
2009-10-11 00:00:00,268,24
2009-10-12 00:00:00,268,23
2009-10-13 00:00:00,-999,15
2009-10-14 00:00:00,-999,13
2009-10-15 00:00:00,-999,14
2009-10-16 00:00:00,-999,16
2009-10-17 00:00:00,255,23
2009-10-18 00:00:00,254,32
2009-10-19 00:00:00,255,36
2009-10-20 00:00:00,256,37
2009-10-21 00:00:00,256,35
2009-10-22 00:00:00,256,37
2009-10-23 00:00:00,257,38
2009-10-24 00:00:00,257,31
2009-10-25 00:00:00,256,25
2009-10-26 00:00:00,252,26
2009-10-27 00:00:00,249,33
2009-10-28 00:00:00,246,45
2009-10-29 00:00:00,245,53
2009-10-30 00:00:00,244,58
2009-10-31 00:00:00,244,59
2009-11-01 00:00:00,243,54
2009-11-02 00:00:00,243,56
2009-11-03 00:00:00,243,53
2009-11-04 00:00:00,245,43
2009-11-05 00:00:00,245,35
2009-11-06 00:00:00,246,27
2009-11-07 00:00:00,245,24
2009-11-08 00:00:00,244,29
2009-11-09 00:00:00,242,29
2009-11-10 00:00:00,242,27
2009-11-11 00:00:00,242,29
2009-11-12 00:00:00,241,27
2009-11-13 00:00:00,241,27
2009-11-14 00:00:00,241,28
2009-11-15 00:00:00,241,28
2009-11-16 00:00:00,240,33
2009-11-17 00:00:00,240,40
2009-11-18 00:00:00,241,45
2009-11-19 00:00:00,241,53
2009-11-20 00:00:00,242,62
2009-11-21 00:00:00,242,64
2009-11-22 00:00:00,242,63
2009-11-23 00:00:00,244,56
2009-11-24 00:00:00,245,51
2009-11-25 00:00:00,248,51
2009-11-26 00:00:00,250,46
2009-11-27 00:00:00,252,37
2009-11-28 00:00:00,252,40
2009-11-29 00:00:00,251,35
2009-11-30 00:00:00,254,35
2009-12-01 00:00:00,257,36
2009-12-02 00:00:00,258,37
2009-12-03 00:00:00,258,36
2009-12-04 00:00:00,260,44
2009-12-05 00:00:00,262,44
2009-12-06 00:00:00,262,49
2009-12-07 00:00:00,262,43
2009-12-08 00:00:00,260,40
2009-12-09 00:00:00,252,41
2009-12-10 00:00:00,250,39
2009-12-11 00:00:00,244,37
2009-12-12 00:00:00,240,32
2009-12-13 00:00:00,237,31
2009-12-14 00:00:00,242,42
2009-12-15 00:00:00,243,41
2009-12-16 00:00:00,250,40
2009-12-17 00:00:00,252,49
2009-12-18 00:00:00,253,54
2009-12-19 00:00:00,251,63
2009-12-20 00:00:00,249,70
2009-12-21 00:00:00,248,70
2009-12-22 00:00:00,247,80
2009-12-23 00:00:00,245,84
2009-12-24 00:00:00,246,82
2009-12-25 00:00:00,245,70
2009-12-26 00:00:00,246,58
2009-12-27 00:00:00,248,46
2009-12-28 00:00:00,249,35
2009-12-29 00:00:00,252,23
2009-12-30 00:00:00,259,9
2009-12-31 00:00:00,-999,-999
2010-01-01 00:00:00,-999,3
2010-01-02 00:00:00,-999,4
2010-01-03 00:00:00,232,11
2010-01-04 00:00:00,231,17
2010-01-05 00:00:00,230,17
2010-01-06 00:00:00,230,17
2010-01-07 00:00:00,230,17
2010-01-08 00:00:00,230,17
2010-01-09 00:00:00,230,16
2010-01-10 00:00:00,231,9
2010-01-11 00:00:00,234,9
2010-01-12 00:00:00,232,17
2010-01-13 00:00:00,232,26
2010-01-14 00:00:00,232,38
2010-01-15 00:00:00,233,42
2010-01-16 00:00:00,234,48
2010-01-17 00:00:00,235,52
2010-01-18 00:00:00,235,46
2010-01-19 00:00:00,241,44
2010-01-20 00:00:00,244,35
2010-01-21 00:00:00,249,23
2010-01-22 00:00:00,250,21
2010-01-23 00:00:00,253,17
2010-01-24 00:00:00,253,13
2010-01-25 00:00:00,253,13
2010-01-26 00:00:00,243,5
2010-01-27 00:00:00,243,5
2010-01-28 00:00:00,243,5
2010-01-29 00:00:00,243,3
2010-01-30 00:00:00,-999,3
2010-01-31 00:00:00,240,4
2010-02-01 00:00:00,240,5
2010-02-02 00:00:00,241,6
2010-02-03 00:00:00,240,12
2010-02-04 00:00:00,240,14
2010-02-05 00:00:00,241,17
2010-02-06 00:00:00,241,19
2010-02-07 00:00:00,242,18
2010-02-08 00:00:00,241,17
2010-02-09 00:00:00,241,18
2010-02-10 00:00:00,248,19
2010-02-11 00:00:00,249,22
2010-02-12 00:00:00,249,24
2010-02-13 00:00:00,250,21
2010-02-14 00:00:00,250,21
2010-02-15 00:00:00,250,21
2010-02-16 00:00:00,251,19
2010-02-17 00:00:00,251,13
2010-02-18 00:00:00,248,10
2010-02-19 00:00:00,-999,7
2010-02-20 00:00:00,-999,10
2010-02-21 00:00:00,-999,16
2010-02-22 00:00:00,-999,20
2010-02-23 00:00:00,-999,19
2010-02-24 00:00:00,-999,20
2010-02-25 00:00:00,-999,20
2010-02-26 00:00:00,-999,18
2010-02-27 00:00:00,-999,17
2010-02-28 00:00:00,241,14
2010-03-01 00:00:00,243,10
2010-03-02 00:00:00,243,11
2010-03-03 00:00:00,243,9
2010-03-04 00:00:00,243,7
2010-03-05 00:00:00,243,9
2010-03-06 00:00:00,242,10
2010-03-07 00:00:00,240,10
2010-03-08 00:00:00,239,13
2010-03-09 00:00:00,239,14
2010-03-10 00:00:00,240,17
2010-03-11 00:00:00,243,21
2010-03-12 00:00:00,245,21
2010-03-13 00:00:00,246,17
2010-03-14 00:00:00,247,19
2010-03-15 00:00:00,247,21
2010-03-16 00:00:00,246,26
2010-03-17 00:00:00,245,31
2010-03-18 00:00:00,244,30
2010-03-19 00:00:00,243,34
2010-03-20 00:00:00,243,34
2010-03-21 00:00:00,242,32
2010-03-22 00:00:00,242,31
2010-03-23 00:00:00,242,24
2010-03-24 00:00:00,244,18
2010-03-25 00:00:00,246,23
2010-03-26 00:00:00,248,19
2010-03-27 00:00:00,248,19
2010-03-28 00:00:00,249,16
2010-03-29 00:00:00,250,12
2010-03-30 00:00:00,250,12
2010-03-31 00:00:00,250,10
2010-04-01 00:00:00,249,2
2010-04-02 00:00:00,-999,-999
2010-04-03 00:00:00,250,2
2010-04-04 00:00:00,251,5
2010-04-05 00:00:00,253,6
2010-04-06 00:00:00,253,6
2010-04-07 00:00:00,253,6
2010-04-08 00:00:00,253,6
2010-04-09 00:00:00,254,7
2010-04-10 00:00:00,257,7
2010-04-11 00:00:00,263,9
2010-04-12 00:00:00,264,16
2010-04-13 00:00:00,264,18
2010-04-14 00:00:00,264,18
2010-04-15 00:00:00,264,19
2010-04-16 00:00:00,265,26
2010-04-17 00:00:00,266,24
2010-04-18 00:00:00,267,21
2010-04-19 00:00:00,267,13
2010-04-20 00:00:00,267,12
2010-04-21 00:00:00,267,12
2010-04-22 00:00:00,267,12
2010-04-23 00:00:00,265,4
2010-04-24 00:00:00,265,4
2010-04-25 00:00:00,-999,2
2010-04-26 00:00:00,-999,2
2010-04-27 00:00:00,-999,1
2010-04-28 00:00:00,-999,1
2010-04-29 00:00:00,-999,-999
2010-04-30 00:00:00,-999,-999
2010-05-01 00:00:00,260,10
2010-05-02 00:00:00,260,13
2010-05-03 00:00:00,259,15
2010-05-04 00:00:00,259,15
2010-05-05 00:00:00,259,15
2010-05-06 00:00:00,259,18
2010-05-07 00:00:00,259,18
2010-05-08 00:00:00,260,11
2010-05-09 00:00:00,-999,8
2010-05-10 00:00:00,-999,6
2010-05-11 00:00:00,-999,6
2010-05-12 00:00:00,-999,6
2010-05-13 00:00:00,-999,3
2010-05-14 00:00:00,269,5
2010-05-15 00:00:00,-999,2
2010-05-16 00:00:00,269,3
2010-05-17 00:00:00,269,3
2010-05-18 00:00:00,269,3
2010-05-19 00:00:00,271,5
2010-05-20 00:00:00,272,8
2010-05-21 00:00:00,273,6
2010-05-22 00:00:00,273,6
2010-05-23 00:00:00,274,6
2010-05-24 00:00:00,273,7
2010-05-25 00:00:00,273,7
2010-05-26 00:00:00,274,5
2010-05-27 00:00:00,-999,2
2010-05-28 00:00:00,-999,2
2010-05-29 00:00:00,279,3
2010-05-30 00:00:00,279,5
2010-05-31 00:00:00,-999,6
2010-06-01 00:00:00,-999,11
2010-06-02 00:00:00,287,15
2010-06-03 00:00:00,288,19
2010-06-04 00:00:00,288,19
2010-06-05 00:00:00,288,18
2010-06-06 00:00:00,288,22
2010-06-07 00:00:00,287,26
2010-06-08 00:00:00,287,25
2010-06-09 00:00:00,286,22
2010-06-10 00:00:00,286,18
2010-06-11 00:00:00,286,21
2010-06-12 00:00:00,286,26
2010-06-13 00:00:00,286,22
2010-06-14 00:00:00,285,20
2010-06-15 00:00:00,285,25
2010-06-16 00:00:00,286,25
2010-06-17 00:00:00,286,31
2010-06-18 00:00:00,286,36
2010-06-19 00:00:00,285,38
2010-06-20 00:00:00,285,35
2010-06-21 00:00:00,285,31
2010-06-22 00:00:00,287,31
2010-06-23 00:00:00,287,32
2010-06-24 00:00:00,287,28
2010-06-25 00:00:00,289,26
2010-06-26 00:00:00,291,25
2010-06-27 00:00:00,291,25
2010-06-28 00:00:00,291,27
2010-06-29 00:00:00,290,18
2010-06-30 00:00:00,291,16
2010-07-01 00:00:00,291,14
2010-07-02 00:00:00,291,9
2010-07-03 00:00:00,294,10
2010-07-04 00:00:00,294,10
2010-07-05 00:00:00,294,8
2010-07-06 00:00:00,293,9
2010-07-07 00:00:00,293,9
2010-07-08 00:00:00,291,10
2010-07-09 00:00:00,292,9
2010-07-10 00:00:00,-999,2
2010-07-11 00:00:00,-999,2
2010-07-12 00:00:00,-999,2
2010-07-13 00:00:00,-999,1
2010-07-14 00:00:00,-999,1
2010-07-15 00:00:00,-999,-999
2010-07-16 00:00:00,-999,2
2010-07-17 00:00:00,288,9
2010-07-18 00:00:00,288,10
2010-07-19 00:00:00,288,12
2010-07-20 00:00:00,288,12
2010-07-21 00:00:00,288,12
2010-07-22 00:00:00,288,12
2010-07-23 00:00:00,289,10
2010-07-24 00:00:00,287,5
2010-07-25 00:00:00,290,6
2010-07-26 00:00:00,290,4
2010-07-27 00:00:00,291,7
2010-07-28 00:00:00,292,8
2010-07-29 00:00:00,292,10
2010-07-30 00:00:00,292,10
2010-07-31 00:00:00,294,8
2010-08-01 00:00:00,294,6
2010-08-02 00:00:00,294,6
2010-08-03 00:00:00,294,3
2010-08-04 00:00:00,-999,2
2010-08-05 00:00:00,-999,-999
2010-08-06 00:00:00,-999,-999
2010-08-07 00:00:00,-999,1
2010-08-08 00:00:00,283,3
2010-08-09 00:00:00,286,5
2010-08-10 00:00:00,286,5
2010-08-11 00:00:00,286,5
2010-08-12 00:00:00,286,5
2010-08-13 00:00:00,286,5
2010-08-14 00:00:00,287,4
2010-08-15 00:00:00,287,4
2010-08-16 00:00:00,-999,2
2010-08-17 00:00:00,-999,2
2010-08-18 00:00:00,-999,2
2010-08-19 00:00:00,283,10
2010-08-20 00:00:00,283,16
2010-08-21 00:00:00,283,21
2010-08-22 00:00:00,284,24
2010-08-23 00:00:00,283,26
2010-08-24 00:00:00,283,31
2010-08-25 00:00:00,283,31
2010-08-26 00:00:00,282,27
2010-08-27 00:00:00,282,28
2010-08-28 00:00:00,281,29
2010-08-29 00:00:00,281,24
2010-08-30 00:00:00,281,22
2010-08-31 00:00:00,280,18
2010-09-01 00:00:00,281,21
2010-09-02 00:00:00,281,18
2010-09-03 00:00:00,280,11
2010-09-04 00:00:00,281,11
2010-09-05 00:00:00,281,17
2010-09-06 00:00:00,281,18
2010-09-07 00:00:00,282,18
2010-09-08 00:00:00,281,20
2010-09-09 00:00:00,281,24
2010-09-10 00:00:00,281,24
2010-09-11 00:00:00,282,18
2010-09-12 00:00:00,281,15
2010-09-13 00:00:00,280,19
2010-09-14 00:00:00,280,18
2010-09-15 00:00:00,280,13
2010-09-16 00:00:00,278,8
2010-09-17 00:00:00,277,9
2010-09-18 00:00:00,276,10
2010-09-19 00:00:00,275,7
2010-09-20 00:00:00,-999,2
2010-09-21 00:00:00,-999,2
2010-09-22 00:00:00,-999,2
2010-09-23 00:00:00,-999,2
2010-09-24 00:00:00,-999,1
2010-09-25 00:00:00,-999,-999
2010-09-26 00:00:00,-999,-999
2010-09-27 00:00:00,-999,-999
2010-09-28 00:00:00,-999,-999
2010-09-29 00:00:00,-999,-999
2010-09-30 00:00:00,-999,-999
2011-01-01 00:00:00,251,39
2011-01-02 00:00:00,255,40
2011-01-03 00:00:00,256,42
2011-01-04 00:00:00,257,44
2011-01-05 00:00:00,256,47
2011-01-06 00:00:00,254,52
2011-01-07 00:00:00,252,60
2011-01-08 00:00:00,251,62
2011-01-09 00:00:00,250,60
2011-01-10 00:00:00,248,67
2011-01-11 00:00:00,247,62
2011-01-12 00:00:00,245,50
2011-01-13 00:00:00,244,41
2011-01-14 00:00:00,242,41
2011-01-15 00:00:00,238,41
2011-01-16 00:00:00,236,39
2011-01-17 00:00:00,232,41
2011-01-18 00:00:00,231,54
2011-01-19 00:00:00,231,64
2011-01-20 00:00:00,232,71
2011-01-21 00:00:00,233,66
2011-01-22 00:00:00,233,59
2011-01-23 00:00:00,233,54
2011-01-24 00:00:00,235,45
2011-01-25 00:00:00,241,39
2011-01-26 00:00:00,245,33
2011-01-27 00:00:00,247,26
2011-01-28 00:00:00,251,31
2011-01-29 00:00:00,251,36
2011-01-30 00:00:00,252,39
2011-01-31 00:00:00,251,43
2011-02-01 00:00:00,249,46
2011-02-02 00:00:00,249,44
2011-02-03 00:00:00,249,42
2011-02-04 00:00:00,248,36
2011-02-05 00:00:00,244,37
2011-02-06 00:00:00,242,41
2011-02-07 00:00:00,241,36
2011-02-08 00:00:00,240,31
2011-02-09 00:00:00,240,41
2011-02-10 00:00:00,241,48
2011-02-11 00:00:00,242,48
2011-02-12 00:00:00,246,42
2011-02-13 00:00:00,248,38
2011-02-14 00:00:00,248,39
2011-02-15 00:00:00,248,34
2011-02-16 00:00:00,249,27
2011-02-17 00:00:00,250,21
2011-02-18 00:00:00,246,18
2011-02-19 00:00:00,244,14
2011-02-20 00:00:00,245,11
2011-02-21 00:00:00,245,15
2011-02-22 00:00:00,246,19
2011-02-23 00:00:00,248,18
2011-02-24 00:00:00,248,23
2011-02-25 00:00:00,249,31
2011-02-26 00:00:00,249,40
2011-02-27 00:00:00,249,48
2011-02-28 00:00:00,250,49
2011-03-01 00:00:00,250,51
2011-03-02 00:00:00,249,57
2011-03-03 00:00:00,249,61
2011-03-04 00:00:00,249,60
2011-03-05 00:00:00,250,62
2011-03-06 00:00:00,249,62
2011-03-07 00:00:00,247,64
2011-03-08 00:00:00,247,68
2011-03-09 00:00:00,247,69
2011-03-10 00:00:00,247,62
2011-03-11 00:00:00,246,63
2011-03-12 00:00:00,245,59
2011-03-13 00:00:00,247,59
2011-03-14 00:00:00,248,54
2011-03-15 00:00:00,251,55
2011-03-16 00:00:00,254,56
2011-03-17 00:00:00,255,59
2011-03-18 00:00:00,257,58
2011-03-19 00:00:00,257,60
2011-03-20 00:00:00,257,59
2011-03-21 00:00:00,258,55
2011-03-22 00:00:00,257,48
2011-03-23 00:00:00,256,38
2011-03-24 00:00:00,255,36
2011-03-25 00:00:00,253,39
2011-03-26 00:00:00,251,39
2011-03-27 00:00:00,250,42
2011-03-28 00:00:00,249,50
2011-03-29 00:00:00,249,49
2011-03-30 00:00:00,249,50
2011-03-31 00:00:00,248,52
2011-04-01 00:00:00,248,44
2011-04-02 00:00:00,248,43
2011-04-03 00:00:00,247,42
2011-04-04 00:00:00,247,42
2011-04-05 00:00:00,246,48
2011-04-06 00:00:00,245,55
2011-04-07 00:00:00,245,56
2011-04-08 00:00:00,245,63
2011-04-09 00:00:00,246,63
2011-04-10 00:00:00,247,61
2011-04-11 00:00:00,249,57
2011-04-12 00:00:00,251,49
2011-04-13 00:00:00,253,43
2011-04-14 00:00:00,255,42
2011-04-15 00:00:00,257,35
2011-04-16 00:00:00,255,33
2011-04-17 00:00:00,253,33
2011-04-18 00:00:00,250,36
2011-04-19 00:00:00,250,46
2011-04-20 00:00:00,251,53
2011-04-21 00:00:00,252,54
2011-04-22 00:00:00,252,61
2011-04-23 00:00:00,253,65
2011-04-24 00:00:00,254,67
2011-04-25 00:00:00,256,61
2011-04-26 00:00:00,257,51
2011-04-27 00:00:00,257,44
2011-04-28 00:00:00,257,48
2011-04-29 00:00:00,257,49
2011-04-30 00:00:00,259,49
2011-05-01 00:00:00,260,41
2011-05-02 00:00:00,260,44
2011-05-03 00:00:00,259,47
2011-05-04 00:00:00,259,45
2011-05-05 00:00:00,260,39
2011-05-06 00:00:00,262,38
2011-05-07 00:00:00,263,38
2011-05-08 00:00:00,265,47
2011-05-09 00:00:00,266,48
2011-05-10 00:00:00,266,46
2011-05-11 00:00:00,267,46
2011-05-12 00:00:00,268,44
2011-05-13 00:00:00,269,43
2011-05-14 00:00:00,271,45
2011-05-15 00:00:00,271,41
2011-05-16 00:00:00,272,44
2011-05-17 00:00:00,273,53
2011-05-18 00:00:00,273,61
2011-05-19 00:00:00,274,60
2011-05-20 00:00:00,274,54
2011-05-21 00:00:00,275,48
2011-05-22 00:00:00,277,49
2011-05-23 00:00:00,279,50
2011-05-24 00:00:00,281,47
2011-05-25 00:00:00,282,37
2011-05-26 00:00:00,282,36
2011-05-27 00:00:00,280,43
2011-05-28 00:00:00,280,44
2011-05-29 00:00:00,279,40
2011-05-30 00:00:00,279,30
2011-05-31 00:00:00,279,29
2011-06-01 00:00:00,279,37
2011-06-02 00:00:00,279,42
2011-06-03 00:00:00,280,42
2011-06-04 00:00:00,280,42
2011-06-05 00:00:00,279,47
2011-06-06 00:00:00,279,49
2011-06-07 00:00:00,278,42
2011-06-08 00:00:00,278,38
2011-06-09 00:00:00,280,41
2011-06-10 00:00:00,282,39
2011-06-11 00:00:00,284,43
2011-06-12 00:00:00,286,43
2011-06-13 00:00:00,287,53
2011-06-14 00:00:00,287,62
2011-06-15 00:00:00,287,61
2011-06-16 00:00:00,287,56
2011-06-17 00:00:00,287,51
2011-06-18 00:00:00,286,46
2011-06-19 00:00:00,286,49
2011-06-20 00:00:00,288,48
2011-06-21 00:00:00,291,52
2011-06-22 00:00:00,291,60
2011-06-23 00:00:00,291,57
2011-06-24 00:00:00,291,55
2011-06-25 00:00:00,291,51
2011-06-26 00:00:00,291,47
2011-06-27 00:00:00,289,43
2011-06-28 00:00:00,286,30
2011-06-29 00:00:00,286,28
2011-06-30 00:00:00,287,39
2011-07-01 00:00:00,288,50
2011-07-02 00:00:00,288,54
2011-07-03 00:00:00,288,56
2011-07-04 00:00:00,288,55
2011-07-05 00:00:00,288,55
2011-07-06 00:00:00,287,47
2011-07-07 00:00:00,286,36
2011-07-08 00:00:00,285,26
2011-07-09 00:00:00,284,25
2011-07-10 00:00:00,284,15
2011-07-11 00:00:00,286,17
2011-07-12 00:00:00,286,26
2011-07-13 00:00:00,287,37
2011-07-14 00:00:00,287,41
2011-07-15 00:00:00,287,43
2011-07-16 00:00:00,287,45
2011-07-17 00:00:00,287,47
2011-07-18 00:00:00,287,43
2011-07-19 00:00:00,287,35
2011-07-20 00:00:00,285,30
2011-07-21 00:00:00,285,36
2011-07-22 00:00:00,287,41
2011-07-23 00:00:00,286,37
2011-07-24 00:00:00,286,36
2011-07-25 00:00:00,286,36
2011-07-26 00:00:00,286,38
2011-07-27 00:00:00,286,32
2011-07-28 00:00:00,285,28
2011-07-29 00:00:00,284,26
2011-07-30 00:00:00,284,27
2011-07-31 00:00:00,284,29
2011-08-01 00:00:00,284,27
2011-08-02 00:00:00,284,31
2011-08-03 00:00:00,284,39
2011-08-04 00:00:00,284,34
2011-08-05 00:00:00,284,35
2011-08-06 00:00:00,284,42
2011-08-07 00:00:00,285,45
2011-08-08 00:00:00,285,46
2011-08-09 00:00:00,285,41
2011-08-10 00:00:00,285,35
2011-08-11 00:00:00,284,36
2011-08-12 00:00:00,283,38
2011-08-13 00:00:00,281,37
2011-08-14 00:00:00,279,37
2011-08-15 00:00:00,279,37
2011-08-16 00:00:00,279,45
2011-08-17 00:00:00,279,44
2011-08-18 00:00:00,279,47
2011-08-19 00:00:00,280,45
2011-08-20 00:00:00,280,43
2011-08-21 00:00:00,281,46
2011-08-22 00:00:00,281,54
2011-08-23 00:00:00,282,51
2011-08-24 00:00:00,282,60
2011-08-25 00:00:00,282,59
2011-08-26 00:00:00,282,57
2011-08-27 00:00:00,283,49
2011-08-28 00:00:00,282,40
2011-08-29 00:00:00,282,30
2011-08-30 00:00:00,282,24
2011-08-31 00:00:00,280,13
2011-09-01 00:00:00,279,8
2011-09-02 00:00:00,275,2
2011-09-03 00:00:00,274,3
2011-09-04 00:00:00,268,4
2011-09-05 00:00:00,263,4
2011-09-06 00:00:00,278,13
2011-09-07 00:00:00,278,24
2011-09-08 00:00:00,278,31
2011-09-09 00:00:00,278,32
2011-09-10 00:00:00,278,32
2011-09-11 00:00:00,279,33
2011-09-12 00:00:00,279,32
2011-09-13 00:00:00,278,23
2011-09-14 00:00:00,277,13
2011-09-15 00:00:00,-999,10
2011-09-16 00:00:00,-999,10
2011-09-17 00:00:00,-999,10
2011-09-18 00:00:00,-999,11
2011-09-19 00:00:00,268,16
2011-09-20 00:00:00,268,19
2011-09-21 00:00:00,267,23
2011-09-22 00:00:00,267,20
2011-09-23 00:00:00,267,20
2011-09-24 00:00:00,267,19
2011-09-25 00:00:00,266,19
2011-09-26 00:00:00,265,17
2011-09-27 00:00:00,265,18
2011-09-28 00:00:00,266,15
2011-09-29 00:00:00,265,16
2011-09-30 00:00:00,265,19
2011-10-01 00:00:00,265,21
2011-10-02 00:00:00,264,19
2011-10-03 00:00:00,265,17
2011-10-04 00:00:00,265,14
2011-10-05 00:00:00,264,15
2011-10-06 00:00:00,261,24
2011-10-07 00:00:00,260,25
2011-10-08 00:00:00,261,31
2011-10-09 00:00:00,261,36
2011-10-10 00:00:00,261,39
2011-10-11 00:00:00,261,42
2011-10-12 00:00:00,261,41
2011-10-13 00:00:00,262,36
2011-10-14 00:00:00,262,32
2011-10-15 00:00:00,262,26
2011-10-16 00:00:00,263,21
2011-10-17 00:00:00,262,17
2011-10-18 00:00:00,258,19
2011-10-19 00:00:00,256,21
2011-10-20 00:00:00,255,18
2011-10-21 00:00:00,254,21
2011-10-22 00:00:00,254,20
2011-10-23 00:00:00,254,24
2011-10-24 00:00:00,254,29
2011-10-25 00:00:00,254,25
2011-10-26 00:00:00,255,21
2011-10-27 00:00:00,255,21
2011-10-28 00:00:00,255,19
2011-10-29 00:00:00,255,19
2011-10-30 00:00:00,253,18
2011-10-31 00:00:00,251,17
2011-11-01 00:00:00,249,14
2011-11-02 00:00:00,249,23
2011-11-03 00:00:00,248,24
2011-11-04 00:00:00,248,23
2011-11-05 00:00:00,247,30
2011-11-06 00:00:00,246,33
2011-11-07 00:00:00,246,29
2011-11-08 00:00:00,246,29
2011-11-09 00:00:00,245,20
2011-11-10 00:00:00,244,16
2011-11-11 00:00:00,244,17
2011-11-12 00:00:00,242,21
2011-11-13 00:00:00,242,22
2011-11-14 00:00:00,242,22
2011-11-15 00:00:00,242,22
2011-11-16 00:00:00,240,28
2011-11-17 00:00:00,236,43
2011-11-18 00:00:00,236,49
2011-11-19 00:00:00,235,48
2011-11-20 00:00:00,233,52
2011-11-21 00:00:00,233,64
2011-11-22 00:00:00,233,74
2011-11-23 00:00:00,233,73
2011-11-24 00:00:00,234,60
2011-11-25 00:00:00,235,53
2011-11-26 00:00:00,234,43
2011-11-27 00:00:00,235,35
2011-11-28 00:00:00,238,25
2011-11-29 00:00:00,242,15
2011-11-30 00:00:00,244,16
2011-12-01 00:00:00,245,19
2011-12-02 00:00:00,245,19
2011-12-03 00:00:00,246,19
2011-12-04 00:00:00,250,21
2011-12-05 00:00:00,251,24
2011-12-06 00:00:00,251,25
2011-12-07 00:00:00,252,23
2011-12-08 00:00:00,252,21
2011-12-09 00:00:00,244,32
2011-12-10 00:00:00,241,41
2011-12-11 00:00:00,239,46
2011-12-12 00:00:00,238,52
2011-12-13 00:00:00,238,55
2011-12-14 00:00:00,238,54
2011-12-15 00:00:00,238,55
2011-12-16 00:00:00,239,54
2011-12-17 00:00:00,240,52
2011-12-18 00:00:00,239,49
2011-12-19 00:00:00,237,48
2011-12-20 00:00:00,236,51
2011-12-21 00:00:00,236,54
2011-12-22 00:00:00,236,59
2011-12-23 00:00:00,236,54
2011-12-24 00:00:00,236,53
2011-12-25 00:00:00,236,56
2011-12-26 00:00:00,236,54
2011-12-27 00:00:00,236,47
2011-12-28 00:00:00,236,44
2011-12-29 00:00:00,235,40
2011-12-30 00:00:00,235,38
2011-12-31 00:00:00,235,34
2012-01-01 00:00:00,236,30
2012-01-02 00:00:00,238,31
2012-01-03 00:00:00,239,39
2012-01-04 00:00:00,239,37
2012-01-05 00:00:00,240,33
2012-01-06 00:00:00,240,38
2012-01-07 00:00:00,240,43
2012-01-08 00:00:00,240,38
2012-01-09 00:00:00,240,35
2012-01-10 00:00:00,240,27
2012-01-11 00:00:00,240,26
2012-01-12 00:00:00,240,26
2012-01-13 00:00:00,241,19
2012-01-14 00:00:00,242,12
2012-01-15 00:00:00,241,12
2012-01-16 00:00:00,235,19
2012-01-17 00:00:00,232,31
2012-01-18 00:00:00,230,43
2012-01-19 00:00:00,230,52
2012-01-20 00:00:00,230,56
2012-01-21 00:00:00,230,60
2012-01-22 00:00:00,230,59
2012-01-23 00:00:00,230,50
2012-01-24 00:00:00,231,49
2012-01-25 00:00:00,231,49
2012-01-26 00:00:00,231,51
2012-01-27 00:00:00,233,52
2012-01-28 00:00:00,233,50
2012-01-29 00:00:00,234,55
2012-01-30 00:00:00,236,54
2012-01-31 00:00:00,238,45
2012-02-01 00:00:00,244,40
2012-02-02 00:00:00,253,40
2012-02-03 00:00:00,256,41
2012-02-04 00:00:00,257,38
2012-02-05 00:00:00,259,35
2012-02-06 00:00:00,259,33
2012-02-07 00:00:00,257,36
2012-02-08 00:00:00,255,36
2012-02-09 00:00:00,253,32
2012-02-10 00:00:00,251,27
2012-02-11 00:00:00,251,32
2012-02-12 00:00:00,248,39
2012-02-13 00:00:00,247,48
2012-02-14 00:00:00,247,50
2012-02-15 00:00:00,246,48
2012-02-16 00:00:00,244,47
2012-02-17 00:00:00,244,45
2012-02-18 00:00:00,243,45
2012-02-19 00:00:00,241,42
2012-02-20 00:00:00,240,36
2012-02-21 00:00:00,239,33
2012-02-22 00:00:00,238,35
2012-02-23 00:00:00,236,35
2012-02-24 00:00:00,235,41
2012-02-25 00:00:00,234,42
2012-02-26 00:00:00,233,39
2012-02-27 00:00:00,234,40
2012-02-28 00:00:00,236,45
2012-02-29 00:00:00,236,40
2012-03-01 00:00:00,237,37
2012-03-02 00:00:00,239,40
2012-03-03 00:00:00,239,39
2012-03-04 00:00:00,239,43
2012-03-05 00:00:00,239,38
2012-03-06 00:00:00,240,34
2012-03-07 00:00:00,240,38
2012-03-08 00:00:00,238,40
2012-03-09 00:00:00,238,36
2012-03-10 00:00:00,238,37
2012-03-11 00:00:00,237,37
2012-03-12 00:00:00,237,45
2012-03-13 00:00:00,236,46
2012-03-14 00:00:00,236,41
2012-03-15 00:00:00,236,43
2012-03-16 00:00:00,236,45
2012-03-17 00:00:00,236,48
2012-03-18 00:00:00,238,46
2012-03-19 00:00:00,238,46
2012-03-20 00:00:00,238,46
2012-03-21 00:00:00,238,52
2012-03-22 00:00:00,239,48
2012-03-23 00:00:00,240,47
2012-03-24 00:00:00,241,45
2012-03-25 00:00:00,240,49
2012-03-26 00:00:00,240,48
2012-03-27 00:00:00,240,47
2012-03-28 00:00:00,241,44
2012-03-29 00:00:00,242,45
2012-03-30 00:00:00,243,44
2012-03-31 00:00:00,245,39
2012-04-01 00:00:00,246,30
2012-04-02 00:00:00,249,33
2012-04-03 00:00:00,251,36
2012-04-04 00:00:00,253,44
2012-04-05 00:00:00,254,49
2012-04-06 00:00:00,254,54
2012-04-07 00:00:00,253,60
2012-04-08 00:00:00,254,66
2012-04-09 00:00:00,256,67
2012-04-10 00:00:00,257,69
2012-04-11 00:00:00,257,69
2012-04-12 00:00:00,258,62
2012-04-13 00:00:00,259,53
2012-04-14 00:00:00,260,49
2012-04-15 00:00:00,259,50
2012-04-16 00:00:00,257,49
2012-04-17 00:00:00,257,46
2012-04-18 00:00:00,257,40
2012-04-19 00:00:00,257,41
2012-04-20 00:00:00,257,47
2012-04-21 00:00:00,258,49
2012-04-22 00:00:00,259,49
2012-04-23 00:00:00,259,41
2012-04-24 00:00:00,259,35
2012-04-25 00:00:00,258,32
2012-04-26 00:00:00,258,30
2012-04-27 00:00:00,257,30
2012-04-28 00:00:00,256,32
2012-04-29 00:00:00,255,27
2012-04-30 00:00:00,254,30
2012-05-01 00:00:00,254,30
2012-05-02 00:00:00,255,30
2012-05-03 00:00:00,256,31
2012-05-04 00:00:00,259,31
2012-05-05 00:00:00,261,25
2012-05-06 00:00:00,264,31
2012-05-07 00:00:00,266,27
2012-05-08 00:00:00,267,28
2012-05-09 00:00:00,267,30
2012-05-10 00:00:00,268,36
2012-05-11 00:00:00,269,32
2012-05-12 00:00:00,270,39
2012-05-13 00:00:00,270,40
2012-05-14 00:00:00,272,50
2012-05-15 00:00:00,272,58
2012-05-16 00:00:00,273,59
2012-05-17 00:00:00,273,55
2012-05-18 00:00:00,274,51
2012-05-19 00:00:00,274,42
2012-05-20 00:00:00,274,32
2012-05-21 00:00:00,274,23
2012-05-22 00:00:00,273,14
2012-05-23 00:00:00,273,9
2012-05-24 00:00:00,280,11
2012-05-25 00:00:00,281,21
2012-05-26 00:00:00,281,22
2012-05-27 00:00:00,280,27
2012-05-28 00:00:00,282,34
2012-05-29 00:00:00,283,42
2012-05-30 00:00:00,283,51
2012-05-31 00:00:00,283,52
2012-06-01 00:00:00,283,50
2012-06-02 00:00:00,283,49
2012-06-03 00:00:00,284,48
2012-06-04 00:00:00,284,48
2012-06-05 00:00:00,284,45
2012-06-06 00:00:00,284,36
2012-06-07 00:00:00,285,36
2012-06-08 00:00:00,286,41
2012-06-09 00:00:00,287,53
2012-06-10 00:00:00,288,58
2012-06-11 00:00:00,287,52
2012-06-12 00:00:00,288,55
2012-06-13 00:00:00,289,66
2012-06-14 00:00:00,289,69
2012-06-15 00:00:00,290,68
2012-06-16 00:00:00,290,65
2012-06-17 00:00:00,290,68
2012-06-18 00:00:00,290,75
2012-06-19 00:00:00,289,69
2012-06-20 00:00:00,289,60
2012-06-21 00:00:00,289,54
2012-06-22 00:00:00,288,42
2012-06-23 00:00:00,288,41
2012-06-24 00:00:00,288,40
2012-06-25 00:00:00,288,32
2012-06-26 00:00:00,289,40
2012-06-27 00:00:00,289,45
2012-06-28 00:00:00,289,50
2012-06-29 00:00:00,290,61
2012-06-30 00:00:00,290,64
2012-07-01 00:00:00,290,62
2012-07-02 00:00:00,290,63
2012-07-03 00:00:00,290,60
2012-07-04 00:00:00,290,59
2012-07-05 00:00:00,290,61
2012-07-06 00:00:00,290,58
2012-07-07 00:00:00,290,51
2012-07-08 00:00:00,290,44
2012-07-09 00:00:00,289,47
2012-07-10 00:00:00,289,39
2012-07-11 00:00:00,289,32
2012-07-12 00:00:00,289,21
2012-07-13 00:00:00,287,17
2012-07-14 00:00:00,286,15
2012-07-15 00:00:00,284,14
2012-07-16 00:00:00,286,20
2012-07-17 00:00:00,286,26
2012-07-18 00:00:00,286,26
2012-07-19 00:00:00,285,27
2012-07-20 00:00:00,286,27
2012-07-21 00:00:00,287,31
2012-07-22 00:00:00,287,32
2012-07-23 00:00:00,288,29
2012-07-24 00:00:00,289,27
2012-07-25 00:00:00,289,27
2012-07-26 00:00:00,289,29
2012-07-27 00:00:00,289,27
2012-07-28 00:00:00,287,22
2012-07-29 00:00:00,287,20
2012-07-30 00:00:00,284,13
2012-07-31 00:00:00,279,9
2012-08-01 00:00:00,281,13
2012-08-02 00:00:00,281,15
2012-08-03 00:00:00,280,15
2012-08-04 00:00:00,281,14
2012-08-05 00:00:00,281,15
2012-08-06 00:00:00,282,21
2012-08-07 00:00:00,284,31
2012-08-08 00:00:00,284,30
2012-08-09 00:00:00,284,25
2012-08-10 00:00:00,284,23
2012-08-11 00:00:00,284,23
2012-08-12 00:00:00,284,26
2012-08-13 00:00:00,284,22
2012-08-14 00:00:00,284,23
2012-08-15 00:00:00,283,25
2012-08-16 00:00:00,284,31
2012-08-17 00:00:00,285,43
2012-08-18 00:00:00,285,48
2012-08-19 00:00:00,285,46
2012-08-20 00:00:00,284,45
2012-08-21 00:00:00,284,35
2012-08-22 00:00:00,285,30
2012-08-23 00:00:00,283,25
2012-08-24 00:00:00,280,13
2012-08-25 00:00:00,275,9
2012-08-26 00:00:00,274,8
2012-08-27 00:00:00,265,5
2012-08-28 00:00:00,266,4
2012-08-29 00:00:00,274,7
2012-08-30 00:00:00,277,6
2012-08-31 00:00:00,277,6
2012-09-01 00:00:00,278,8
2012-09-02 00:00:00,276,10
2012-09-03 00:00:00,276,11
2012-09-04 00:00:00,275,13
2012-09-05 00:00:00,272,16
2012-09-06 00:00:00,272,15
2012-09-07 00:00:00,272,15
2012-09-08 00:00:00,272,12
2012-09-09 00:00:00,273,11
2012-09-10 00:00:00,273,10
2012-09-11 00:00:00,-999,10
2012-09-12 00:00:00,276,9
2012-09-13 00:00:00,276,10
2012-09-14 00:00:00,276,19
2012-09-15 00:00:00,276,20
2012-09-16 00:00:00,276,19
2012-09-17 00:00:00,277,22
2012-09-18 00:00:00,277,22
2012-09-19 00:00:00,275,29
2012-09-20 00:00:00,274,31
2012-09-21 00:00:00,272,24
2012-09-22 00:00:00,272,24
2012-09-23 00:00:00,272,23
2012-09-24 00:00:00,269,27
2012-09-25 00:00:00,268,32
2012-09-26 00:00:00,267,23
2012-09-27 00:00:00,267,23
2012-09-28 00:00:00,268,22
2012-09-29 00:00:00,269,25
2012-09-30 00:00:00,269,27
2012-10-01 00:00:00,270,26
2012-10-02 00:00:00,270,22
2012-10-03 00:00:00,270,25
2012-10-04 00:00:00,269,24
2012-10-05 00:00:00,267,26
2012-10-06 00:00:00,265,23
2012-10-07 00:00:00,264,23
2012-10-08 00:00:00,259,22
2012-10-09 00:00:00,258,19
2012-10-10 00:00:00,258,18
2012-10-11 00:00:00,257,16
2012-10-12 00:00:00,258,15
2012-10-13 00:00:00,258,20
2012-10-14 00:00:00,257,27
2012-10-15 00:00:00,258,29
2012-10-16 00:00:00,257,41
2012-10-17 00:00:00,257,39
2012-10-18 00:00:00,257,44
2012-10-19 00:00:00,257,43
2012-10-20 00:00:00,257,41
2012-10-21 00:00:00,258,37
2012-10-22 00:00:00,258,30
2012-10-23 00:00:00,260,19
2012-10-24 00:00:00,260,17
2012-10-25 00:00:00,260,15
2012-10-26 00:00:00,259,16
2012-10-27 00:00:00,257,13
2012-10-28 00:00:00,254,9
2012-10-29 00:00:00,248,19
2012-10-30 00:00:00,246,26
2012-10-31 00:00:00,248,36
2012-11-01 00:00:00,247,34
2012-11-02 00:00:00,248,39
2012-11-03 00:00:00,249,47
2012-11-04 00:00:00,249,53
2012-11-05 00:00:00,251,46
2012-11-06 00:00:00,252,43
2012-11-07 00:00:00,252,34
2012-11-08 00:00:00,250,40
2012-11-09 00:00:00,250,33
2012-11-10 00:00:00,249,28
2012-11-11 00:00:00,246,25
2012-11-12 00:00:00,245,27
2012-11-13 00:00:00,241,34
2012-11-14 00:00:00,239,45
2012-11-15 00:00:00,239,40
2012-11-16 00:00:00,239,48
2012-11-17 00:00:00,238,54
2012-11-18 00:00:00,239,57
2012-11-19 00:00:00,240,58
2012-11-20 00:00:00,243,50
2012-11-21 00:00:00,244,49
2012-11-22 00:00:00,245,54
2012-11-23 00:00:00,246,52
2012-11-24 00:00:00,247,51
2012-11-25 00:00:00,248,48
2012-11-26 00:00:00,247,42
2012-11-27 00:00:00,246,40
2012-11-28 00:00:00,247,31
2012-11-29 00:00:00,246,33
2012-11-30 00:00:00,246,28
2012-12-01 00:00:00,246,21
2012-12-02 00:00:00,241,29
2012-12-03 00:00:00,239,41
2012-12-04 00:00:00,238,50
2012-12-05 00:00:00,238,60
2012-12-06 00:00:00,237,61
2012-12-07 00:00:00,236,72
2012-12-08 00:00:00,235,82
2012-12-09 00:00:00,235,82
2012-12-10 00:00:00,236,77
2012-12-11 00:00:00,236,74
2012-12-12 00:00:00,235,62
2012-12-13 00:00:00,235,61
2012-12-14 00:00:00,237,61
2012-12-15 00:00:00,240,57
2012-12-16 00:00:00,243,53
2012-12-17 00:00:00,242,56
2012-12-18 00:00:00,243,60
2012-12-19 00:00:00,243,69
2012-12-20 00:00:00,244,72
2012-12-21 00:00:00,243,72
2012-12-22 00:00:00,243,68
2012-12-23 00:00:00,242,70
2012-12-24 00:00:00,242,70
2012-12-25 00:00:00,242,60
2012-12-26 00:00:00,242,51
2012-12-27 00:00:00,242,39
2012-12-28 00:00:00,242,27
2012-12-29 00:00:00,242,23
2012-12-30 00:00:00,242,13
2013-01-01 00:00:00,244,60
2013-01-02 00:00:00,244,62
2013-01-03 00:00:00,243,69
2013-01-04 00:00:00,241,73
2013-01-05 00:00:00,240,71
2013-01-06 00:00:00,239,68
2013-01-07 00:00:00,241,61
2013-01-08 00:00:00,243,52
2013-01-09 00:00:00,243,47
2013-01-10 00:00:00,243,46
2013-01-11 00:00:00,242,46
2013-01-12 00:00:00,242,47
2013-01-13 00:00:00,239,50
2013-01-14 00:00:00,237,50
2013-01-15 00:00:00,236,56
2013-01-16 00:00:00,237,68
2013-01-17 00:00:00,237,71
2013-01-18 00:00:00,237,70
2013-01-19 00:00:00,238,69
2013-01-20 00:00:00,239,66
2013-01-21 00:00:00,239,63
2013-01-22 00:00:00,240,62
2013-01-23 00:00:00,240,62
2013-01-24 00:00:00,239,60
2013-01-25 00:00:00,240,55
2013-01-26 00:00:00,240,55
2013-01-27 00:00:00,240,54
2013-01-28 00:00:00,241,55
2013-01-29 00:00:00,240,52
2013-01-30 00:00:00,239,52
2013-01-31 00:00:00,238,55
2013-02-01 00:00:00,236,59
2013-02-02 00:00:00,235,54
2013-02-03 00:00:00,235,55
2013-02-04 00:00:00,235,63
2013-02-05 00:00:00,235,62
2013-02-06 00:00:00,237,57
2013-02-07 00:00:00,239,56
2013-02-08 00:00:00,240,52
2013-02-09 00:00:00,240,55
2013-02-10 00:00:00,241,48
2013-02-11 00:00:00,241,42
2013-02-12 00:00:00,239,47
2013-02-13 00:00:00,237,49
2013-02-14 00:00:00,234,45
2013-02-15 00:00:00,232,44
2013-02-16 00:00:00,232,48
2013-02-17 00:00:00,232,50
2013-02-18 00:00:00,232,49
2013-02-19 00:00:00,233,46
2013-02-20 00:00:00,234,42
2013-02-21 00:00:00,235,41
2013-02-22 00:00:00,236,41
2013-02-23 00:00:00,237,40
2013-02-24 00:00:00,238,45
2013-02-25 00:00:00,238,50
2013-02-26 00:00:00,240,48
2013-02-27 00:00:00,242,53
2013-02-28 00:00:00,243,58
2013-03-01 00:00:00,244,54
2013-03-02 00:00:00,248,55
2013-03-03 00:00:00,251,56
2013-03-04 00:00:00,253,50
2013-03-05 00:00:00,253,48
2013-03-06 00:00:00,251,48
2013-03-07 00:00:00,250,47
2013-03-08 00:00:00,248,53
2013-03-09 00:00:00,247,55
2013-03-10 00:00:00,246,55
2013-03-11 00:00:00,246,62
2013-03-12 00:00:00,246,64
2013-03-13 00:00:00,246,59
2013-03-14 00:00:00,247,49
2013-03-15 00:00:00,248,45
2013-03-16 00:00:00,247,39
2013-03-17 00:00:00,245,34
2013-03-18 00:00:00,244,31
2013-03-19 00:00:00,244,29
2013-03-20 00:00:00,245,28
2013-03-21 00:00:00,245,34
2013-03-22 00:00:00,246,39
2013-03-23 00:00:00,246,46
2013-03-24 00:00:00,247,50
2013-03-25 00:00:00,248,47
2013-03-26 00:00:00,248,53
2013-03-27 00:00:00,248,52
2013-03-28 00:00:00,248,51
2013-03-29 00:00:00,248,47
2013-03-30 00:00:00,248,41
2013-03-31 00:00:00,247,38
2013-04-01 00:00:00,244,39
2013-04-02 00:00:00,243,37
2013-04-03 00:00:00,243,35
2013-04-04 00:00:00,243,32
2013-04-05 00:00:00,243,28
2013-04-06 00:00:00,246,33
2013-04-07 00:00:00,247,31
2013-04-08 00:00:00,250,36
2013-04-09 00:00:00,250,41
2013-04-10 00:00:00,250,48
2013-04-11 00:00:00,250,57
2013-04-12 00:00:00,250,64
2013-04-13 00:00:00,251,64
2013-04-14 00:00:00,252,63
2013-04-15 00:00:00,253,60
2013-04-16 00:00:00,255,58
2013-04-17 00:00:00,257,55
2013-04-18 00:00:00,259,46
2013-04-19 00:00:00,261,38
2013-04-20 00:00:00,261,34
2013-04-21 00:00:00,261,32
2013-04-22 00:00:00,261,24
2013-04-23 00:00:00,259,18
2013-04-24 00:00:00,256,16
2013-04-25 00:00:00,253,22
2013-04-26 00:00:00,253,27
2013-04-27 00:00:00,252,22
2013-04-28 00:00:00,252,25
2013-04-29 00:00:00,253,34
2013-04-30 00:00:00,254,38
2013-05-01 00:00:00,256,44
2013-05-02 00:00:00,258,37
2013-05-03 00:00:00,261,40
2013-05-04 00:00:00,262,50
2013-05-05 00:00:00,263,55
2013-05-06 00:00:00,265,48
2013-05-07 00:00:00,264,48
2013-05-08 00:00:00,264,47
2013-05-09 00:00:00,264,53
2013-05-10 00:00:00,263,47
2013-05-11 00:00:00,262,38
2013-05-12 00:00:00,260,33
2013-05-13 00:00:00,260,41
2013-05-14 00:00:00,261,37
2013-05-15 00:00:00,264,36
2013-05-16 00:00:00,266,41
2013-05-17 00:00:00,268,50
2013-05-18 00:00:00,269,58
2013-05-19 00:00:00,270,66
2013-05-20 00:00:00,271,64
2013-05-21 00:00:00,272,62
2013-05-22 00:00:00,272,58
2013-05-23 00:00:00,272,47
2013-05-24 00:00:00,271,37
2013-05-25 00:00:00,271,31
2013-05-26 00:00:00,273,30
2013-05-27 00:00:00,274,27
2013-05-28 00:00:00,274,28
2013-05-29 00:00:00,274,26
2013-05-30 00:00:00,274,26
2013-05-31 00:00:00,274,24
2013-06-01 00:00:00,274,22
2013-06-02 00:00:00,276,13
2013-06-03 00:00:00,279,9
2013-06-04 00:00:00,281,10
2013-06-05 00:00:00,283,13
2013-06-06 00:00:00,287,25
2013-06-07 00:00:00,287,36
2013-06-08 00:00:00,288,39
2013-06-09 00:00:00,288,37
2013-06-10 00:00:00,288,39
2013-06-11 00:00:00,288,47
2013-06-12 00:00:00,289,54
2013-06-13 00:00:00,289,53
2013-06-14 00:00:00,289,51
2013-06-15 00:00:00,289,51
2013-06-16 00:00:00,289,54
2013-06-17 00:00:00,289,60
2013-06-18 00:00:00,290,50
2013-06-19 00:00:00,289,44
2013-06-20 00:00:00,290,42
2013-06-21 00:00:00,290,34
2013-06-22 00:00:00,289,36
2013-06-23 00:00:00,289,36
2013-06-24 00:00:00,289,31
2013-06-25 00:00:00,290,31
2013-06-26 00:00:00,289,27
2013-06-27 00:00:00,286,26
2013-06-28 00:00:00,287,33
2013-06-29 00:00:00,287,30
2013-06-30 00:00:00,286,35
2013-07-01 00:00:00,286,40
2013-07-02 00:00:00,286,39
2013-07-03 00:00:00,287,39
2013-07-04 00:00:00,287,36
2013-07-05 00:00:00,286,37
2013-07-06 00:00:00,286,43
2013-07-07 00:00:00,286,47
2013-07-08 00:00:00,287,50
2013-07-09 00:00:00,287,52
2013-07-10 00:00:00,287,56
2013-07-11 00:00:00,287,50
2013-07-12 00:00:00,288,50
2013-07-13 00:00:00,288,41
2013-07-14 00:00:00,288,29
2013-07-15 00:00:00,287,25
2013-07-16 00:00:00,287,23
2013-07-17 00:00:00,286,20
2013-07-18 00:00:00,286,20
2013-07-19 00:00:00,286,11
2013-07-20 00:00:00,285,11
2013-07-21 00:00:00,285,11
2013-07-22 00:00:00,283,8
2013-07-23 00:00:00,283,14
2013-07-24 00:00:00,283,13
2013-07-25 00:00:00,283,13
2013-07-26 00:00:00,283,17
2013-07-27 00:00:00,286,25
2013-07-28 00:00:00,286,28
2013-07-29 00:00:00,287,26
2013-07-30 00:00:00,288,22
2013-07-31 00:00:00,287,28
2013-08-01 00:00:00,288,37
2013-08-02 00:00:00,289,38
2013-08-03 00:00:00,289,32
2013-08-04 00:00:00,288,33
2013-08-05 00:00:00,288,39
2013-08-06 00:00:00,288,37
2013-08-07 00:00:00,289,37
2013-08-08 00:00:00,287,28
2013-08-09 00:00:00,287,23
2013-08-10 00:00:00,286,21
2013-08-11 00:00:00,287,17
2013-08-12 00:00:00,284,9
2013-08-13 00:00:00,284,9
2013-08-14 00:00:00,-999,6
2013-08-15 00:00:00,276,14
2013-08-16 00:00:00,276,22
2013-08-17 00:00:00,275,24
2013-08-18 00:00:00,275,28
2013-08-19 00:00:00,275,30
2013-08-20 00:00:00,275,38
2013-08-21 00:00:00,276,39
2013-08-22 00:00:00,276,35
2013-08-23 00:00:00,276,27
2013-08-24 00:00:00,276,26
2013-08-25 00:00:00,277,22
2013-08-26 00:00:00,276,28
2013-08-27 00:00:00,275,29
2013-08-28 00:00:00,275,28
2013-08-29 00:00:00,276,27
2013-08-30 00:00:00,276,33
2013-08-31 00:00:00,277,40
2013-09-01 00:00:00,277,42
2013-09-02 00:00:00,277,40
2013-09-03 00:00:00,278,39
2013-09-04 00:00:00,278,36
2013-09-05 00:00:00,278,39
2013-09-06 00:00:00,279,34
2013-09-07 00:00:00,278,27
2013-09-08 00:00:00,278,26
2013-09-09 00:00:00,278,21
2013-09-10 00:00:00,277,16
2013-09-11 00:00:00,277,19
2013-09-12 00:00:00,272,15
2013-09-13 00:00:00,271,14
2013-09-14 00:00:00,-999,13
2013-09-15 00:00:00,264,19
2013-09-16 00:00:00,263,19
2013-09-17 00:00:00,263,20
2013-09-18 00:00:00,263,23
2013-09-19 00:00:00,263,22
2013-09-20 00:00:00,263,25
2013-09-21 00:00:00,264,27
2013-09-22 00:00:00,264,21
2013-09-23 00:00:00,264,20
2013-09-24 00:00:00,264,16
2013-09-25 00:00:00,262,14
2013-09-26 00:00:00,260,22
2013-09-27 00:00:00,260,21
2013-09-28 00:00:00,260,19
2013-09-29 00:00:00,262,30
2013-09-30 00:00:00,263,39
2013-10-01 00:00:00,263,45
2013-10-02 00:00:00,263,43
2013-10-03 00:00:00,265,38
2013-10-04 00:00:00,264,45
2013-10-05 00:00:00,264,50
2013-10-06 00:00:00,265,46
2013-10-07 00:00:00,264,38
2013-10-08 00:00:00,265,36
2013-10-09 00:00:00,265,40
2013-10-10 00:00:00,266,41
2013-10-11 00:00:00,266,33
2013-10-12 00:00:00,267,30
2013-10-13 00:00:00,267,26
2013-10-14 00:00:00,267,29
2013-10-15 00:00:00,268,28
2013-10-16 00:00:00,268,28
2013-10-17 00:00:00,267,27
2013-10-18 00:00:00,267,29
2013-10-19 00:00:00,265,32
2013-10-20 00:00:00,265,31
2013-10-21 00:00:00,264,29
2013-10-22 00:00:00,263,26
2013-10-23 00:00:00,261,19
2013-10-24 00:00:00,261,17
2013-10-25 00:00:00,259,20
2013-10-26 00:00:00,258,19
2013-10-27 00:00:00,257,22
2013-10-28 00:00:00,256,28
2013-10-29 00:00:00,257,29
2013-10-30 00:00:00,256,31
2013-10-31 00:00:00,254,39
2013-11-01 00:00:00,253,41
2013-11-02 00:00:00,253,44
2013-11-03 00:00:00,255,42
2013-11-04 00:00:00,254,34
2013-11-05 00:00:00,253,34
2013-11-06 00:00:00,254,39
2013-11-07 00:00:00,255,31
2013-11-08 00:00:00,257,23
2013-11-09 00:00:00,258,15
2013-11-10 00:00:00,254,11
2013-11-11 00:00:00,254,10
2013-11-12 00:00:00,250,12
2013-11-13 00:00:00,243,5
2013-11-14 00:00:00,241,5
2013-11-15 00:00:00,239,17
2013-11-16 00:00:00,240,24
2013-11-17 00:00:00,242,26
2013-11-18 00:00:00,242,35
2013-11-19 00:00:00,243,45
2013-11-20 00:00:00,243,57
2013-11-21 00:00:00,243,63
2013-11-22 00:00:00,244,51
2013-11-23 00:00:00,244,44
2013-11-24 00:00:00,245,49
2013-11-25 00:00:00,246,43
2013-11-26 00:00:00,248,32
2013-11-27 00:00:00,253,24
2013-11-28 00:00:00,258,22
2013-11-29 00:00:00,258,25
2013-11-30 00:00:00,258,25
2013-12-01 00:00:00,261,18
2013-12-02 00:00:00,261,15
2013-12-03 00:00:00,260,14
2013-12-04 00:00:00,254,17
2013-12-05 00:00:00,248,15
2013-12-06 00:00:00,241,22
2013-12-07 00:00:00,239,34
2013-12-08 00:00:00,239,44
2013-12-09 00:00:00,239,53
2013-12-10 00:00:00,239,52
2013-12-11 00:00:00,238,45
2013-12-12 00:00:00,237,43
2013-12-13 00:00:00,238,39
2013-12-14 00:00:00,238,40
2013-12-15 00:00:00,239,33
2013-12-16 00:00:00,240,26
2013-12-17 00:00:00,241,27
2013-12-18 00:00:00,241,28
2013-12-19 00:00:00,241,31
2013-12-20 00:00:00,239,36
2013-12-21 00:00:00,239,35
2013-12-22 00:00:00,239,43
2013-12-23 00:00:00,241,52
2013-12-24 00:00:00,243,61
2013-12-25 00:00:00,244,69
2013-12-26 00:00:00,244,64
2013-12-27 00:00:00,246,53
2013-12-28 00:00:00,249,41
2013-12-29 00:00:00,253,30
2013-12-30 00:00:00,253,19
