Date/Depth,0.02
2001-06-01 00:00:00,-999
2001-06-02 00:00:00,-999
2001-06-03 00:00:00,-999
2001-06-04 00:00:00,-999
2001-06-05 00:00:00,-999
2001-06-06 00:00:00,-999
2001-06-07 00:00:00,-999
2001-06-08 00:00:00,-999
2001-06-09 00:00:00,-999
2001-06-10 00:00:00,-999
2001-06-11 00:00:00,-999
2001-06-12 00:00:00,-999
2001-06-13 00:00:00,-999
2001-06-14 00:00:00,-999
2001-06-15 00:00:00,-999
2001-06-16 00:00:00,-999
2001-06-17 00:00:00,-999
2001-06-18 00:00:00,-999
2001-06-19 00:00:00,-999
2001-06-20 00:00:00,-999
2001-06-21 00:00:00,-999
2001-06-22 00:00:00,-999
2001-06-23 00:00:00,-999
2001-06-24 00:00:00,-999
2001-06-25 00:00:00,-999
2001-06-26 00:00:00,-999
2001-06-27 00:00:00,-999
2001-06-28 00:00:00,-999
2001-06-29 00:00:00,-999
2001-06-30 00:00:00,-999
2001-07-01 00:00:00,-999
2001-07-02 00:00:00,-999
2001-07-03 00:00:00,-999
2001-07-04 00:00:00,-999
2001-07-05 00:00:00,-999
2001-07-06 00:00:00,-999
2001-07-07 00:00:00,-999
2001-07-08 00:00:00,-999
2001-07-09 00:00:00,-999
2001-07-10 00:00:00,-999
2001-07-11 00:00:00,-999
2001-07-12 00:00:00,-999
2001-07-13 00:00:00,-999
2001-07-14 00:00:00,-999
2001-07-15 00:00:00,-999
2001-07-16 00:00:00,-999
2001-07-17 00:00:00,-999
2001-07-18 00:00:00,-999
2001-07-19 00:00:00,-999
2001-07-20 00:00:00,-999
2001-07-21 00:00:00,-999
2001-07-22 00:00:00,-999
2001-07-23 00:00:00,-999
2001-07-24 00:00:00,-999
2001-07-25 00:00:00,-999
2001-07-26 00:00:00,-999
2001-07-27 00:00:00,-999
2001-07-28 00:00:00,-999
2001-07-29 00:00:00,-999
2001-07-30 00:00:00,-999
2001-07-31 00:00:00,-999
2001-08-01 00:00:00,-999
2001-08-02 00:00:00,-999
2001-08-03 00:00:00,-999
2001-08-04 00:00:00,-999
2001-08-05 00:00:00,-999
2001-08-06 00:00:00,-999
2001-08-07 00:00:00,-999
2001-08-08 00:00:00,-999
2001-08-09 00:00:00,-999
2001-08-10 00:00:00,-999
2001-08-11 00:00:00,-999
2001-08-12 00:00:00,-999
2001-08-13 00:00:00,-999
2001-08-14 00:00:00,-999
2001-08-15 00:00:00,-999
2001-08-16 00:00:00,-999
2001-08-17 00:00:00,-999
2001-08-18 00:00:00,-999
2001-08-19 00:00:00,-999
2001-08-20 00:00:00,-999
2001-08-21 00:00:00,-999
2001-08-22 00:00:00,-999
2001-08-23 00:00:00,3.26
2001-08-24 00:00:00,3.04
2001-08-25 00:00:00,4.68
2001-08-26 00:00:00,6.07
2001-08-27 00:00:00,5.87
2001-08-28 00:00:00,4.85
2001-08-29 00:00:00,5.92
2001-08-30 00:00:00,7.54
2001-08-31 00:00:00,4.33
2001-09-01 00:00:00,3.83
2001-09-02 00:00:00,4.8
2001-09-03 00:00:00,4.89
2001-09-04 00:00:00,4.24
2001-09-05 00:00:00,4.12
2001-09-06 00:00:00,6.11
2001-09-07 00:00:00,4.69
2001-09-08 00:00:00,5.31
2001-09-09 00:00:00,5.62
2001-09-10 00:00:00,6.22
2001-09-11 00:00:00,5.45
2001-09-12 00:00:00,4.89
2001-09-13 00:00:00,3.25
2001-09-14 00:00:00,4.14
2001-09-15 00:00:00,3.36
2001-09-16 00:00:00,4.13
2001-09-17 00:00:00,1.9
2001-09-18 00:00:00,0.75
2001-09-19 00:00:00,0.81
2001-09-20 00:00:00,-0.1
2001-09-21 00:00:00,0.11
2001-09-22 00:00:00,0.27
2001-09-23 00:00:00,0.46
2001-09-24 00:00:00,0.02
2001-09-25 00:00:00,-0.63
2001-09-26 00:00:00,-0.83
2001-09-27 00:00:00,-0.86
2001-09-28 00:00:00,-0.72
2001-09-29 00:00:00,-0.77
2001-09-30 00:00:00,-0.9
2001-10-01 00:00:00,-0.7
2001-10-02 00:00:00,-0.73
2001-10-03 00:00:00,-0.88
2001-10-04 00:00:00,-0.42
2001-10-05 00:00:00,-0.17
2001-10-06 00:00:00,-0.17
2001-10-07 00:00:00,-0.46
2001-10-08 00:00:00,-0.55
2001-10-09 00:00:00,-0.56
2001-10-10 00:00:00,-0.62
2001-10-11 00:00:00,-0.67
2001-10-12 00:00:00,-0.71
2001-10-13 00:00:00,-0.92
2001-10-14 00:00:00,-1.1
2001-10-15 00:00:00,-1.02
2001-10-16 00:00:00,-0.71
2001-10-17 00:00:00,-0.67
2001-10-18 00:00:00,-0.67
2001-10-19 00:00:00,-0.67
2001-10-20 00:00:00,-0.72
2001-10-21 00:00:00,-0.92
2001-10-22 00:00:00,-0.76
2001-10-23 00:00:00,-0.67
2001-10-24 00:00:00,-0.56
2001-10-25 00:00:00,-0.67
2001-10-26 00:00:00,-0.85
2001-10-27 00:00:00,-1.02
2001-10-28 00:00:00,-1.18
2001-10-29 00:00:00,-1.37
2001-10-30 00:00:00,-1.17
2001-10-31 00:00:00,-1.37
2001-11-01 00:00:00,-1.63
2001-11-02 00:00:00,-1.3
2001-11-03 00:00:00,-1.17
2001-11-04 00:00:00,-1.37
2001-11-05 00:00:00,-1.5
2001-11-06 00:00:00,-1.92
2001-11-07 00:00:00,-1.92
2001-11-08 00:00:00,-1.86
2001-11-09 00:00:00,-1.78
2001-11-10 00:00:00,-2.15
2001-11-11 00:00:00,-2.26
2001-11-12 00:00:00,-2.15
2001-11-13 00:00:00,-1.73
2001-11-14 00:00:00,-1.92
2001-11-15 00:00:00,-1.76
2001-11-16 00:00:00,-1.77
2001-11-17 00:00:00,-2.1
2001-11-18 00:00:00,-2.36
2001-11-19 00:00:00,-2.67
2001-11-20 00:00:00,-2.48
2001-11-21 00:00:00,-1.92
2001-11-22 00:00:00,-1.58
2001-11-23 00:00:00,-2.23
2001-11-24 00:00:00,-2.81
2001-11-25 00:00:00,-3.03
2001-11-26 00:00:00,-2.58
2001-11-27 00:00:00,-2.42
2001-11-28 00:00:00,-2.65
2001-11-29 00:00:00,-2.92
2001-11-30 00:00:00,-3
2001-12-01 00:00:00,-3.1
2001-12-02 00:00:00,-2.81
2001-12-03 00:00:00,-2.58
2001-12-04 00:00:00,-2.43
2001-12-05 00:00:00,-2.92
2001-12-06 00:00:00,-4.01
2001-12-07 00:00:00,-4.42
2001-12-08 00:00:00,-4.3
2001-12-09 00:00:00,-3.92
2001-12-10 00:00:00,-3.94
2001-12-11 00:00:00,-4.3
2001-12-12 00:00:00,-4.83
2001-12-13 00:00:00,-5.17
2001-12-14 00:00:00,-5.03
2001-12-15 00:00:00,-4.98
2001-12-16 00:00:00,-5.37
2001-12-17 00:00:00,-5.7
2001-12-18 00:00:00,-5.99
2001-12-19 00:00:00,-6.54
2001-12-20 00:00:00,-7.47
2001-12-21 00:00:00,-7.92
2001-12-22 00:00:00,-8.12
2001-12-23 00:00:00,-7.93
2001-12-24 00:00:00,-7.98
2001-12-25 00:00:00,-8.4
2001-12-26 00:00:00,-8.55
2001-12-27 00:00:00,-7.98
2001-12-28 00:00:00,-6.82
2001-12-29 00:00:00,-6.47
2001-12-30 00:00:00,-6.97
2001-12-31 00:00:00,-7.23
2002-01-01 00:00:00,-7.73
2002-01-02 00:00:00,-8.45
2002-01-03 00:00:00,-8.27
2002-01-04 00:00:00,-8.21
2002-01-05 00:00:00,-8.84
2002-01-06 00:00:00,-9.67
2002-01-07 00:00:00,-10.25
2002-01-08 00:00:00,-10.31
2002-01-09 00:00:00,-10.35
2002-01-10 00:00:00,-9.89
2002-01-11 00:00:00,-9.27
2002-01-12 00:00:00,-8.9
2002-01-13 00:00:00,-8.86
2002-01-14 00:00:00,-8.86
2002-01-15 00:00:00,-8.99
2002-01-16 00:00:00,-8.61
2002-01-17 00:00:00,-8.38
2002-01-18 00:00:00,-8.61
2002-01-19 00:00:00,-8.78
2002-01-20 00:00:00,-9.25
2002-01-21 00:00:00,-10.2
2002-01-22 00:00:00,-11.34
2002-01-23 00:00:00,-12.36
2002-01-24 00:00:00,-13.25
2002-01-25 00:00:00,-13.85
2002-01-26 00:00:00,-14.46
2002-01-27 00:00:00,-14.69
2002-01-28 00:00:00,-14.26
2002-01-29 00:00:00,-14.04
2002-01-30 00:00:00,-14.4
2002-01-31 00:00:00,-14.18
2002-02-01 00:00:00,-14.3
2002-02-02 00:00:00,-15.25
2002-02-03 00:00:00,-15.87
2002-02-04 00:00:00,-15.62
2002-02-05 00:00:00,-14.72
2002-02-06 00:00:00,-13.86
2002-02-07 00:00:00,-13.74
2002-02-08 00:00:00,-14.65
2002-02-09 00:00:00,-15.22
2002-02-10 00:00:00,-15.59
2002-02-11 00:00:00,-15.28
2002-02-12 00:00:00,-15.21
2002-02-13 00:00:00,-15.13
2002-02-14 00:00:00,-14.95
2002-02-15 00:00:00,-14.95
2002-02-16 00:00:00,-14.95
2002-02-17 00:00:00,-14.95
2002-02-18 00:00:00,-14.95
2002-02-19 00:00:00,-14.89
2002-02-20 00:00:00,-14.83
2002-02-21 00:00:00,-15.37
2002-02-22 00:00:00,-15.7
2002-02-23 00:00:00,-15.33
2002-02-24 00:00:00,-14.38
2002-02-25 00:00:00,-13.96
2002-02-26 00:00:00,-14.34
2002-02-27 00:00:00,-14.47
2002-02-28 00:00:00,-14.33
2002-03-01 00:00:00,-13.9
2002-03-02 00:00:00,-13.01
2002-03-03 00:00:00,-12.79
2002-03-04 00:00:00,-13.81
2002-03-05 00:00:00,-14.53
2002-03-06 00:00:00,-14.04
2002-03-07 00:00:00,-12.83
2002-03-08 00:00:00,-12.19
2002-03-09 00:00:00,-11.98
2002-03-10 00:00:00,-12.44
2002-03-11 00:00:00,-13.11
2002-03-12 00:00:00,-13.57
2002-03-13 00:00:00,-14.39
2002-03-14 00:00:00,-14.81
2002-03-15 00:00:00,-14.95
2002-03-16 00:00:00,-14.94
2002-03-17 00:00:00,-14.35
2002-03-18 00:00:00,-13.25
2002-03-19 00:00:00,-12.66
2002-03-20 00:00:00,-12.63
2002-03-21 00:00:00,-12.73
2002-03-22 00:00:00,-12.01
2002-03-23 00:00:00,-11.43
2002-03-24 00:00:00,-11.2
2002-03-25 00:00:00,-11.37
2002-03-26 00:00:00,-11.67
2002-03-27 00:00:00,-12.6
2002-03-28 00:00:00,-14
2002-03-29 00:00:00,-14.82
2002-03-30 00:00:00,-14.95
2002-03-31 00:00:00,-15.05
2002-04-01 00:00:00,-14.51
2002-04-02 00:00:00,-13.33
2002-04-03 00:00:00,-12.54
2002-04-04 00:00:00,-12.38
2002-04-05 00:00:00,-12.12
2002-04-06 00:00:00,-11.77
2002-04-07 00:00:00,-12.2
2002-04-08 00:00:00,-12.3
2002-04-09 00:00:00,-12.2
2002-04-10 00:00:00,-12.38
2002-04-11 00:00:00,-12.64
2002-04-12 00:00:00,-13.2
2002-04-13 00:00:00,-12.64
2002-04-14 00:00:00,-11.66
2002-04-15 00:00:00,-11.75
2002-04-16 00:00:00,-12.13
2002-04-17 00:00:00,-12.64
2002-04-18 00:00:00,-12.52
2002-04-19 00:00:00,-12.35
2002-04-20 00:00:00,-12.92
2002-04-21 00:00:00,-12.87
2002-04-22 00:00:00,-12.63
2002-04-23 00:00:00,-12.79
2002-04-24 00:00:00,-12.73
2002-04-25 00:00:00,-12.09
2002-04-26 00:00:00,-10.9
2002-04-27 00:00:00,-8.38
2002-04-28 00:00:00,-8.4
2002-04-29 00:00:00,-8.88
2002-04-30 00:00:00,-9.41
2002-05-01 00:00:00,-10.78
2002-05-02 00:00:00,-11.03
2002-05-03 00:00:00,-10.86
2002-05-04 00:00:00,-10.95
2002-05-05 00:00:00,-10.9
2002-05-06 00:00:00,-10.51
2002-05-07 00:00:00,-9.49
2002-05-08 00:00:00,-8.52
2002-05-09 00:00:00,-7.35
2002-05-10 00:00:00,-6.17
2002-05-11 00:00:00,-5.26
2002-05-12 00:00:00,-4.52
2002-05-13 00:00:00,-4.2
2002-05-14 00:00:00,-4.43
2002-05-15 00:00:00,-4.83
2002-05-16 00:00:00,-5.08
2002-05-17 00:00:00,-3.67
2002-05-18 00:00:00,-1.05
2002-05-19 00:00:00,-0.28
2002-05-20 00:00:00,-0.42
2002-05-21 00:00:00,-0.42
2002-05-22 00:00:00,-0.42
2002-05-23 00:00:00,-0.05
2002-05-24 00:00:00,3.02
2002-05-25 00:00:00,4.12
2002-05-26 00:00:00,0.39
2002-05-27 00:00:00,1.34
2002-05-28 00:00:00,-0.25
2002-05-29 00:00:00,0.23
2002-05-30 00:00:00,2.39
2002-05-31 00:00:00,3.04
2002-06-01 00:00:00,4.212
2002-06-02 00:00:00,2.231
2002-06-03 00:00:00,2.953
2002-06-04 00:00:00,5.245
2002-06-05 00:00:00,6.713
2002-06-06 00:00:00,8.646
2002-06-07 00:00:00,10.125
2002-06-08 00:00:00,6.755
2002-06-09 00:00:00,8.441
2002-06-10 00:00:00,9.035
2002-06-11 00:00:00,5.669
2002-06-12 00:00:00,8.339
2002-06-13 00:00:00,6.399
2002-06-14 00:00:00,7.732
2002-06-15 00:00:00,9.585
2002-06-16 00:00:00,9.54
2002-06-17 00:00:00,6.513
2002-06-18 00:00:00,8.825
2002-06-19 00:00:00,6.874
2002-06-20 00:00:00,2.941
2002-06-21 00:00:00,4.626
2002-06-22 00:00:00,5.306
2002-06-23 00:00:00,4.491
2002-06-24 00:00:00,9.073
2002-06-25 00:00:00,11.871
2002-06-26 00:00:00,12.498
2002-06-27 00:00:00,4.872
2002-06-28 00:00:00,5.865
2002-06-29 00:00:00,5.797
2002-06-30 00:00:00,8.201
2002-07-01 00:00:00,6.839
2002-07-02 00:00:00,3.679
2002-07-03 00:00:00,2.707
2002-07-04 00:00:00,4.502
2002-07-05 00:00:00,7.261
2002-07-06 00:00:00,8.346
2002-07-07 00:00:00,8.393
2002-07-08 00:00:00,8.599
2002-07-09 00:00:00,11.541
2002-07-10 00:00:00,13.696
2002-07-11 00:00:00,10.756
2002-07-12 00:00:00,9.62
2002-07-13 00:00:00,9.419
2002-07-14 00:00:00,12.72
2002-07-15 00:00:00,14.369
2002-07-16 00:00:00,15.502
2002-07-17 00:00:00,16.592
2002-07-18 00:00:00,17.83
2002-07-19 00:00:00,16.931
2002-07-20 00:00:00,14.783
2002-07-21 00:00:00,16.018
2002-07-22 00:00:00,13.05
2002-07-23 00:00:00,9.17
2002-07-24 00:00:00,10.354
2002-07-25 00:00:00,7.197
2002-07-26 00:00:00,8.67
2002-07-27 00:00:00,9.043
2002-07-28 00:00:00,9.95
2002-07-29 00:00:00,8.644
2002-07-30 00:00:00,9.783
2002-07-31 00:00:00,11.683
2002-08-01 00:00:00,11.319
2002-08-02 00:00:00,15.106
2002-08-03 00:00:00,15.263
2002-08-04 00:00:00,11.354
2002-08-05 00:00:00,5.119
2002-08-06 00:00:00,3.082
2002-08-07 00:00:00,4.866
2002-08-08 00:00:00,7.17
2002-08-09 00:00:00,4.545
2002-08-10 00:00:00,6.314
2002-08-11 00:00:00,5.619
2002-08-12 00:00:00,4.62
2002-08-13 00:00:00,1.731
2002-08-14 00:00:00,3.506
2002-08-15 00:00:00,6.035
2002-08-16 00:00:00,4.055
2002-08-17 00:00:00,3.35
2002-08-18 00:00:00,3.393
2002-08-19 00:00:00,2.298
2002-08-20 00:00:00,2.296
2002-08-21 00:00:00,3.582
2002-08-22 00:00:00,4.107
2002-08-23 00:00:00,4.666
2002-08-24 00:00:00,5.089
2002-08-25 00:00:00,6.78
2002-08-26 00:00:00,6.887
2002-08-27 00:00:00,6.958
2002-08-28 00:00:00,6.072
2002-08-29 00:00:00,6.145
2002-08-30 00:00:00,5.603
2002-08-31 00:00:00,5.429
2002-09-01 00:00:00,3.823
2002-09-02 00:00:00,5.203
2002-09-03 00:00:00,8.234
2002-09-04 00:00:00,8.536
2002-09-05 00:00:00,9.353
2002-09-06 00:00:00,9.384
2002-09-07 00:00:00,8.265
2002-09-08 00:00:00,5.881
2002-09-09 00:00:00,4.275
2002-09-10 00:00:00,2.859
2002-09-11 00:00:00,3.514
2002-09-12 00:00:00,3.397
2002-09-13 00:00:00,4.932
2002-09-14 00:00:00,5.436
2002-09-15 00:00:00,4.456
2002-09-16 00:00:00,3.069
2002-09-17 00:00:00,3.914
2002-09-18 00:00:00,1.756
2002-09-19 00:00:00,0.73
2002-09-20 00:00:00,0.391
2002-09-21 00:00:00,-1.307
2002-09-22 00:00:00,-0.907
2002-09-23 00:00:00,-0.32
2002-09-24 00:00:00,-0.67
2002-09-25 00:00:00,-0.495
2002-09-26 00:00:00,-0.358
2002-09-27 00:00:00,0.215
2002-09-28 00:00:00,0.093
2002-09-29 00:00:00,0.176
2002-09-30 00:00:00,0.502
2002-10-01 00:00:00,0.03
2002-10-02 00:00:00,-0.083
2002-10-03 00:00:00,-0.208
2002-10-04 00:00:00,-0.146
2002-10-05 00:00:00,-0.757
2002-10-06 00:00:00,-1.27
2002-10-07 00:00:00,-1.107
2002-10-08 00:00:00,-1.67
2002-10-09 00:00:00,-1.27
2002-10-10 00:00:00,-1.67
2002-10-11 00:00:00,-2.805
2002-10-12 00:00:00,-2.195
2002-10-13 00:00:00,-2.753
2002-10-14 00:00:00,-2.954
2002-10-15 00:00:00,-3.375
2002-10-16 00:00:00,-2.381
2002-10-17 00:00:00,-2.52
2002-10-18 00:00:00,-2.058
2002-10-19 00:00:00,-3.918
2002-10-20 00:00:00,-2.106
2002-10-21 00:00:00,-1.333
2002-10-22 00:00:00,-1.783
2002-10-23 00:00:00,-2.032
2002-10-24 00:00:00,-1.858
2002-10-25 00:00:00,-1.558
2002-10-26 00:00:00,-1.608
2002-10-27 00:00:00,-1.645
2002-10-28 00:00:00,-1.782
2002-10-29 00:00:00,-1.333
2002-10-30 00:00:00,-1.457
2002-10-31 00:00:00,-0.683
2002-11-01 00:00:00,-0.72
2002-11-02 00:00:00,-1.045
2002-11-03 00:00:00,-1.545
2002-11-04 00:00:00,-2.344
2002-11-05 00:00:00,-3.164
2002-11-06 00:00:00,-4.117
2002-11-07 00:00:00,-2.58
2002-11-08 00:00:00,-2.445
2002-11-09 00:00:00,-3.162
2002-11-10 00:00:00,-3.163
2002-11-11 00:00:00,-3.386
2002-11-12 00:00:00,-3.796
2002-11-13 00:00:00,-4.057
2002-11-14 00:00:00,-4.302
2002-11-15 00:00:00,-4.055
2002-11-16 00:00:00,-3.175
2002-11-17 00:00:00,-3.697
2002-11-18 00:00:00,-4.521
2002-11-19 00:00:00,-5.286
2002-11-20 00:00:00,-5.903
2002-11-21 00:00:00,-6.21
2002-11-22 00:00:00,-5.867
2002-11-23 00:00:00,-4.988
2002-11-24 00:00:00,-3.558
2002-11-25 00:00:00,-3.959
2002-11-26 00:00:00,-4.238
2002-11-27 00:00:00,-3.125
2002-11-28 00:00:00,-3.794
2002-11-29 00:00:00,-3.855
2002-11-30 00:00:00,-3.636
2002-12-01 00:00:00,-4.016
2002-12-02 00:00:00,-6.609
2002-12-03 00:00:00,-6.148
2002-12-04 00:00:00,-5.199
2002-12-05 00:00:00,-5.804
2002-12-06 00:00:00,-7.056
2002-12-07 00:00:00,-5.581
2002-12-08 00:00:00,-4.562
2002-12-09 00:00:00,-6.37
2002-12-10 00:00:00,-7.119
2002-12-11 00:00:00,-7.823
2002-12-12 00:00:00,-7.452
2002-12-13 00:00:00,-6.958
2002-12-14 00:00:00,-7.366
2002-12-15 00:00:00,-8.332
2002-12-16 00:00:00,-9.466
2002-12-17 00:00:00,-9.207
2002-12-18 00:00:00,-8.234
2002-12-19 00:00:00,-8.528
2002-12-20 00:00:00,-9.158
2002-12-21 00:00:00,-9.245
2002-12-22 00:00:00,-10.144
2002-12-23 00:00:00,-11.367
2002-12-24 00:00:00,-11.809
2002-12-25 00:00:00,-11.189
2002-12-26 00:00:00,-10.165
2002-12-27 00:00:00,-10.96
2002-12-28 00:00:00,-11.998
2002-12-29 00:00:00,-13.074
2002-12-30 00:00:00,-14.332
2002-12-31 00:00:00,-13.264
2003-01-01 00:00:00,-12.783
2003-01-02 00:00:00,-13.699
2003-01-03 00:00:00,-14.241
2003-01-04 00:00:00,-13.429
2003-01-05 00:00:00,-12.693
2003-01-06 00:00:00,-12.286
2003-01-07 00:00:00,-13.187
2003-01-08 00:00:00,-13.786
2003-01-09 00:00:00,-13.519
2003-01-10 00:00:00,-12.895
2003-01-11 00:00:00,-12.249
2003-01-12 00:00:00,-11.634
2003-01-13 00:00:00,-12.01
2003-01-14 00:00:00,-11.543
2003-01-15 00:00:00,-11.417
2003-01-16 00:00:00,-11.922
2003-01-17 00:00:00,-11.163
2003-01-18 00:00:00,-11.138
2003-01-19 00:00:00,-11.605
2003-01-20 00:00:00,-13.099
2003-01-21 00:00:00,-12.226
2003-01-22 00:00:00,-12.616
2003-01-23 00:00:00,-12.061
2003-01-24 00:00:00,-13.971
2003-01-25 00:00:00,-15.177
2003-01-26 00:00:00,-15.086
2003-01-27 00:00:00,-15.047
2003-01-28 00:00:00,-14.839
2003-01-29 00:00:00,-16.473
2003-01-30 00:00:00,-16.592
2003-01-31 00:00:00,-18.111
2003-02-01 00:00:00,-18.883
2003-02-02 00:00:00,-18.437
2003-02-03 00:00:00,-17.015
2003-02-04 00:00:00,-15.961
2003-02-05 00:00:00,-15.047
2003-02-06 00:00:00,-14.748
2003-02-07 00:00:00,-14.124
2003-02-08 00:00:00,-13.022
2003-02-09 00:00:00,-12.958
2003-02-10 00:00:00,-13.172
2003-02-11 00:00:00,-14.152
2003-02-12 00:00:00,-15.817
2003-02-13 00:00:00,-18.356
2003-02-14 00:00:00,-19.672
2003-02-15 00:00:00,-19.368
2003-02-16 00:00:00,-19.841
2003-02-17 00:00:00,-20.524
2003-02-18 00:00:00,-19.661
2003-02-19 00:00:00,-19.632
2003-02-20 00:00:00,-19.605
2003-02-21 00:00:00,-19.399
2003-02-22 00:00:00,-19.992
2003-02-23 00:00:00,-19.342
2003-02-24 00:00:00,-19.66
2003-02-25 00:00:00,-18.367
2003-02-26 00:00:00,-17.135
2003-02-27 00:00:00,-16.291
2003-02-28 00:00:00,-15.97
2003-03-01 00:00:00,-15.71
2003-03-02 00:00:00,-15.203
2003-03-03 00:00:00,-14.488
2003-03-04 00:00:00,-13.955
2003-03-05 00:00:00,-13.63
2003-03-06 00:00:00,-13.594
2003-03-07 00:00:00,-12.92
2003-03-08 00:00:00,-13.633
2003-03-09 00:00:00,-13.63
2003-03-10 00:00:00,-13.543
2003-03-11 00:00:00,-13.736
2003-03-12 00:00:00,-14.631
2003-03-13 00:00:00,-15.372
2003-03-14 00:00:00,-16.027
2003-03-15 00:00:00,-16.738
2003-03-16 00:00:00,-17.467
2003-03-17 00:00:00,-17.587
2003-03-18 00:00:00,-17.095
2003-03-19 00:00:00,-17.173
2003-03-20 00:00:00,-17.628
2003-03-21 00:00:00,-18.025
2003-03-22 00:00:00,-18.09
2003-03-23 00:00:00,-18.038
2003-03-24 00:00:00,-17.763
2003-03-25 00:00:00,-17.84
2003-03-26 00:00:00,-18.421
2003-03-27 00:00:00,-18.721
2003-03-28 00:00:00,-18.721
2003-03-29 00:00:00,-18.314
2003-03-30 00:00:00,-17.641
2003-03-31 00:00:00,-17.002
2003-04-01 00:00:00,-16.908
2003-04-02 00:00:00,-16.735
2003-04-03 00:00:00,-15.764
2003-04-04 00:00:00,-14.8
2003-04-05 00:00:00,-14.371
2003-04-06 00:00:00,-14.67
2003-04-07 00:00:00,-15.294
2003-04-08 00:00:00,-15.671
2003-04-09 00:00:00,-15.827
2003-04-10 00:00:00,-15.84
2003-04-11 00:00:00,-15.71
2003-04-12 00:00:00,-15.411
2003-04-13 00:00:00,-14.285
2003-04-14 00:00:00,-11.985
2003-04-15 00:00:00,-11.91
2003-04-16 00:00:00,-11.772
2003-04-17 00:00:00,-11.403
2003-04-18 00:00:00,-11.163
2003-04-19 00:00:00,-10.798
2003-04-20 00:00:00,-10.759
2003-04-21 00:00:00,-10.899
2003-04-22 00:00:00,-10.709
2003-04-23 00:00:00,-10.44
2003-04-24 00:00:00,-10.428
2003-04-25 00:00:00,-10.165
2003-04-26 00:00:00,-9.183
2003-04-27 00:00:00,-8.456
2003-04-28 00:00:00,-8.01
2003-04-29 00:00:00,-7.675
2003-04-30 00:00:00,-7.454
2003-05-01 00:00:00,-7.38
2003-05-02 00:00:00,-7.861
2003-05-03 00:00:00,-7.948
2003-05-04 00:00:00,-8.319
2003-05-05 00:00:00,-8.628
2003-05-06 00:00:00,-8.308
2003-05-07 00:00:00,-8.21
2003-05-08 00:00:00,-8.691
2003-05-09 00:00:00,-8.074
2003-05-10 00:00:00,-7.625
2003-05-11 00:00:00,-7.735
2003-05-12 00:00:00,-7.785
2003-05-13 00:00:00,-7.822
2003-05-14 00:00:00,-7.637
2003-05-15 00:00:00,-7.454
2003-05-16 00:00:00,-7.527
2003-05-17 00:00:00,-7.316
2003-05-18 00:00:00,-6.335
2003-05-19 00:00:00,-4.989
2003-05-20 00:00:00,-2.429
2003-05-21 00:00:00,-1.908
2003-05-22 00:00:00,-1.42
2003-05-23 00:00:00,-1.732
2003-05-24 00:00:00,-2.619
2003-05-25 00:00:00,-3.447
2003-05-26 00:00:00,-3.512
2003-05-27 00:00:00,-1.345
2003-05-28 00:00:00,-0.445
2003-05-29 00:00:00,-0.407
2003-05-30 00:00:00,-0.32
2003-05-31 00:00:00,0.37
2003-06-01 00:00:00,0.829
2003-06-02 00:00:00,1.566
2003-06-03 00:00:00,2.825
2003-06-04 00:00:00,2.548
2003-06-05 00:00:00,5.078
2003-06-06 00:00:00,3.404
2003-06-07 00:00:00,5.943
2003-06-08 00:00:00,6.858
2003-06-09 00:00:00,8.027
2003-06-10 00:00:00,3.842
2003-06-11 00:00:00,4.295
2003-06-12 00:00:00,3.481
2003-06-13 00:00:00,4.301
2003-06-14 00:00:00,4.722
2003-06-15 00:00:00,6.685
2003-06-16 00:00:00,6.743
2003-06-17 00:00:00,7.412
2003-06-18 00:00:00,7.642
2003-06-19 00:00:00,6.572
2003-06-20 00:00:00,8.672
2003-06-21 00:00:00,9.787
2003-06-22 00:00:00,10.405
2003-06-23 00:00:00,10.863
2003-06-24 00:00:00,9.886
2003-06-25 00:00:00,12.496
2003-06-26 00:00:00,14.75
2003-06-27 00:00:00,14.206
2003-06-28 00:00:00,13.617
2003-06-29 00:00:00,15.476
2003-06-30 00:00:00,12.565
2003-07-01 00:00:00,12.901
2003-07-02 00:00:00,13.267
2003-07-03 00:00:00,5.844
2003-07-04 00:00:00,11.213
2003-07-05 00:00:00,11.549
2003-07-06 00:00:00,11.318
2003-07-07 00:00:00,8.053
2003-07-08 00:00:00,9.163
2003-07-09 00:00:00,11.715
2003-07-10 00:00:00,12.629
2003-07-11 00:00:00,12.341
2003-07-12 00:00:00,9.916
2003-07-13 00:00:00,7.918
2003-07-14 00:00:00,6.648
2003-07-15 00:00:00,5.004
2003-07-16 00:00:00,5.686
2003-07-17 00:00:00,3.945
2003-07-18 00:00:00,9.116
2003-07-19 00:00:00,12.409
2003-07-20 00:00:00,14.302
2003-07-21 00:00:00,14.899
2003-07-22 00:00:00,12.571
2003-07-23 00:00:00,11.369
2003-07-24 00:00:00,12.101
2003-07-25 00:00:00,7.558
2003-07-26 00:00:00,5.884
2003-07-27 00:00:00,4.409
2003-07-28 00:00:00,6.051
2003-07-29 00:00:00,6.577
2003-07-30 00:00:00,5.692
2003-07-31 00:00:00,6.334
2003-08-01 00:00:00,7.841
2003-08-02 00:00:00,6.951
2003-08-03 00:00:00,5.764
2003-08-04 00:00:00,8.333
2003-08-05 00:00:00,4.859
2003-08-06 00:00:00,5.49
2003-08-07 00:00:00,6.047
2003-08-08 00:00:00,6.96
2003-08-09 00:00:00,9.724
2003-08-10 00:00:00,9.194
2003-08-11 00:00:00,5.771
2003-08-12 00:00:00,3.891
2003-08-13 00:00:00,4.288
2003-08-14 00:00:00,5.757
2003-08-15 00:00:00,6.445
2003-08-16 00:00:00,7.47
2003-08-17 00:00:00,5.86
2003-08-18 00:00:00,6.912
2003-08-19 00:00:00,6.672
2003-08-20 00:00:00,4.745
2003-08-21 00:00:00,4.87
2003-08-22 00:00:00,5.129
2003-08-23 00:00:00,5.655
2003-08-24 00:00:00,4.321
2003-08-25 00:00:00,4.489
2003-08-26 00:00:00,3.741
2003-08-27 00:00:00,3.689
2003-08-28 00:00:00,5.686
2003-08-29 00:00:00,6.28
2003-08-30 00:00:00,5.079
2003-08-31 00:00:00,4.206
2003-09-01 00:00:00,3.688
2003-09-02 00:00:00,3.947
2003-09-03 00:00:00,5.156
2003-09-04 00:00:00,4.926
2003-09-05 00:00:00,2.337
2003-09-06 00:00:00,2.269
2003-09-07 00:00:00,3.946
2003-09-08 00:00:00,1.149
2003-09-09 00:00:00,-0.892
2003-09-10 00:00:00,-0.78
2003-09-11 00:00:00,-0.308
2003-09-12 00:00:00,-0.718
2003-09-13 00:00:00,-0.418
2003-09-14 00:00:00,-0.742
2003-09-15 00:00:00,-0.146
2003-09-16 00:00:00,-0.33
2003-09-17 00:00:00,-1.193
2003-09-18 00:00:00,-1.614
2003-09-19 00:00:00,-0.744
2003-09-20 00:00:00,-0.444
2003-09-21 00:00:00,-0.681
2003-09-22 00:00:00,-0.544
2003-09-23 00:00:00,-1.102
2003-09-24 00:00:00,-1.092
2003-09-25 00:00:00,-1.207
2003-09-26 00:00:00,-1.968
2003-09-27 00:00:00,-0.78
2003-09-28 00:00:00,-1.43
2003-09-29 00:00:00,0.598
2003-09-30 00:00:00,-0.244
2003-10-01 00:00:00,0.396
2003-10-02 00:00:00,2.09
2003-10-03 00:00:00,1.116
2003-10-04 00:00:00,-0.18
2003-10-05 00:00:00,-0.342
2003-10-06 00:00:00,-0.655
2003-10-07 00:00:00,-0.83
2003-10-08 00:00:00,-1.33
2003-10-09 00:00:00,-0.53
2003-10-10 00:00:00,-0.855
2003-10-11 00:00:00,-1.442
2003-10-12 00:00:00,-2.368
2003-10-13 00:00:00,-2.814
2003-10-14 00:00:00,-3.138
2003-10-15 00:00:00,-3.698
2003-10-16 00:00:00,-2.855
2003-10-17 00:00:00,-1.805
2003-10-18 00:00:00,-3.187
2003-10-19 00:00:00,-2.617
2003-10-20 00:00:00,-2.53
2003-10-21 00:00:00,-2.155
2003-10-22 00:00:00,-3.105
2003-10-23 00:00:00,-3.092
2003-10-24 00:00:00,-2.23
2003-10-25 00:00:00,-2.954
2003-10-26 00:00:00,-2.254
2003-10-27 00:00:00,-2.902
2003-10-28 00:00:00,-2.986
2003-10-29 00:00:00,-2.665
2003-10-30 00:00:00,-1.067
2003-10-31 00:00:00,-0.63
2003-11-01 00:00:00,-1.605
2003-11-02 00:00:00,-2.38
2003-11-03 00:00:00,-2.868
2003-11-04 00:00:00,-2.755
2003-11-05 00:00:00,-1.117
2003-11-06 00:00:00,-0.942
2003-11-07 00:00:00,-0.517
2003-11-08 00:00:00,-2.205
2003-11-09 00:00:00,-2.493
2003-11-10 00:00:00,-3.116
2003-11-11 00:00:00,-2.73
2003-11-12 00:00:00,-3.105
2003-11-13 00:00:00,-3.639
2003-11-14 00:00:00,-5.897
2003-11-15 00:00:00,-6.546
2003-11-16 00:00:00,-6.634
2003-11-17 00:00:00,-6.596
2003-11-18 00:00:00,-6.967
2003-11-19 00:00:00,-6.955
2003-11-20 00:00:00,-5.697
2003-11-21 00:00:00,-3.152
2003-11-22 00:00:00,-3.067
2003-11-23 00:00:00,-3.355
2003-11-24 00:00:00,-3.604
2003-11-25 00:00:00,-4.542
2003-11-26 00:00:00,-4.676
2003-11-27 00:00:00,-5.284
2003-11-28 00:00:00,-4.466
2003-11-29 00:00:00,-5.589
2003-11-30 00:00:00,-6.993
2003-12-01 00:00:00,-7.55
2003-12-02 00:00:00,-8.245
2003-12-03 00:00:00,-8.331
2003-12-04 00:00:00,-9.573
2003-12-05 00:00:00,-10.273
2003-12-06 00:00:00,-10.598
2003-12-07 00:00:00,-10.423
2003-12-08 00:00:00,-10.766
2003-12-09 00:00:00,-10.956
2003-12-10 00:00:00,-9.76
2003-12-11 00:00:00,-9.523
2003-12-12 00:00:00,-10.829
2003-12-13 00:00:00,-10.778
2003-12-14 00:00:00,-9.335
2003-12-15 00:00:00,-9.823
2003-12-16 00:00:00,-11.394
2003-12-17 00:00:00,-11.32
2003-12-18 00:00:00,-11.52
2003-12-19 00:00:00,-12.11
2003-12-20 00:00:00,-12.188
2003-12-21 00:00:00,-10.424
2003-12-22 00:00:00,-10.373
2003-12-23 00:00:00,-9.973
2003-12-24 00:00:00,-9.785
2003-12-25 00:00:00,-9.848
2003-12-26 00:00:00,-9.935
2003-12-27 00:00:00,-10.223
2003-12-28 00:00:00,-11.761
2003-12-29 00:00:00,-11.27
2003-12-30 00:00:00,-9.785
2003-12-31 00:00:00,-8.8
2004-01-01 00:00:00,-9.539
2004-01-02 00:00:00,-10.276
2004-01-03 00:00:00,-8.828
2004-01-04 00:00:00,-8.358
2004-01-05 00:00:00,-8.083
2004-01-06 00:00:00,-9.136
2004-01-07 00:00:00,-10.235
2004-01-08 00:00:00,-11.219
2004-01-09 00:00:00,-12.059
2004-01-10 00:00:00,-12.884
2004-01-11 00:00:00,-12.2
2004-01-12 00:00:00,-11.333
2004-01-13 00:00:00,-11.208
2004-01-14 00:00:00,-11.608
2004-01-15 00:00:00,-12.263
2004-01-16 00:00:00,-13.151
2004-01-17 00:00:00,-13.637
2004-01-18 00:00:00,-13.611
2004-01-19 00:00:00,-12.983
2004-01-20 00:00:00,-12.692
2004-01-21 00:00:00,-14.153
2004-01-22 00:00:00,-15.691
2004-01-23 00:00:00,-16.468
2004-01-24 00:00:00,-16.322
2004-01-25 00:00:00,-15.496
2004-01-26 00:00:00,-15.47
2004-01-27 00:00:00,-15.47
2004-01-28 00:00:00,-15.821
2004-01-29 00:00:00,-16.126
2004-01-30 00:00:00,-15.088
2004-01-31 00:00:00,-14.72
2004-02-01 00:00:00,-15.889
2004-02-02 00:00:00,-15.914
2004-02-03 00:00:00,-15.808
2004-02-04 00:00:00,-15.86
2004-02-05 00:00:00,-15.288
2004-02-06 00:00:00,-15.379
2004-02-07 00:00:00,-15.795
2004-02-08 00:00:00,-16.849
2004-02-09 00:00:00,-17.977
2004-02-10 00:00:00,-16.809
2004-02-11 00:00:00,-15.809
2004-02-12 00:00:00,-15.587
2004-02-13 00:00:00,-16.258
2004-02-14 00:00:00,-17.138
2004-02-15 00:00:00,-18.617
2004-02-16 00:00:00,-18.478
2004-02-17 00:00:00,-19.14
2004-02-18 00:00:00,-20.284
2004-02-19 00:00:00,-21.345
2004-02-20 00:00:00,-21.457
2004-02-21 00:00:00,-20.761
2004-02-22 00:00:00,-19.598
2004-02-23 00:00:00,-18.521
2004-02-24 00:00:00,-18.178
2004-02-25 00:00:00,-18.45
2004-02-26 00:00:00,-19.155
2004-02-27 00:00:00,-20.804
2004-02-28 00:00:00,-20.875
2004-02-29 00:00:00,-20.848
2004-03-01 00:00:00,-20.918
2004-03-02 00:00:00,-19.709
2004-03-03 00:00:00,-19.223
2004-03-04 00:00:00,-20.128
2004-03-05 00:00:00,-20.507
2004-03-06 00:00:00,-21.558
2004-03-07 00:00:00,-22.707
2004-03-08 00:00:00,-21.686
2004-03-09 00:00:00,-21.687
2004-03-10 00:00:00,-21.716
2004-03-11 00:00:00,-20.101
2004-03-12 00:00:00,-19.293
2004-03-13 00:00:00,-19.21
2004-03-14 00:00:00,-18.631
2004-03-15 00:00:00,-18.645
2004-03-16 00:00:00,-18.398
2004-03-17 00:00:00,-18.356
2004-03-18 00:00:00,-18.509
2004-03-19 00:00:00,-19.14
2004-03-20 00:00:00,-18.553
2004-03-21 00:00:00,-16.282
2004-03-22 00:00:00,-15.154
2004-03-23 00:00:00,-14.68
2004-03-24 00:00:00,-15.167
2004-03-25 00:00:00,-15.821
2004-03-26 00:00:00,-15.99
2004-03-27 00:00:00,-16.218
2004-03-28 00:00:00,-16.611
2004-03-29 00:00:00,-16.871
2004-03-30 00:00:00,-16.728
2004-03-31 00:00:00,-16.39
2004-04-01 00:00:00,-16.085
2004-04-02 00:00:00,-15.99
2004-04-03 00:00:00,-15.99
2004-04-04 00:00:00,-15.99
2004-04-05 00:00:00,-15.99
2004-04-06 00:00:00,-15.873
2004-04-07 00:00:00,-15.691
2004-04-08 00:00:00,-15.47
2004-04-09 00:00:00,-15.115
2004-04-10 00:00:00,-14.719
2004-04-11 00:00:00,-14.42
2004-04-12 00:00:00,-14.42
2004-04-13 00:00:00,-14.42
2004-04-14 00:00:00,-14.42
2004-04-15 00:00:00,-14.42
2004-04-16 00:00:00,-14.22
2004-04-17 00:00:00,-14.257
2004-04-18 00:00:00,-14.42
2004-04-19 00:00:00,-14.307
2004-04-20 00:00:00,-14.27
2004-04-21 00:00:00,-14.17
2004-04-22 00:00:00,-14.17
2004-04-23 00:00:00,-14.17
2004-04-24 00:00:00,-14.157
2004-04-25 00:00:00,-13.91
2004-04-26 00:00:00,-13.871
2004-04-27 00:00:00,-13.251
2004-04-28 00:00:00,-12.364
2004-04-29 00:00:00,-11.62
2004-04-30 00:00:00,-11.183
2004-05-01 00:00:00,-11.033
2004-05-02 00:00:00,-10.87
2004-05-03 00:00:00,-10.753
2004-05-04 00:00:00,-10.56
2004-05-05 00:00:00,-10.74
2004-05-06 00:00:00,-10.779
2004-05-07 00:00:00,-10.995
2004-05-08 00:00:00,-11.233
2004-05-09 00:00:00,-11.195
2004-05-10 00:00:00,-10.754
2004-05-11 00:00:00,-9.823
2004-05-12 00:00:00,-8.022
2004-05-13 00:00:00,-6.83
2004-05-14 00:00:00,-7.549
2004-05-15 00:00:00,-7.847
2004-05-16 00:00:00,-7.167
2004-05-17 00:00:00,-6.244
2004-05-18 00:00:00,-4.709
2004-05-19 00:00:00,-2.618
2004-05-20 00:00:00,-1.367
2004-05-21 00:00:00,-0.455
2004-05-22 00:00:00,-0.43
2004-05-23 00:00:00,-0.004
2004-05-24 00:00:00,-0.282
2004-05-25 00:00:00,-0.506
2004-05-26 00:00:00,-0.782
2004-05-27 00:00:00,-0.031
2004-05-28 00:00:00,0.319
2004-05-29 00:00:00,0.269
2004-05-30 00:00:00,0.205
2004-05-31 00:00:00,2.106
2004-06-01 00:00:00,0.938
2004-06-02 00:00:00,1.552
2004-06-03 00:00:00,3.857
2004-06-04 00:00:00,3.941
2004-06-05 00:00:00,4.296
2004-06-06 00:00:00,4.147
2004-06-07 00:00:00,3.946
2004-06-08 00:00:00,4.734
2004-06-09 00:00:00,2.807
2004-06-10 00:00:00,2.856
2004-06-11 00:00:00,3.727
2004-06-12 00:00:00,3.014
2004-06-13 00:00:00,6.809
2004-06-14 00:00:00,7.967
2004-06-15 00:00:00,9.597
2004-06-16 00:00:00,12.369
2004-06-17 00:00:00,12.674
2004-06-18 00:00:00,11.194
2004-06-19 00:00:00,10.213
2004-06-20 00:00:00,11.962
2004-06-21 00:00:00,10.601
2004-06-22 00:00:00,10.915
2004-06-23 00:00:00,12.158
2004-06-24 00:00:00,12.634
2004-06-25 00:00:00,9.607
2004-06-26 00:00:00,11.419
2004-06-27 00:00:00,12.943
2004-06-28 00:00:00,13.284
2004-06-29 00:00:00,10.723
2004-06-30 00:00:00,8.765
2004-07-01 00:00:00,11.148
2004-07-02 00:00:00,15.314
2004-07-03 00:00:00,14.075
2004-07-04 00:00:00,12.853
2004-07-05 00:00:00,11.379
2004-07-06 00:00:00,9.388
2004-07-07 00:00:00,7.886
2004-07-08 00:00:00,8.531
2004-07-09 00:00:00,7.594
2004-07-10 00:00:00,6.968
2004-07-11 00:00:00,10.759
2004-07-12 00:00:00,10.631
2004-07-13 00:00:00,11.037
2004-07-14 00:00:00,13.231
2004-07-15 00:00:00,11.859
2004-07-16 00:00:00,10.194
2004-07-17 00:00:00,11.626
2004-07-18 00:00:00,12.566
2004-07-19 00:00:00,10.279
2004-07-20 00:00:00,9.55
2004-07-21 00:00:00,9.668
2004-07-22 00:00:00,11.202
2004-07-23 00:00:00,13.054
2004-07-24 00:00:00,13.141
2004-07-25 00:00:00,12.796
2004-07-26 00:00:00,13.871
2004-07-27 00:00:00,12.412
2004-07-28 00:00:00,7.459
2004-07-29 00:00:00,7.643
2004-07-30 00:00:00,8.641
2004-07-31 00:00:00,7.378
2004-08-01 00:00:00,4.316
2004-08-02 00:00:00,5.821
2004-08-03 00:00:00,5.585
2004-08-04 00:00:00,8.29
2004-08-05 00:00:00,8.72
2004-08-06 00:00:00,11.525
2004-08-07 00:00:00,12.537
2004-08-08 00:00:00,13.628
2004-08-09 00:00:00,12.825
2004-08-10 00:00:00,12.399
2004-08-11 00:00:00,11.878
2004-08-12 00:00:00,10.252
2004-08-13 00:00:00,11.073
2004-08-14 00:00:00,10.834
2004-08-15 00:00:00,10.886
2004-08-16 00:00:00,12.62
2004-08-17 00:00:00,12.338
2004-08-18 00:00:00,14.396
2004-08-19 00:00:00,12.489
2004-08-20 00:00:00,10.091
2004-08-21 00:00:00,10.499
2004-08-22 00:00:00,9.577
2004-08-23 00:00:00,6.434
2004-08-24 00:00:00,5.216
2004-08-25 00:00:00,4.098
2004-08-26 00:00:00,3.881
2004-08-27 00:00:00,5.161
2004-08-28 00:00:00,4.454
2004-08-29 00:00:00,4.63
2004-08-30 00:00:00,4.238
2004-08-31 00:00:00,5.575
2004-09-01 00:00:00,4.847
2004-09-02 00:00:00,2.659
2004-09-03 00:00:00,-999
2004-09-04 00:00:00,1.53
2004-09-05 00:00:00,1.728
2004-09-06 00:00:00,1.486
2004-09-07 00:00:00,3.325
2004-09-08 00:00:00,4.516
2004-09-09 00:00:00,2.966
2004-09-10 00:00:00,1.147
2004-09-11 00:00:00,1.617
2004-09-12 00:00:00,0.645
2004-09-13 00:00:00,-0.308
2004-09-14 00:00:00,-0.095
2004-09-15 00:00:00,-0.62
2004-09-16 00:00:00,-0.445
2004-09-17 00:00:00,-0.291
2004-09-18 00:00:00,-0.761
2004-09-19 00:00:00,-1.654
2004-09-20 00:00:00,-0.607
2004-09-21 00:00:00,-0.457
2004-09-22 00:00:00,-0.894
2004-09-23 00:00:00,-0.37
2004-09-24 00:00:00,-1.182
2004-09-25 00:00:00,-1.704
2004-09-26 00:00:00,-2.445
2004-09-27 00:00:00,-3.084
2004-09-28 00:00:00,-2.028
2004-09-29 00:00:00,-0.582
2004-09-30 00:00:00,-0.707
2004-10-01 00:00:00,-0.745
2004-10-02 00:00:00,-1.208
2004-10-03 00:00:00,-1.308
2004-10-04 00:00:00,-0.858
2004-10-05 00:00:00,-0.445
2004-10-06 00:00:00,-0.282
2004-10-07 00:00:00,-0.382
2004-10-08 00:00:00,-0.558
2004-10-09 00:00:00,-0.845
2004-10-10 00:00:00,-0.708
2004-10-11 00:00:00,-0.67
2004-10-12 00:00:00,-1.195
2004-10-13 00:00:00,-2.144
2004-10-14 00:00:00,-1.57
2004-10-15 00:00:00,-1.47
2004-10-16 00:00:00,-2.105
2004-10-17 00:00:00,-2.564
2004-10-18 00:00:00,-2.761
2004-10-19 00:00:00,-1.444
2004-10-20 00:00:00,-1.695
2004-10-21 00:00:00,-1.894
2004-10-22 00:00:00,-3.318
2004-10-23 00:00:00,-2.824
2004-10-24 00:00:00,-2.85
2004-10-25 00:00:00,-2.726
2004-10-26 00:00:00,-1.67
2004-10-27 00:00:00,-1.458
2004-10-28 00:00:00,-1.608
2004-10-29 00:00:00,-1.82
2004-10-30 00:00:00,-2.417
2004-10-31 00:00:00,-3.11
2004-11-01 00:00:00,-3.715
2004-11-02 00:00:00,-2.789
2004-11-03 00:00:00,-3.319
2004-11-04 00:00:00,-4.974
2004-11-05 00:00:00,-5.161
2004-11-06 00:00:00,-5.891
2004-11-07 00:00:00,-5.865
2004-11-08 00:00:00,-6.276
2004-11-09 00:00:00,-6.224
2004-11-10 00:00:00,-6.064
2004-11-11 00:00:00,-6.533
2004-11-12 00:00:00,-7.809
2004-11-13 00:00:00,-7.374
2004-11-14 00:00:00,-5.915
2004-11-15 00:00:00,-4.588
2004-11-16 00:00:00,-4.938
2004-11-17 00:00:00,-3.494
2004-11-18 00:00:00,-5.098
2004-11-19 00:00:00,-4.961
2004-11-20 00:00:00,-4.28
2004-11-21 00:00:00,-5.643
2004-11-22 00:00:00,-6.103
2004-11-23 00:00:00,-6.164
2004-11-24 00:00:00,-6.188
2004-11-25 00:00:00,-6.818
2004-11-26 00:00:00,-5.359
2004-11-27 00:00:00,-5.546
2004-11-28 00:00:00,-6.051
2004-11-29 00:00:00,-6.238
2004-11-30 00:00:00,-5.694
2004-12-01 00:00:00,-5.184
2004-12-02 00:00:00,-6.497
2004-12-03 00:00:00,-9.253
2004-12-04 00:00:00,-10.178
2004-12-05 00:00:00,-11.34
2004-12-06 00:00:00,-12.202
2004-12-07 00:00:00,-12.178
2004-12-08 00:00:00,-12.126
2004-12-09 00:00:00,-13.486
2004-12-10 00:00:00,-13.283
2004-12-11 00:00:00,-13.334
2004-12-12 00:00:00,-14.556
2004-12-13 00:00:00,-15.7
2004-12-14 00:00:00,-15.362
2004-12-15 00:00:00,-16.545
2004-12-16 00:00:00,-14.9
2004-12-17 00:00:00,-12.622
2004-12-18 00:00:00,-11.988
2004-12-19 00:00:00,-12.395
2004-12-20 00:00:00,-12.585
2004-12-21 00:00:00,-12.09
2004-12-22 00:00:00,-12.521
2004-12-23 00:00:00,-12.98
2004-12-24 00:00:00,-15.468
2004-12-25 00:00:00,-13.193
2004-12-26 00:00:00,-9.828
2004-12-27 00:00:00,-11.812
2004-12-28 00:00:00,-14.634
2004-12-29 00:00:00,-15.273
2004-12-30 00:00:00,-11.96
2004-12-31 00:00:00,-10.103
2005-01-01 00:00:00,-11.722
2005-01-02 00:00:00,-10.718
2005-01-03 00:00:00,-8.191
2005-01-04 00:00:00,-8.499
2005-01-05 00:00:00,-9.315
2005-01-06 00:00:00,-10.195
2005-01-07 00:00:00,-7.065
2005-01-08 00:00:00,-6.695
2005-01-09 00:00:00,-8.796
2005-01-10 00:00:00,-10.941
2005-01-11 00:00:00,-12.332
2005-01-12 00:00:00,-12.573
2005-01-13 00:00:00,-13.194
2005-01-14 00:00:00,-14.413
2005-01-15 00:00:00,-15.193
2005-01-16 00:00:00,-15.427
2005-01-17 00:00:00,-16.108
2005-01-18 00:00:00,-15.583
2005-01-19 00:00:00,-14.673
2005-01-20 00:00:00,-14.842
2005-01-21 00:00:00,-14.842
2005-01-22 00:00:00,-14.426
2005-01-23 00:00:00,-14.218
2005-01-24 00:00:00,-13.794
2005-01-25 00:00:00,-13.322
2005-01-26 00:00:00,-13.537
2005-01-27 00:00:00,-14.725
2005-01-28 00:00:00,-15.375
2005-01-29 00:00:00,-14.504
2005-01-30 00:00:00,-13.5
2005-01-31 00:00:00,-13.437
2005-02-01 00:00:00,-14.387
2005-02-02 00:00:00,-14.283
2005-02-03 00:00:00,-15.624
2005-02-04 00:00:00,-16.639
2005-02-05 00:00:00,-16.929
2005-02-06 00:00:00,-16.953
2005-02-07 00:00:00,-15.778
2005-02-08 00:00:00,-15.674
2005-02-09 00:00:00,-15.375
2005-02-10 00:00:00,-14.907
2005-02-11 00:00:00,-14.92
2005-02-12 00:00:00,-15.297
2005-02-13 00:00:00,-16.24
2005-02-14 00:00:00,-15.96
2005-02-15 00:00:00,-15.362
2005-02-16 00:00:00,-13.832
2005-02-17 00:00:00,-14.155
2005-02-18 00:00:00,-13.731
2005-02-19 00:00:00,-15.128
2005-02-20 00:00:00,-16.36
2005-02-21 00:00:00,-15.571
2005-02-22 00:00:00,-15.011
2005-02-23 00:00:00,-16.702
2005-02-24 00:00:00,-17.482
2005-02-25 00:00:00,-17.189
2005-02-26 00:00:00,-16.994
2005-02-27 00:00:00,-16.798
2005-02-28 00:00:00,-16.809
2005-03-01 00:00:00,-17.457
2005-03-02 00:00:00,-18.195
2005-03-03 00:00:00,-18.873
2005-03-04 00:00:00,-19.082
2005-03-05 00:00:00,-19.315
2005-03-06 00:00:00,-18.306
2005-03-07 00:00:00,-16.69
2005-03-08 00:00:00,-16.519
2005-03-09 00:00:00,-15.896
2005-03-10 00:00:00,-15.83
2005-03-11 00:00:00,-15.832
2005-03-12 00:00:00,-14.547
2005-03-13 00:00:00,-13.169
2005-03-14 00:00:00,-12.269
2005-03-15 00:00:00,-13.513
2005-03-16 00:00:00,-13.83
2005-03-17 00:00:00,-13.822
2005-03-18 00:00:00,-13.639
2005-03-19 00:00:00,-13.209
2005-03-20 00:00:00,-13.753
2005-03-21 00:00:00,-13.857
2005-03-22 00:00:00,-13.844
2005-03-23 00:00:00,-13.769
2005-03-24 00:00:00,-13.487
2005-03-25 00:00:00,-14.193
2005-03-26 00:00:00,-15.388
2005-03-27 00:00:00,-15.492
2005-03-28 00:00:00,-15.518
2005-03-29 00:00:00,-15.752
2005-03-30 00:00:00,-15.99
2005-03-31 00:00:00,-16.027
2005-04-01 00:00:00,-16.624
2005-04-02 00:00:00,-16.611
2005-04-03 00:00:00,-16.506
2005-04-04 00:00:00,-16.2
2005-04-05 00:00:00,-16.16
2005-04-06 00:00:00,-15.336
2005-04-07 00:00:00,-15.167
2005-04-08 00:00:00,-14.426
2005-04-09 00:00:00,-13.869
2005-04-10 00:00:00,-13.602
2005-04-11 00:00:00,-13.398
2005-04-12 00:00:00,-13.448
2005-04-13 00:00:00,-13.436
2005-04-14 00:00:00,-13.921
2005-04-15 00:00:00,-13.958
2005-04-16 00:00:00,-14.166
2005-04-17 00:00:00,-13.844
2005-04-18 00:00:00,-13.728
2005-04-19 00:00:00,-13.589
2005-04-20 00:00:00,-13.486
2005-04-21 00:00:00,-13.029
2005-04-22 00:00:00,-12.368
2005-04-23 00:00:00,-10.015
2005-04-24 00:00:00,-9.49
2005-04-25 00:00:00,-9.928
2005-04-26 00:00:00,-9.668
2005-04-27 00:00:00,-7.916
2005-04-28 00:00:00,-7.731
2005-04-29 00:00:00,-6.594
2005-04-30 00:00:00,-5.892
2005-05-01 00:00:00,-6.349
2005-05-02 00:00:00,-6.645
2005-05-03 00:00:00,-7.226
2005-05-04 00:00:00,-7.326
2005-05-05 00:00:00,-7.335
2005-05-06 00:00:00,-7.385
2005-05-07 00:00:00,-7.423
2005-05-08 00:00:00,-7.709
2005-05-09 00:00:00,-7.276
2005-05-10 00:00:00,-6.669
2005-05-11 00:00:00,-6.88
2005-05-12 00:00:00,-7.078
2005-05-13 00:00:00,-5.212
2005-05-14 00:00:00,-4.715
2005-05-15 00:00:00,-5.103
2005-05-16 00:00:00,-5.459
2005-05-17 00:00:00,-5.359
2005-05-18 00:00:00,-4.852
2005-05-19 00:00:00,-3.996
2005-05-20 00:00:00,-3.281
2005-05-21 00:00:00,-2.701
2005-05-22 00:00:00,-2.23
2005-05-23 00:00:00,-1.843
2005-05-24 00:00:00,-0.92
2005-05-25 00:00:00,-0.458
2005-05-26 00:00:00,-0.308
2005-05-27 00:00:00,-0.245
2005-05-28 00:00:00,-0.057
2005-05-29 00:00:00,-0.045
2005-05-30 00:00:00,0.093
2005-05-31 00:00:00,-0.17
2005-06-01 00:00:00,-0.407
2005-06-02 00:00:00,0.033
2005-06-03 00:00:00,0.28
2005-06-04 00:00:00,0.677
2005-06-05 00:00:00,1.275
2005-06-06 00:00:00,0.88
2005-06-07 00:00:00,3.74
2005-06-08 00:00:00,2.587
2005-06-09 00:00:00,4.521
2005-06-10 00:00:00,3.139
2005-06-11 00:00:00,3.353
2005-06-12 00:00:00,1.568
2005-06-13 00:00:00,2.122
2005-06-14 00:00:00,4.648
2005-06-15 00:00:00,5.503
2005-06-16 00:00:00,6.875
2005-06-17 00:00:00,4.946
2005-06-18 00:00:00,5.519
2005-06-19 00:00:00,6.224
2005-06-20 00:00:00,6.775
2005-06-21 00:00:00,5.444
2005-06-22 00:00:00,3.109
2005-06-23 00:00:00,4.745
2005-06-24 00:00:00,6.05
2005-06-25 00:00:00,8.154
2005-06-26 00:00:00,11.848
2005-06-27 00:00:00,13.074
2005-06-28 00:00:00,16.239
2005-06-29 00:00:00,13.99
2005-06-30 00:00:00,8.799
2005-07-01 00:00:00,9.307
2005-07-02 00:00:00,5.349
2005-07-03 00:00:00,4.116
2005-07-04 00:00:00,5.548
2005-07-05 00:00:00,5.613
2005-07-06 00:00:00,5.575
2005-07-07 00:00:00,7.518
2005-07-08 00:00:00,5.212
2005-07-09 00:00:00,9.293
2005-07-10 00:00:00,6.993
2005-07-11 00:00:00,6.201
2005-07-12 00:00:00,7.737
2005-07-13 00:00:00,10.62
2005-07-14 00:00:00,11.529
2005-07-15 00:00:00,12.305
2005-07-16 00:00:00,10.091
2005-07-17 00:00:00,7.107
2005-07-18 00:00:00,7.997
2005-07-19 00:00:00,5.09
2005-07-20 00:00:00,5.635
2005-07-21 00:00:00,8.462
2005-07-22 00:00:00,8.731
2005-07-23 00:00:00,7.623
2005-07-24 00:00:00,8.637
2005-07-25 00:00:00,9.299
2005-07-26 00:00:00,10.096
2005-07-27 00:00:00,8.08
2005-07-28 00:00:00,7.492
2005-07-29 00:00:00,5.082
2005-07-30 00:00:00,5.179
2005-07-31 00:00:00,6.044
2005-08-01 00:00:00,6.728
2005-08-02 00:00:00,7.365
2005-08-03 00:00:00,10.306
2005-08-04 00:00:00,11.418
2005-08-05 00:00:00,10.63
2005-08-06 00:00:00,12.022
2005-08-07 00:00:00,10.616
2005-08-08 00:00:00,10.918
2005-08-09 00:00:00,15.008
2005-08-10 00:00:00,14.533
2005-08-11 00:00:00,13.172
2005-08-12 00:00:00,14.922
2005-08-13 00:00:00,13.744
2005-08-14 00:00:00,11.097
2005-08-15 00:00:00,10.51
2005-08-16 00:00:00,6.885
2005-08-17 00:00:00,3.699
2005-08-18 00:00:00,-999
2005-08-19 00:00:00,-999
2005-08-20 00:00:00,-999
2005-08-21 00:00:00,-999
2005-08-22 00:00:00,-999
2005-08-23 00:00:00,-999
2005-08-24 00:00:00,-999
2005-08-25 00:00:00,-999
2005-08-26 00:00:00,-999
2005-08-27 00:00:00,-999
2005-08-28 00:00:00,-999
2005-08-29 00:00:00,-999
2005-08-30 00:00:00,-999
2005-08-31 00:00:00,-999
2005-09-01 00:00:00,-999
2005-09-02 00:00:00,-999
2005-09-03 00:00:00,-999
2005-09-04 00:00:00,-999
2005-09-05 00:00:00,-999
2005-09-06 00:00:00,-999
2005-09-07 00:00:00,-999
2005-09-08 00:00:00,-999
2005-09-09 00:00:00,-999
2005-09-10 00:00:00,-999
2005-09-11 00:00:00,-999
2005-09-12 00:00:00,-999
2005-09-13 00:00:00,-999
2005-09-14 00:00:00,-999
2005-09-15 00:00:00,-999
2005-09-16 00:00:00,-999
2005-09-17 00:00:00,-999
2005-09-18 00:00:00,-999
2005-09-19 00:00:00,-999
2005-09-20 00:00:00,-999
2005-09-21 00:00:00,-999
2005-09-22 00:00:00,-999
2005-09-23 00:00:00,-999
2005-09-24 00:00:00,-999
2005-09-25 00:00:00,-999
2005-09-26 00:00:00,-999
2005-09-27 00:00:00,-999
2005-09-28 00:00:00,-999
2005-09-29 00:00:00,-999
2005-09-30 00:00:00,-999
2005-10-01 00:00:00,-999
2005-10-02 00:00:00,-999
2005-10-03 00:00:00,-999
2005-10-04 00:00:00,-999
2005-10-05 00:00:00,-999
2005-10-06 00:00:00,-999
2005-10-07 00:00:00,-999
2005-10-08 00:00:00,-999
2005-10-09 00:00:00,-999
2005-10-10 00:00:00,-999
2005-10-11 00:00:00,-999
2005-10-12 00:00:00,-999
2005-10-13 00:00:00,-999
2005-10-14 00:00:00,-999
2005-10-15 00:00:00,-999
2005-10-16 00:00:00,-999
2005-10-17 00:00:00,-999
2005-10-18 00:00:00,-999
2005-10-19 00:00:00,-999
2005-10-20 00:00:00,-999
2005-10-21 00:00:00,-999
2005-10-22 00:00:00,-999
2005-10-23 00:00:00,-999
2005-10-24 00:00:00,-999
2005-10-25 00:00:00,-999
2005-10-26 00:00:00,-999
2005-10-27 00:00:00,-999
2005-10-28 00:00:00,-999
2005-10-29 00:00:00,-999
2005-10-30 00:00:00,-999
2005-10-31 00:00:00,-999
2005-11-01 00:00:00,-999
2005-11-02 00:00:00,-999
2005-11-03 00:00:00,-999
2005-11-04 00:00:00,-999
2005-11-05 00:00:00,-999
2005-11-06 00:00:00,-999
2005-11-07 00:00:00,-999
2005-11-08 00:00:00,-999
2005-11-09 00:00:00,-999
2005-11-10 00:00:00,-999
2005-11-11 00:00:00,-999
2005-11-12 00:00:00,-999
2005-11-13 00:00:00,-999
2005-11-14 00:00:00,-999
2005-11-15 00:00:00,-999
2005-11-16 00:00:00,-999
2005-11-17 00:00:00,-999
2005-11-18 00:00:00,-999
2005-11-19 00:00:00,-999
2005-11-20 00:00:00,-999
2005-11-21 00:00:00,-999
2005-11-22 00:00:00,-999
2005-11-23 00:00:00,-999
2005-11-24 00:00:00,-999
2005-11-25 00:00:00,-999
2005-11-26 00:00:00,-999
2005-11-27 00:00:00,-999
2005-11-28 00:00:00,-999
2005-11-29 00:00:00,-999
2005-11-30 00:00:00,-999
2005-12-01 00:00:00,-999
2005-12-02 00:00:00,-999
2005-12-03 00:00:00,-999
2005-12-04 00:00:00,-999
2005-12-05 00:00:00,-999
2005-12-06 00:00:00,-999
2005-12-07 00:00:00,-999
2005-12-08 00:00:00,-999
2005-12-09 00:00:00,-999
2005-12-10 00:00:00,-999
2005-12-11 00:00:00,-999
2005-12-12 00:00:00,-999
2005-12-13 00:00:00,-999
2005-12-14 00:00:00,-999
2005-12-15 00:00:00,-999
2005-12-16 00:00:00,-999
2005-12-17 00:00:00,-999
2005-12-18 00:00:00,-999
2005-12-19 00:00:00,-999
2005-12-20 00:00:00,-999
2005-12-21 00:00:00,-999
2005-12-22 00:00:00,-999
2005-12-23 00:00:00,-999
2005-12-24 00:00:00,-999
2005-12-25 00:00:00,-999
2005-12-26 00:00:00,-999
2005-12-27 00:00:00,-999
2005-12-28 00:00:00,-999
2005-12-29 00:00:00,-999
2005-12-30 00:00:00,-999
2005-12-31 00:00:00,-999
2006-01-01 00:00:00,-999
2006-01-02 00:00:00,-999
2006-01-03 00:00:00,-999
2006-01-04 00:00:00,-999
2006-01-05 00:00:00,-999
2006-01-06 00:00:00,-999
2006-01-07 00:00:00,-999
2006-01-08 00:00:00,-999
2006-01-09 00:00:00,-999
2006-01-10 00:00:00,-999
2006-01-11 00:00:00,-999
2006-01-12 00:00:00,-999
2006-01-13 00:00:00,-999
2006-01-14 00:00:00,-999
2006-01-15 00:00:00,-999
2006-01-16 00:00:00,-999
2006-01-17 00:00:00,-999
2006-01-18 00:00:00,-999
2006-01-19 00:00:00,-999
2006-01-20 00:00:00,-999
2006-01-21 00:00:00,-999
2006-01-22 00:00:00,-999
2006-01-23 00:00:00,-999
2006-01-24 00:00:00,-999
2006-01-25 00:00:00,-999
2006-01-26 00:00:00,-999
2006-01-27 00:00:00,-999
2006-01-28 00:00:00,-999
2006-01-29 00:00:00,-999
2006-01-30 00:00:00,-999
2006-01-31 00:00:00,-999
2006-02-01 00:00:00,-999
2006-02-02 00:00:00,-999
2006-02-03 00:00:00,-999
2006-02-04 00:00:00,-999
2006-02-05 00:00:00,-999
2006-02-06 00:00:00,-999
2006-02-07 00:00:00,-999
2006-02-08 00:00:00,-999
2006-02-09 00:00:00,-999
2006-02-10 00:00:00,-999
2006-02-11 00:00:00,-999
2006-02-12 00:00:00,-999
2006-02-13 00:00:00,-999
2006-02-14 00:00:00,-999
2006-02-15 00:00:00,-999
2006-02-16 00:00:00,-999
2006-02-17 00:00:00,-999
2006-02-18 00:00:00,-999
2006-02-19 00:00:00,-999
2006-02-20 00:00:00,-999
2006-02-21 00:00:00,-999
2006-02-22 00:00:00,-999
2006-02-23 00:00:00,-999
2006-02-24 00:00:00,-999
2006-02-25 00:00:00,-999
2006-02-26 00:00:00,-999
2006-02-27 00:00:00,-999
2006-02-28 00:00:00,-999
2006-03-01 00:00:00,-999
2006-03-02 00:00:00,-999
2006-03-03 00:00:00,-999
2006-03-04 00:00:00,-999
2006-03-05 00:00:00,-999
2006-03-06 00:00:00,-999
2006-03-07 00:00:00,-999
2006-03-08 00:00:00,-999
2006-03-09 00:00:00,-999
2006-03-10 00:00:00,-999
2006-03-11 00:00:00,-999
2006-03-12 00:00:00,-999
2006-03-13 00:00:00,-999
2006-03-14 00:00:00,-999
2006-03-15 00:00:00,-999
2006-03-16 00:00:00,-999
2006-03-17 00:00:00,-999
2006-03-18 00:00:00,-999
2006-03-19 00:00:00,-999
2006-03-20 00:00:00,-999
2006-03-21 00:00:00,-999
2006-03-22 00:00:00,-999
2006-03-23 00:00:00,-999
2006-03-24 00:00:00,-999
2006-03-25 00:00:00,-999
2006-03-26 00:00:00,-999
2006-03-27 00:00:00,-999
2006-03-28 00:00:00,-999
2006-03-29 00:00:00,-999
2006-03-30 00:00:00,-999
2006-03-31 00:00:00,-999
2006-04-01 00:00:00,-999
2006-04-02 00:00:00,-999
2006-04-03 00:00:00,-999
2006-04-04 00:00:00,-999
2006-04-05 00:00:00,-999
2006-04-06 00:00:00,-999
2006-04-07 00:00:00,-999
2006-04-08 00:00:00,-999
2006-04-09 00:00:00,-999
2006-04-10 00:00:00,-999
2006-04-11 00:00:00,-999
2006-04-12 00:00:00,-999
2006-04-13 00:00:00,-999
2006-04-14 00:00:00,-999
2006-04-15 00:00:00,-999
2006-04-16 00:00:00,-999
2006-04-17 00:00:00,-999
2006-04-18 00:00:00,-999
2006-04-19 00:00:00,-999
2006-04-20 00:00:00,-999
2006-04-21 00:00:00,-999
2006-04-22 00:00:00,-999
2006-04-23 00:00:00,-999
2006-04-24 00:00:00,-999
2006-04-25 00:00:00,-999
2006-04-26 00:00:00,-999
2006-04-27 00:00:00,-999
2006-04-28 00:00:00,-999
2006-04-29 00:00:00,-999
2006-04-30 00:00:00,-999
2006-05-01 00:00:00,-999
2006-05-02 00:00:00,-999
2006-05-03 00:00:00,-999
2006-05-04 00:00:00,-999
2006-05-05 00:00:00,-999
2006-05-06 00:00:00,-999
2006-05-07 00:00:00,-999
2006-05-08 00:00:00,-999
2006-05-09 00:00:00,-999
2006-05-10 00:00:00,-999
2006-05-11 00:00:00,-999
2006-05-12 00:00:00,-999
2006-05-13 00:00:00,-999
2006-05-14 00:00:00,-999
2006-05-15 00:00:00,-999
2006-05-16 00:00:00,-999
2006-05-17 00:00:00,-999
2006-05-18 00:00:00,-999
2006-05-19 00:00:00,-999
2006-05-20 00:00:00,-999
2006-05-21 00:00:00,-999
2006-05-22 00:00:00,-999
2006-05-23 00:00:00,-999
2006-05-24 00:00:00,-999
2006-05-25 00:00:00,-999
2006-05-26 00:00:00,-999
2006-05-27 00:00:00,-999
2006-05-28 00:00:00,-999
2006-05-29 00:00:00,-999
2006-05-30 00:00:00,-999
2006-05-31 00:00:00,-999
2006-06-01 00:00:00,3.952
2006-06-02 00:00:00,3.657
2006-06-03 00:00:00,-1.458
2006-06-04 00:00:00,-0.667
2006-06-05 00:00:00,4.537
2006-06-06 00:00:00,4.415
2006-06-07 00:00:00,4.578
2006-06-08 00:00:00,5.978
2006-06-09 00:00:00,9.878
2006-06-10 00:00:00,12.267
2006-06-11 00:00:00,12.557
2006-06-12 00:00:00,10.718
2006-06-13 00:00:00,9.632
2006-06-14 00:00:00,11.127
2006-06-15 00:00:00,8.458
2006-06-16 00:00:00,5.025
2006-06-17 00:00:00,9.042
2006-06-18 00:00:00,8.225
2006-06-19 00:00:00,10.758
2006-06-20 00:00:00,11.862
2006-06-21 00:00:00,14.102
2006-06-22 00:00:00,14.62
2006-06-23 00:00:00,12.445
2006-06-24 00:00:00,17.155
2006-06-25 00:00:00,19.983
2006-06-26 00:00:00,11.355
2006-06-27 00:00:00,10.627
2006-06-28 00:00:00,12.06
2006-06-29 00:00:00,13.162
2006-06-30 00:00:00,11.978
2006-07-01 00:00:00,10.123
2006-07-02 00:00:00,5.785
2006-07-03 00:00:00,10.407
2006-07-04 00:00:00,9.165
2006-07-05 00:00:00,6.765
2006-07-06 00:00:00,5.602
2006-07-07 00:00:00,8.02
2006-07-08 00:00:00,8.613
2006-07-09 00:00:00,10.162
2006-07-10 00:00:00,11.582
2006-07-11 00:00:00,11.2
2006-07-12 00:00:00,11.802
2006-07-13 00:00:00,9.95
2006-07-14 00:00:00,11.187
2006-07-15 00:00:00,12.518
2006-07-16 00:00:00,10.597
2006-07-17 00:00:00,10.887
2006-07-18 00:00:00,14.633
2006-07-19 00:00:00,9.532
2006-07-20 00:00:00,10.207
2006-07-21 00:00:00,8.482
2006-07-22 00:00:00,7.198
2006-07-23 00:00:00,8.247
2006-07-24 00:00:00,14.017
2006-07-25 00:00:00,16.823
2006-07-26 00:00:00,17.392
2006-07-27 00:00:00,14.893
2006-07-28 00:00:00,16.248
2006-07-29 00:00:00,15.698
2006-07-30 00:00:00,15.065
2006-07-31 00:00:00,11.19
2006-08-01 00:00:00,9.415
2006-08-02 00:00:00,11.49
2006-08-03 00:00:00,12.362
2006-08-04 00:00:00,10.995
2006-08-05 00:00:00,8.822
2006-08-06 00:00:00,12.102
2006-08-07 00:00:00,9.533
2006-08-08 00:00:00,7.317
2006-08-09 00:00:00,9.873
2006-08-10 00:00:00,13.077
2006-08-11 00:00:00,8.398
2006-08-12 00:00:00,4.598
2006-08-13 00:00:00,5.71
2006-08-14 00:00:00,9.555
2006-08-15 00:00:00,10.017
2006-08-16 00:00:00,6.015
2006-08-17 00:00:00,2.917
2006-08-18 00:00:00,2.453
2006-08-19 00:00:00,4.112
2006-08-20 00:00:00,3.293
2006-08-21 00:00:00,5.85
2006-08-22 00:00:00,7.25
2006-08-23 00:00:00,5.12
2006-08-24 00:00:00,4.388
2006-08-25 00:00:00,2.96
2006-08-26 00:00:00,3.135
2006-08-27 00:00:00,3.138
2006-08-28 00:00:00,2.752
2006-08-29 00:00:00,3.912
2006-08-30 00:00:00,3.825
2006-08-31 00:00:00,2.7
2006-09-01 00:00:00,3.608
2006-09-02 00:00:00,3.738
2006-09-03 00:00:00,3.36
2006-09-04 00:00:00,3.532
2006-09-05 00:00:00,4.062
2006-09-06 00:00:00,6.117
2006-09-07 00:00:00,5.752
2006-09-08 00:00:00,4.44
2006-09-09 00:00:00,3.307
2006-09-10 00:00:00,3.212
2006-09-11 00:00:00,3.218
2006-09-12 00:00:00,2.498
2006-09-13 00:00:00,5.228
2006-09-14 00:00:00,4.753
2006-09-15 00:00:00,5.892
2006-09-16 00:00:00,6.382
2006-09-17 00:00:00,6.008
2006-09-18 00:00:00,5.525
2006-09-19 00:00:00,3.992
2006-09-20 00:00:00,2.698
2006-09-21 00:00:00,2.313
2006-09-22 00:00:00,1.933
2006-09-23 00:00:00,2.017
2006-09-24 00:00:00,2.232
2006-09-25 00:00:00,1.51
2006-09-26 00:00:00,0.833
2006-09-27 00:00:00,0.878
2006-09-28 00:00:00,0.5
2006-09-29 00:00:00,0.25
2006-09-30 00:00:00,0.25
2006-10-01 00:00:00,-0.25
2006-10-02 00:00:00,-0.042
2006-10-03 00:00:00,-0.167
2006-10-04 00:00:00,-0.125
2006-10-05 00:00:00,-999
2006-10-06 00:00:00,-0.375
2006-10-07 00:00:00,-0.208
2006-10-08 00:00:00,-0.875
2006-10-09 00:00:00,-0.792
2006-10-10 00:00:00,-999
2006-10-11 00:00:00,-999
2006-10-12 00:00:00,-999
2006-10-13 00:00:00,-0.792
2006-10-14 00:00:00,-1.875
2006-10-15 00:00:00,-1.583
2006-10-16 00:00:00,-1.788
2006-10-17 00:00:00,-1.75
2006-10-18 00:00:00,-2.162
2006-10-19 00:00:00,-2
2006-10-20 00:00:00,-2.04
2006-10-21 00:00:00,-2.412
2006-10-22 00:00:00,-1.25
2006-10-23 00:00:00,-0.875
2006-10-24 00:00:00,-0.792
2006-10-25 00:00:00,-0.917
2006-10-26 00:00:00,-1.125
2006-10-27 00:00:00,-2
2006-10-28 00:00:00,-1.75
2006-10-29 00:00:00,-2.658
2006-10-30 00:00:00,-2.74
2006-10-31 00:00:00,-2.083
2006-11-01 00:00:00,-2.247
2006-11-02 00:00:00,-1.458
2006-11-03 00:00:00,-0.958
2006-11-04 00:00:00,-1.748
2006-11-05 00:00:00,-1.417
2006-11-06 00:00:00,-1.5
2006-11-07 00:00:00,-1.625
2006-11-08 00:00:00,-1.915
2006-11-09 00:00:00,-2.865
2006-11-10 00:00:00,-3.07
2006-11-11 00:00:00,-3.852
2006-11-12 00:00:00,-3.81
2006-11-13 00:00:00,-3.728
2006-11-14 00:00:00,-3.77
2006-11-15 00:00:00,-4.053
2006-11-16 00:00:00,-4.095
2006-11-17 00:00:00,-4.802
2006-11-18 00:00:00,-5.252
2006-11-19 00:00:00,-5.585
2006-11-20 00:00:00,-6.04
2006-11-21 00:00:00,-5.877
2006-11-22 00:00:00,-5.752
2006-11-23 00:00:00,-4.76
2006-11-24 00:00:00,-4.967
2006-11-25 00:00:00,-6.04
2006-11-26 00:00:00,-6.04
2006-11-27 00:00:00,-6.08
2006-11-28 00:00:00,-5.213
2006-11-29 00:00:00,-3.81
2006-11-30 00:00:00,-4.305
2006-12-01 00:00:00,-3.975
2006-12-02 00:00:00,-3.113
2006-12-03 00:00:00,-3.237
2006-12-04 00:00:00,-4.387
2006-12-05 00:00:00,-3.81
2006-12-06 00:00:00,-3.73
2006-12-07 00:00:00,-3.73
2006-12-08 00:00:00,-4.388
2006-12-09 00:00:00,-5.585
2006-12-10 00:00:00,-6.247
2006-12-11 00:00:00,-6.492
2006-12-12 00:00:00,-6.2
2006-12-13 00:00:00,-6.615
2006-12-14 00:00:00,-7.232
2006-12-15 00:00:00,-7.315
2006-12-16 00:00:00,-9.008
2006-12-17 00:00:00,-10.67
2006-12-18 00:00:00,-10.67
2006-12-19 00:00:00,-10.795
2006-12-20 00:00:00,-11.255
2006-12-21 00:00:00,-11.047
2006-12-22 00:00:00,-11.298
2006-12-23 00:00:00,-11.892
2006-12-24 00:00:00,-13.16
2006-12-25 00:00:00,-12.867
2006-12-26 00:00:00,-12.145
2006-12-27 00:00:00,-12.483
2006-12-28 00:00:00,-14.015
2006-12-29 00:00:00,-13.713
2006-12-30 00:00:00,-12.992
2006-12-31 00:00:00,-12.608
2007-01-01 00:00:00,-13.117
2007-01-02 00:00:00,-14.23
2007-01-03 00:00:00,-14.62
2007-01-04 00:00:00,-14.36
2007-01-05 00:00:00,-13.927
2007-01-06 00:00:00,-14.187
2007-01-07 00:00:00,-14.403
2007-01-08 00:00:00,-14.75
2007-01-09 00:00:00,-15.183
2007-01-10 00:00:00,-14.143
2007-01-11 00:00:00,-14.057
2007-01-12 00:00:00,-15.84
2007-01-13 00:00:00,-16.06
2007-01-14 00:00:00,-15.315
2007-01-15 00:00:00,-14.577
2007-01-16 00:00:00,-14.967
2007-01-17 00:00:00,-15.97
2007-01-18 00:00:00,-15.357
2007-01-19 00:00:00,-15.097
2007-01-20 00:00:00,-14.88
2007-01-21 00:00:00,-14.75
2007-01-22 00:00:00,-14.793
2007-01-23 00:00:00,-15.752
2007-01-24 00:00:00,-15.837
2007-01-25 00:00:00,-16.28
2007-01-26 00:00:00,-16.675
2007-01-27 00:00:00,-16.102
2007-01-28 00:00:00,-15.487
2007-01-29 00:00:00,-14.145
2007-01-30 00:00:00,-13.413
2007-01-31 00:00:00,-13.458
2007-02-01 00:00:00,-12.778
2007-02-02 00:00:00,-12.693
2007-02-03 00:00:00,-11.38
2007-02-04 00:00:00,-12.312
2007-02-05 00:00:00,-10.878
2007-02-06 00:00:00,-11.173
2007-02-07 00:00:00,-13.245
2007-02-08 00:00:00,-14.663
2007-02-09 00:00:00,-15.183
2007-02-10 00:00:00,-16.323
2007-02-11 00:00:00,-16.365
2007-02-12 00:00:00,-17.963
2007-02-13 00:00:00,-18.688
2007-02-14 00:00:00,-18.46
2007-02-15 00:00:00,-17.692
2007-02-16 00:00:00,-19.238
2007-02-17 00:00:00,-19.423
2007-02-18 00:00:00,-20.027
2007-02-19 00:00:00,-20.167
2007-02-20 00:00:00,-20.68
2007-02-21 00:00:00,-21.393
2007-02-22 00:00:00,-22.557
2007-02-23 00:00:00,-23.095
2007-02-24 00:00:00,-22.07
2007-02-25 00:00:00,-20.03
2007-02-26 00:00:00,-19.377
2007-02-27 00:00:00,-19.467
2007-02-28 00:00:00,-20.353
2007-03-01 00:00:00,-21.057
2007-03-02 00:00:00,-20.687
2007-03-03 00:00:00,-20.213
2007-03-04 00:00:00,-21.633
2007-03-05 00:00:00,-22.948
2007-03-06 00:00:00,-23.692
2007-03-07 00:00:00,-22.36
2007-03-08 00:00:00,-21.68
2007-03-09 00:00:00,-22.705
2007-03-10 00:00:00,-23.893
2007-03-11 00:00:00,-24.452
2007-03-12 00:00:00,-23.1
2007-03-13 00:00:00,-22.753
2007-03-14 00:00:00,-22.167
2007-03-15 00:00:00,-22.312
2007-03-16 00:00:00,-21.828
2007-03-17 00:00:00,-21.062
2007-03-18 00:00:00,-21.633
2007-03-19 00:00:00,-21.442
2007-03-20 00:00:00,-20.775
2007-03-21 00:00:00,-21.585
2007-03-22 00:00:00,-21.828
2007-03-23 00:00:00,-22.067
2007-03-24 00:00:00,-22.558
2007-03-25 00:00:00,-22.705
2007-03-26 00:00:00,-22.12
2007-03-27 00:00:00,-19.378
2007-03-28 00:00:00,-18.507
2007-03-29 00:00:00,-18.1
2007-03-30 00:00:00,-16.54
2007-03-31 00:00:00,-16.058
2007-04-01 00:00:00,-15.272
2007-04-02 00:00:00,-14.967
2007-04-03 00:00:00,-14.19
2007-04-04 00:00:00,-13.97
2007-04-05 00:00:00,-14.533
2007-04-06 00:00:00,-14.403
2007-04-07 00:00:00,-14.36
2007-04-08 00:00:00,-13.97
2007-04-09 00:00:00,-13.753
2007-04-10 00:00:00,-13.797
2007-04-11 00:00:00,-13.668
2007-04-12 00:00:00,-13.33
2007-04-13 00:00:00,-13.33
2007-04-14 00:00:00,-13.287
2007-04-15 00:00:00,-13.243
2007-04-16 00:00:00,-13.158
2007-04-17 00:00:00,-12.863
2007-04-18 00:00:00,-12.482
2007-04-19 00:00:00,-12.018
2007-04-20 00:00:00,-11.467
2007-04-21 00:00:00,-11.128
2007-04-22 00:00:00,-10.878
2007-04-23 00:00:00,-10.753
2007-04-24 00:00:00,-10.545
2007-04-25 00:00:00,-10.087
2007-04-26 00:00:00,-10.253
2007-04-27 00:00:00,-11.045
2007-04-28 00:00:00,-11.677
2007-04-29 00:00:00,-11.592
2007-04-30 00:00:00,-12.06
2007-05-01 00:00:00,-12.355
2007-05-02 00:00:00,-12.398
2007-05-03 00:00:00,-12.357
2007-05-04 00:00:00,-11.932
2007-05-05 00:00:00,-11.255
2007-05-06 00:00:00,-10.753
2007-05-07 00:00:00,-10.545
2007-05-08 00:00:00,-10.503
2007-05-09 00:00:00,-10.462
2007-05-10 00:00:00,-10.128
2007-05-11 00:00:00,-10.003
2007-05-12 00:00:00,-9.92
2007-05-13 00:00:00,-10.087
2007-05-14 00:00:00,-10.503
2007-05-15 00:00:00,-10.587
2007-05-16 00:00:00,-10.295
2007-05-17 00:00:00,-10.003
2007-05-18 00:00:00,-9.795
2007-05-19 00:00:00,-9.295
2007-05-20 00:00:00,-8.795
2007-05-21 00:00:00,-8.463
2007-05-22 00:00:00,-8.178
2007-05-23 00:00:00,-7.482
2007-05-24 00:00:00,-5.175
2007-05-25 00:00:00,-2.905
2007-05-26 00:00:00,-3.073
2007-05-27 00:00:00,-3.235
2007-05-28 00:00:00,-2.118
2007-05-29 00:00:00,-1.167
2007-05-30 00:00:00,-0.75
2007-05-31 00:00:00,-0.875
